source,family,workload,operations_kind,operations,threads,implementation,throughput_total_mops_median,wall_time_ns_median,throughput_vs_new_delete,throughput_vs_lock_based,latency_speedup_vs_new_delete,latency_speedup_vs_lock_based
libVentra_deque_concurrent_deque_benchmark.json,arena,AllocateReleaseUnpublished,operations,512.0,1,mmap,320.04227137223256,3199.577347206812,1.6135564544429732,,1.6135564570976848,
libVentra_deque_concurrent_deque_benchmark.json,arena,AllocateReleaseUnpublished,operations,512.0,1,new/delete,198.34587782223988,5162.698688569033,1.0,,1.0,
libVentra_deque_concurrent_deque_benchmark.json,arena,AllocateReleaseUnpublished,operations,512.0,1,std::allocator,197.85125787148877,5175.6052101255555,0.9975062756222521,,0.9975062778105115,
libVentra_deque_concurrent_deque_benchmark.json,arena,AllocateReleaseUnpublished,operations,1024.0,1,mmap,323.8188854148914,6324.5230364540075,1.6382277136999606,,1.6382277137171846,
libVentra_deque_concurrent_deque_benchmark.json,arena,AllocateReleaseUnpublished,operations,1024.0,1,new/delete,197.66414809546947,10361.008914361715,1.0,,1.0,
libVentra_deque_concurrent_deque_benchmark.json,arena,AllocateReleaseUnpublished,operations,1024.0,1,std::allocator,197.91582649350488,10347.833422186988,1.001273262756349,,1.0012732609462458,
libVentra_deque_concurrent_deque_benchmark.json,arena,AllocateReleaseUnpublished,operations,2048.0,1,mmap,319.6426736210094,12814.309066288663,1.5992270615313944,,1.5992647649497238,
libVentra_deque_concurrent_deque_benchmark.json,arena,AllocateReleaseUnpublished,operations,2048.0,1,new/delete,199.87322707941465,20493.47297689125,1.0,,1.0,
libVentra_deque_concurrent_deque_benchmark.json,arena,AllocateReleaseUnpublished,operations,2048.0,1,std::allocator,197.91679630365007,20695.565539491847,0.9902116416272839,,0.9902349823581792,
libVentra_deque_concurrent_deque_benchmark.json,arena,AllocateReleaseUnpublished,operations,4096.0,1,mmap,322.9274926786652,25367.923715954512,1.6062033705117518,,1.6062033765494246,
libVentra_deque_concurrent_deque_benchmark.json,arena,AllocateReleaseUnpublished,operations,4096.0,1,new/delete,201.05018991198943,40746.04472861436,1.0,,1.0,
libVentra_deque_concurrent_deque_benchmark.json,arena,AllocateReleaseUnpublished,operations,4096.0,1,std::allocator,197.70713384413006,41435.02882894426,0.9833720322804828,,0.9833719410894047,
libVentra_deque_concurrent_deque_benchmark.json,arena,AllocateReleaseUnpublished,operations,8192.0,1,mmap,323.0500049428409,50716.60867025752,1.629732852950183,,1.6297327852340782,
libVentra_deque_concurrent_deque_benchmark.json,arena,AllocateReleaseUnpublished,operations,8192.0,1,new/delete,198.2226745678273,82654.51990580559,1.0,,1.0,
libVentra_deque_concurrent_deque_benchmark.json,arena,AllocateReleaseUnpublished,operations,8192.0,1,std::allocator,197.62931437157903,82902.69090264372,0.9970065977691909,,0.9970064783888671,
libVentra_deque_concurrent_deque_benchmark.json,arena,AllocateReleaseUnpublished,operations,16384.0,1,mmap,322.6836661153567,101548.36903020485,1.6279382940625873,,1.6279382942493643,
libVentra_deque_concurrent_deque_benchmark.json,arena,AllocateReleaseUnpublished,operations,16384.0,1,new/delete,198.21615308900084,165314.47866283666,1.0,,1.0,
libVentra_deque_concurrent_deque_benchmark.json,arena,AllocateReleaseUnpublished,operations,16384.0,1,std::allocator,197.8359326121458,165632.2009033733,0.998081788638667,,0.9980817604378631,
libVentra_deque_concurrent_deque_benchmark.json,arena,AllocateReleaseUnpublished,operations,32768.0,1,mmap,323.74709520489307,202429.6154961614,1.6332279328259292,,1.633227934216006,
libVentra_deque_concurrent_deque_benchmark.json,arena,AllocateReleaseUnpublished,operations,32768.0,1,new/delete,198.22529892978406,330613.7027409361,1.0,,1.0,
libVentra_deque_concurrent_deque_benchmark.json,arena,AllocateReleaseUnpublished,operations,32768.0,1,std::allocator,197.9471890580998,331078.20557634527,0.9985970011235409,,0.9985969996587345,
libVentra_deque_concurrent_deque_benchmark.json,arena,AllocateReleaseUnpublished,operations,49152.0,1,mmap,324.2736259181386,303151.3886955271,1.635499229267701,,1.6354992533807748,
libVentra_deque_concurrent_deque_benchmark.json,arena,AllocateReleaseUnpublished,operations,49152.0,1,new/delete,198.27195275618254,495803.86987287964,1.0,,1.0,
libVentra_deque_concurrent_deque_benchmark.json,arena,AllocateReleaseUnpublished,operations,49152.0,1,std::allocator,197.67575721197193,497299.2227723866,0.9969930414467458,,0.9969930520076614,
libVentra_deque_concurrent_deque_benchmark.json,arena,AllocateReleaseUnpublished,operations,61440.0,1,mmap,324.73891380745556,378396.28941694205,1.6380140380115398,,1.6380140490215216,
libVentra_deque_concurrent_deque_benchmark.json,arena,AllocateReleaseUnpublished,operations,61440.0,1,new/delete,198.25160607394488,619818.4381625648,1.0,,1.0,
libVentra_deque_concurrent_deque_benchmark.json,arena,AllocateReleaseUnpublished,operations,61440.0,1,std::allocator,197.67086876513548,621639.3994662995,0.9970707056537398,,0.9970707112430486,
libVentra_deque_concurrent_deque_benchmark.json,arena,AllocateRetireReclaim,operations,512.0,1,mmap,49.985735444449524,20485.844430102792,1.2435432131421933,,1.2435432152635777,
libVentra_deque_concurrent_deque_benchmark.json,arena,AllocateRetireReclaim,operations,512.0,1,new/delete,40.19621909088727,25475.03284999948,1.0,,1.0,
libVentra_deque_concurrent_deque_benchmark.json,arena,AllocateRetireReclaim,operations,512.0,1,std::allocator,40.3949074126422,25349.730444507826,1.0049429604636615,,1.0049429482402563,
libVentra_deque_concurrent_deque_benchmark.json,arena,AllocateRetireReclaim,operations,1024.0,1,mmap,49.127439231978386,41687.50859804239,1.2310937142798717,,1.2310933992610877,
libVentra_deque_concurrent_deque_benchmark.json,arena,AllocateRetireReclaim,operations,1024.0,1,new/delete,39.90552356992212,51321.21666668983,1.0,,1.0,
libVentra_deque_concurrent_deque_benchmark.json,arena,AllocateRetireReclaim,operations,1024.0,1,std::allocator,39.808556498628235,51446.22619394729,0.9975700839728622,,0.997570093347835,
libVentra_deque_concurrent_deque_benchmark.json,arena,AllocateRetireReclaim,operations,2048.0,1,mmap,48.511472696017506,84433.63633164548,1.2229894574921547,,1.2229900300821412,
libVentra_deque_concurrent_deque_benchmark.json,arena,AllocateRetireReclaim,operations,2048.0,1,new/delete,39.66630488826491,103261.49543718368,1.0,,1.0,
libVentra_deque_concurrent_deque_benchmark.json,arena,AllocateRetireReclaim,operations,2048.0,1,std::allocator,39.28142330961361,104273.20755827105,0.9902970145634824,,0.990297487295363,
libVentra_deque_concurrent_deque_benchmark.json,arena,AllocateRetireReclaim,operations,4096.0,1,mmap,48.756446522457495,168018.94163889327,1.25099496985874,,1.2509941829675824,
libVentra_deque_concurrent_deque_benchmark.json,arena,AllocateRetireReclaim,operations,4096.0,1,new/delete,38.974134746491416,210190.7186186252,1.0,,1.0,
libVentra_deque_concurrent_deque_benchmark.json,arena,AllocateRetireReclaim,operations,4096.0,1,std::allocator,39.28618740578679,208521.1357397436,1.008006660348591,,1.0080067800942991,
libVentra_deque_concurrent_deque_benchmark.json,arena,AllocateRetireReclaim,operations,8192.0,1,mmap,48.657603213665894,336720.25168774027,1.2449805585856675,,1.2449818377351674,
libVentra_deque_concurrent_deque_benchmark.json,arena,AllocateRetireReclaim,operations,8192.0,1,new/delete,39.0830225244178,419210.59774885094,1.0,,1.0,
libVentra_deque_concurrent_deque_benchmark.json,arena,AllocateRetireReclaim,operations,8192.0,1,std::allocator,39.104753193358704,418977.20363859565,1.000556013008649,,1.0005570568236848,
libVentra_deque_concurrent_deque_benchmark.json,arena,AllocateRetireReclaim,operations,16384.0,1,mmap,49.618759132155816,660395.3944866369,1.284039033175775,,1.2840390353874802,
libVentra_deque_concurrent_deque_benchmark.json,arena,AllocateRetireReclaim,operations,16384.0,1,new/delete,38.642718679225226,847973.4653109557,1.0,,1.0,
libVentra_deque_concurrent_deque_benchmark.json,arena,AllocateRetireReclaim,operations,16384.0,1,std::allocator,38.655427476647006,847694.7584133891,1.000328879485092,,1.0003287821409774,
libVentra_deque_concurrent_deque_benchmark.json,arena,AllocateRetireReclaim,operations,32768.0,1,mmap,49.42514446676514,1325964.765267787,1.2731410660180698,,1.273141067086405,
libVentra_deque_concurrent_deque_benchmark.json,arena,AllocateRetireReclaim,operations,32768.0,1,new/delete,38.821420332743905,1688140.1961720048,1.0,,1.0,
libVentra_deque_concurrent_deque_benchmark.json,arena,AllocateRetireReclaim,operations,32768.0,1,std::allocator,38.7572043587362,1690937.257143603,0.9983458623240135,,0.9983458517104751,
libVentra_deque_concurrent_deque_benchmark.json,arena,AllocateRetireReclaim,operations,49152.0,1,mmap,49.427767194065744,1988841.9293793202,1.262867394297479,,1.2628671913672977,
libVentra_deque_concurrent_deque_benchmark.json,arena,AllocateRetireReclaim,operations,49152.0,1,new/delete,39.139316936408775,2511643.22142878,1.0,,1.0,
libVentra_deque_concurrent_deque_benchmark.json,arena,AllocateRetireReclaim,operations,49152.0,1,std::allocator,38.91047490345308,2526414.864660251,0.9941531418821767,,0.9941531205194767,
libVentra_deque_concurrent_deque_benchmark.json,arena,AllocateRetireReclaim,operations,61440.0,1,mmap,49.26670354551966,2494179.9892086047,1.2587625264302564,,1.2587622590189393,
libVentra_deque_concurrent_deque_benchmark.json,arena,AllocateRetireReclaim,operations,61440.0,1,new/delete,39.13899763542838,3139579.637616057,1.0,,1.0,
libVentra_deque_concurrent_deque_benchmark.json,arena,AllocateRetireReclaim,operations,61440.0,1,std::allocator,38.494666198866376,3192130.560185652,0.983537354672089,,0.9835373517533885,
libVentra_deque_concurrent_deque_benchmark.json,arena,ConstructDestroy,,,1,mmap,0.0013744923250108686,727541.3537343192,0.2028759597281323,,0.20287598750329927,
libVentra_deque_concurrent_deque_benchmark.json,arena,ConstructDestroy,,,1,new/delete,0.006775037943641931,147600.67058833718,1.0,,1.0,
libVentra_deque_concurrent_deque_benchmark.json,arena,ConstructDestroy,,,1,std::allocator,0.006891630430119494,145103.54413597606,1.0172091267159589,,1.0172092726420319,
libVentra_deque_concurrent_deque_benchmark.json,barrier,BarrierOverhead,,,1,barrier,,14.283327983061735,,,,
libVentra_deque_concurrent_deque_benchmark.json,barrier,BarrierOverhead,,,2,barrier,,1225.4097121253326,,,,
libVentra_deque_concurrent_deque_benchmark.json,barrier,BarrierOverhead,,,4,barrier,,1084.1295996503131,,,,
libVentra_deque_concurrent_deque_benchmark.json,barrier,BarrierOverhead,,,8,barrier,,1469.3687680886167,,,,
libVentra_deque_concurrent_deque_benchmark.json,barrier,BarrierOverhead,,,12,barrier,,3526.036466929907,,,,
libVentra_deque_concurrent_deque_benchmark.json,barrier,BarrierOverhead,,,16,barrier,,7286.287485625778,,,,
libVentra_deque_concurrent_deque_benchmark.json,barrier,BarrierOverhead,,,24,barrier,,11678.706559550707,,,,
libVentra_deque_concurrent_deque_benchmark.json,barrier,BarrierOverhead,,,32,barrier,,17245.314509528005,,,,
libVentra_deque_concurrent_deque_benchmark.json,barrier,BarrierOverhead,,,48,barrier,,85046.55809041084,,,,
libVentra_deque_concurrent_deque_benchmark.json,barrier,BarrierOverhead,,,64,barrier,,119405.16574839567,,,,
libVentra_deque_concurrent_deque_benchmark.json,deque,ConcurrentPhasedPushBackPopFront,total_operations,8192.0,1,mmap,26.476555695741595,618811.6280706406,1.231740698992771,0.1602237361976966,1.2317407054526188,0.16022379674442006
libVentra_deque_concurrent_deque_benchmark.json,deque,ConcurrentPhasedPushBackPopFront,total_operations,8192.0,1,new/delete,21.495234928416522,762215.4713020144,1.0,0.13007911188508753,1.0,0.13007916035830266
libVentra_deque_concurrent_deque_benchmark.json,deque,ConcurrentPhasedPushBackPopFront,total_operations,8192.0,1,std::allocator,20.312054598283613,806614.7770273141,0.9449561573030888,0.12291905771233087,0.9449559975966122,0.12291908274290958
libVentra_deque_concurrent_deque_benchmark.json,deque,ConcurrentPhasedPushBackPopFront,total_operations,8192.0,1,std::deque + mutex,165.24739919354238,99148.34851907397,7.687629362686643,1.0,7.687626497937894,1.0
libVentra_deque_concurrent_deque_benchmark.json,deque,ConcurrentPhasedPushBackPopFront,total_operations,8192.0,2,mmap,8.356257051749475,1960686.4762576479,1.1208879435948058,0.2265707059309994,1.1208899466346576,0.22657070635984766
libVentra_deque_concurrent_deque_benchmark.json,deque,ConcurrentPhasedPushBackPopFront,total_operations,8192.0,2,new/delete,7.455033395176041,2197713.7597397296,1.0,0.20213501913881174,1.0,0.20213465830441252
libVentra_deque_concurrent_deque_benchmark.json,deque,ConcurrentPhasedPushBackPopFront,total_operations,8192.0,2,std::allocator,7.489749481664576,2187525.134848494,1.0046567311839274,0.2030763075857992,1.0046576035762629,0.20307612141181783
libVentra_deque_concurrent_deque_benchmark.json,deque,ConcurrentPhasedPushBackPopFront,total_operations,8192.0,2,std::deque + mutex,36.88145392588536,444234.11987589597,4.947188291570954,1.0,4.947197122890283,1.0
libVentra_deque_concurrent_deque_benchmark.json,deque,ConcurrentPhasedPushBackPopFront,total_operations,8192.0,4,mmap,4.854008681802107,3375356.651440816,1.033438681265062,0.1183892409915997,1.0334527293955094,0.11838927546191409
libVentra_deque_concurrent_deque_benchmark.json,deque,ConcurrentPhasedPushBackPopFront,total_operations,8192.0,4,new/delete,4.696948904467341,3488271.5441147983,1.0,0.11455855401761818,1.0,0.11455703013253711
libVentra_deque_concurrent_deque_benchmark.json,deque,ConcurrentPhasedPushBackPopFront,total_operations,8192.0,4,std::allocator,4.496805513808345,3643490.2755389134,0.9573886378732721,0.10967705798765913,0.9573983406882686,0.10967671056306702
libVentra_deque_concurrent_deque_benchmark.json,deque,ConcurrentPhasedPushBackPopFront,total_operations,8192.0,4,std::deque + mutex,41.00042065601656,399606.0283896307,8.729160459254821,1.0,8.729276578164141,1.0
libVentra_deque_concurrent_deque_benchmark.json,deque,ConcurrentPhasedPushBackPopFront,total_operations,8192.0,8,mmap,3.83186678711135,4275722.8281246275,1.0000613885432497,0.152303717405625,1.0000613727427934,0.15230371478365062
libVentra_deque_concurrent_deque_benchmark.json,deque,ConcurrentPhasedPushBackPopFront,total_operations,8192.0,8,new/delete,3.8316315688310705,4275985.240962014,1.0,0.15229436827621143,1.0,0.15229436806057076
libVentra_deque_concurrent_deque_benchmark.json,deque,ConcurrentPhasedPushBackPopFront,total_operations,8192.0,8,std::allocator,3.683636511732308,4447778.701922709,0.961375446871602,0.1464120663575711,0.9613754477293505,0.1464120662808897
libVentra_deque_concurrent_deque_benchmark.json,deque,ConcurrentPhasedPushBackPopFront,total_operations,8192.0,8,std::deque + mutex,25.159377934985507,651208.4701086372,6.566230986206476,1.0,6.566230995503908,1.0
libVentra_deque_concurrent_deque_benchmark.json,deque,ConcurrentPhasedPushBackPopFront,total_operations,8192.0,12,mmap,3.0919200720478375,5298973.128967875,0.9976035191126298,0.14756441459077155,0.9976046694198769,0.14756440849056984
libVentra_deque_concurrent_deque_benchmark.json,deque,ConcurrentPhasedPushBackPopFront,total_operations,8192.0,12,new/delete,3.0993475993329556,5286280.336588807,1.0,0.14791889940607905,1.0,0.14791872273049894
libVentra_deque_concurrent_deque_benchmark.json,deque,ConcurrentPhasedPushBackPopFront,total_operations,8192.0,12,std::allocator,2.9961056095284597,5468439.334656126,0.9666891219859574,0.1429915909919917,0.9666890337590673,0.1429914071512214
libVentra_deque_concurrent_deque_benchmark.json,deque,ConcurrentPhasedPushBackPopFront,total_operations,8192.0,12,std::deque + mutex,20.953019605861,781939.8353835684,6.7604613339821995,1.0,6.760469408743838,1.0
libVentra_deque_concurrent_deque_benchmark.json,deque,ConcurrentPhasedPushBackPopFront,total_operations,8192.0,16,mmap,3.233678884461108,5066689.913949473,1.0106691107423442,0.15291005401785202,1.0106661394852203,0.152909604342761
libVentra_deque_concurrent_deque_benchmark.json,deque,ConcurrentPhasedPushBackPopFront,total_operations,8192.0,16,new/delete,3.1995426100298507,5120731.935300017,1.0,0.1512958617143631,1.0,0.15129586157961622
libVentra_deque_concurrent_deque_benchmark.json,deque,ConcurrentPhasedPushBackPopFront,total_operations,8192.0,16,std::allocator,3.0848128276717177,5311181.589221043,0.9641418176465346,0.14587066711568478,0.9641417543870953,0.1458706574148783
libVentra_deque_concurrent_deque_benchmark.json,deque,ConcurrentPhasedPushBackPopFront,total_operations,8192.0,16,std::deque + mutex,21.147588399148567,774745.5500694716,6.6095661088730635,1.0,6.609566114759665,1.0
libVentra_deque_concurrent_deque_benchmark.json,deque,ConcurrentPhasedPushBackPopFront,total_operations,8192.0,24,mmap,3.1853173125500387,5143686.145540942,1.033832972037503,0.15431597906482217,1.0338157904981207,0.15431341276796715
libVentra_deque_concurrent_deque_benchmark.json,deque,ConcurrentPhasedPushBackPopFront,total_operations,8192.0,24,new/delete,3.0810753755244797,5317623.958626641,1.0,0.14926587102430336,1.0,0.1492658693998229
libVentra_deque_concurrent_deque_benchmark.json,deque,ConcurrentPhasedPushBackPopFront,total_operations,8192.0,24,std::allocator,3.1187953437396105,5253325.197626187,1.0122424684948546,0.15109325374767543,1.0122396308207817,0.15109282853541972
libVentra_deque_concurrent_deque_benchmark.json,deque,ConcurrentPhasedPushBackPopFront,total_operations,8192.0,24,std::deque + mutex,20.64152611967689,793739.7633257334,6.699455094039418,1.0,6.699455166950487,1.0
libVentra_deque_concurrent_deque_benchmark.json,deque,ConcurrentPhasedPushBackPopFront,total_operations,8192.0,32,mmap,3.138589838464598,5220193.110733815,1.027278707739796,0.1529100752032595,1.0272759103242597,0.1529096647434134
libVentra_deque_concurrent_deque_benchmark.json,deque,ConcurrentPhasedPushBackPopFront,total_operations,8192.0,32,new/delete,3.055246657813125,5362578.629897508,1.0,0.14884964912753823,1.0,0.14884965490444282
libVentra_deque_concurrent_deque_benchmark.json,deque,ConcurrentPhasedPushBackPopFront,total_operations,8192.0,32,std::allocator,3.053970475337693,5364819.595950515,0.9995822980536878,0.14878747433938977,0.9995822849188258,0.14878747815876167
libVentra_deque_concurrent_deque_benchmark.json,deque,ConcurrentPhasedPushBackPopFront,total_operations,8192.0,32,std::deque + mutex,20.525722940705833,798217.9784581838,6.718188493297517,1.0,6.718188232562388,1.0
libVentra_deque_concurrent_deque_benchmark.json,deque,ConcurrentPhasedPushBackPopFront,total_operations,8192.0,48,mmap,3.0823569457995856,5315448.270220109,1.0186517465828935,0.15419519984467944,1.018646265612743,0.15419418615740935
libVentra_deque_concurrent_deque_benchmark.json,deque,ConcurrentPhasedPushBackPopFront,total_operations,8192.0,48,new/delete,3.0259182847714845,5414561.530517429,1.0,0.15137185045029686,1.0,0.15137166979614597
libVentra_deque_concurrent_deque_benchmark.json,deque,ConcurrentPhasedPushBackPopFront,total_operations,8192.0,48,std::allocator,3.1069369109100857,5273361.582107681,1.0267748889804271,0.1554248149408654,1.0267760793966478,0.15542480964501074
libVentra_deque_concurrent_deque_benchmark.json,deque,ConcurrentPhasedPushBackPopFront,total_operations,8192.0,48,std::deque + mutex,19.98996693090601,819611.220088399,6.606248103760555,1.0,6.6062559879712754,1.0
libVentra_deque_concurrent_deque_benchmark.json,deque,ConcurrentPhasedPushBackPopFront,total_operations,8192.0,64,mmap,3.010710240577664,5441976.083007116,1.022552337792748,0.15438159814309707,1.0225391665818142,0.1543797701774596
libVentra_deque_concurrent_deque_benchmark.json,deque,ConcurrentPhasedPushBackPopFront,total_operations,8192.0,64,new/delete,2.944309185265271,5564633.688476262,1.0,0.1509767201514015,1.0,0.1509768771924176
libVentra_deque_concurrent_deque_benchmark.json,deque,ConcurrentPhasedPushBackPopFront,total_operations,8192.0,64,std::allocator,2.9633553849990886,5528871.462501264,1.0064688178229153,0.1519533610495622,1.0064682686543809,0.15195343619469762
libVentra_deque_concurrent_deque_benchmark.json,deque,ConcurrentPhasedPushBackPopFront,total_operations,8192.0,64,std::deque + mutex,19.501742933034166,840131.0170058704,6.623537714935034,1.0,6.62353082535623,1.0
libVentra_deque_concurrent_deque_benchmark.json,deque,ConcurrentPhasedPushBackPopFront,total_operations,32768.0,1,mmap,25.919026591693047,2528490.0499991635,1.2342134141354812,0.15783838997087382,1.234213752865986,0.15783838795539604
libVentra_deque_concurrent_deque_benchmark.json,deque,ConcurrentPhasedPushBackPopFront,total_operations,32768.0,1,new/delete,21.000441491594323,3120697.193693772,1.0,0.12788581631275941,1.0,0.1278857795814357
libVentra_deque_concurrent_deque_benchmark.json,deque,ConcurrentPhasedPushBackPopFront,total_operations,32768.0,1,std::allocator,20.78376817191141,3153230.8526810277,0.9896824397825332,0.12656634670199265,0.9896824366793208,0.1265663099527898
libVentra_deque_concurrent_deque_benchmark.json,deque,ConcurrentPhasedPushBackPopFront,total_operations,32768.0,1,std::deque + mutex,164.2124365084814,399092.7934531267,7.819475441704851,1.0,7.8194776876127605,1.0
libVentra_deque_concurrent_deque_benchmark.json,deque,ConcurrentPhasedPushBackPopFront,total_operations,32768.0,2,mmap,9.155396906977568,7158343.540818257,1.2057270664748656,0.24035885682523783,1.205699942953856,0.2403535453375383
libVentra_deque_concurrent_deque_benchmark.json,deque,ConcurrentPhasedPushBackPopFront,total_operations,32768.0,2,new/delete,7.593258177196622,8630814.398808677,1.0,0.19934764965338722,1.0,0.19934772887912214
libVentra_deque_concurrent_deque_benchmark.json,deque,ConcurrentPhasedPushBackPopFront,total_operations,32768.0,2,std::allocator,7.4460264799877365,8801476.339741409,0.9806102079274693,0.19548234017646035,0.9806098506267477,0.19548234663893735
libVentra_deque_concurrent_deque_benchmark.json,deque,ConcurrentPhasedPushBackPopFront,total_operations,32768.0,2,std::deque + mutex,38.09053274718457,1720533.2487797355,5.016362127864237,1.0,5.016360134237431,1.0
libVentra_deque_concurrent_deque_benchmark.json,deque,ConcurrentPhasedPushBackPopFront,total_operations,32768.0,4,mmap,4.64219586065164,14117473.595001685,1.0065312153842323,0.11432982375154918,1.0065308806271867,0.11432970296878782
libVentra_deque_concurrent_deque_benchmark.json,deque,ConcurrentPhasedPushBackPopFront,total_operations,32768.0,4,new/delete,4.612073415805125,14209673.1298081,1.0,0.11358795634361427,1.0,0.11358787412219984
libVentra_deque_concurrent_deque_benchmark.json,deque,ConcurrentPhasedPushBackPopFront,total_operations,32768.0,4,std::allocator,4.594501016853569,14264013.69021436,0.9961899134364738,0.11315517639737106,0.9961903737905454,0.11315514677986767
libVentra_deque_concurrent_deque_benchmark.json,deque,ConcurrentPhasedPushBackPopFront,total_operations,32768.0,4,std::deque + mutex,40.60354252569849,1614046.5627862478,8.803750258301204,1.0,8.803756630960294,1.0
libVentra_deque_concurrent_deque_benchmark.json,deque,ConcurrentPhasedPushBackPopFront,total_operations,32768.0,8,mmap,3.7126876721630664,17651925.134864062,1.0019465214894714,0.14909338000429476,1.0019483769030104,0.14909319377934266
libVentra_deque_concurrent_deque_benchmark.json,deque,ConcurrentPhasedPushBackPopFront,total_operations,32768.0,8,new/delete,3.7054748856694144,17686317.7380905,1.0,0.14880373034546382,1.0,0.14880326892707268
libVentra_deque_concurrent_deque_benchmark.json,deque,ConcurrentPhasedPushBackPopFront,total_operations,32768.0,8,std::allocator,3.6071099200392425,18168566.703946598,0.9734541540112471,0.14485360943716122,0.9734569614810978,0.14485357802820284
libVentra_deque_concurrent_deque_benchmark.json,deque,ConcurrentPhasedPushBackPopFront,total_operations,32768.0,8,std::deque + mutex,24.901760709000758,2631781.894710737,6.720261633753353,1.0,6.7202824723567876,1.0
libVentra_deque_concurrent_deque_benchmark.json,deque,ConcurrentPhasedPushBackPopFront,total_operations,32768.0,12,mmap,2.9604172850745023,22137419.8802143,1.0015661623062946,0.1456534547920356,1.0015715934204146,0.14565345394791976
libVentra_deque_concurrent_deque_benchmark.json,deque,ConcurrentPhasedPushBackPopFront,total_operations,32768.0,12,new/delete,2.955788041258886,22172210.903643,1.0,0.1454256945508633,1.0,0.14542490512386266
libVentra_deque_concurrent_deque_benchmark.json,deque,ConcurrentPhasedPushBackPopFront,total_operations,32768.0,12,std::allocator,3.002981773696673,21823672.280551262,1.015966548270385,0.14774764092266393,1.0159706679339364,0.1477474379929201
libVentra_deque_concurrent_deque_benchmark.json,deque,ConcurrentPhasedPushBackPopFront,total_operations,32768.0,12,std::deque + mutex,20.325074261378795,3224391.6670485567,6.876363926529128,1.0,6.876401254298709,1.0
libVentra_deque_concurrent_deque_benchmark.json,deque,ConcurrentPhasedPushBackPopFront,total_operations,32768.0,16,mmap,3.0717479213531824,21335104.066402268,1.0287210233623805,0.15080313851506214,1.0287200658521982,0.15080299804559869
libVentra_deque_concurrent_deque_benchmark.json,deque,ConcurrentPhasedPushBackPopFront,total_operations,32768.0,16,new/delete,2.9859873100611445,21947849.66015284,1.0,0.14659284207312223,1.0,0.1465928419707382
libVentra_deque_concurrent_deque_benchmark.json,deque,ConcurrentPhasedPushBackPopFront,total_operations,32768.0,16,std::allocator,3.025671051383207,21660138.553309426,1.013289989943477,0.14854105947005974,1.0132829762900781,0.14854003121493067
libVentra_deque_concurrent_deque_benchmark.json,deque,ConcurrentPhasedPushBackPopFront,total_operations,32768.0,16,std::deque + mutex,20.36925724225811,3217397.6568283057,6.821615474930136,1.0,6.821615479694518,1.0
libVentra_deque_concurrent_deque_benchmark.json,deque,ConcurrentPhasedPushBackPopFront,total_operations,32768.0,24,mmap,2.9901187146859405,21917748.910158962,1.0152107752995212,0.14762767365154497,1.0152010665657232,0.14762616367865716
libVentra_deque_concurrent_deque_benchmark.json,deque,ConcurrentPhasedPushBackPopFront,total_operations,32768.0,24,new/delete,2.9453181422387438,22250922.070313096,1.0,0.14541578679362407,1.0,0.14541569009384012
libVentra_deque_concurrent_deque_benchmark.json,deque,ConcurrentPhasedPushBackPopFront,total_operations,32768.0,24,std::allocator,2.9554756362267494,22174435.365884665,1.0034486916174987,0.14591728099859122,1.0034493191446086,0.14591727521760725
libVentra_deque_concurrent_deque_benchmark.json,deque,ConcurrentPhasedPushBackPopFront,total_operations,32768.0,24,std::deque + mutex,20.254459348480346,3235633.1880788365,6.876832440615356,1.0,6.8768370136309,1.0
libVentra_deque_concurrent_deque_benchmark.json,deque,ConcurrentPhasedPushBackPopFront,total_operations,32768.0,32,mmap,2.9663587900452226,22093084.524414055,1.0230050131097062,0.14519687033688677,1.0230492671876585,0.14519683944711217
libVentra_deque_concurrent_deque_benchmark.json,deque,ConcurrentPhasedPushBackPopFront,total_operations,32768.0,32,new/delete,2.89965225197495,22602313.9326168,1.0,0.14193172904942156,1.0,0.1419255593098222
libVentra_deque_concurrent_deque_benchmark.json,deque,ConcurrentPhasedPushBackPopFront,total_operations,32768.0,32,std::allocator,2.950299904933975,22213343.081050497,1.017466802415541,0.14441082251722392,1.0175106849134348,0.1444107730600595
libVentra_deque_concurrent_deque_benchmark.json,deque,ConcurrentPhasedPushBackPopFront,total_operations,32768.0,32,std::deque + mutex,20.42990860038964,3207846.0465828264,7.045640933830894,1.0,7.04594721953506,1.0
libVentra_deque_concurrent_deque_benchmark.json,deque,ConcurrentPhasedPushBackPopFront,total_operations,32768.0,48,mmap,2.9617696322735485,22127698.783853825,1.0219312964213731,0.1470497688030238,1.0219150912685402,0.14704720103812427
libVentra_deque_concurrent_deque_benchmark.json,deque,ConcurrentPhasedPushBackPopFront,total_operations,32768.0,48,new/delete,2.8982081698105873,22612629.322264746,1.0,0.14389398711827958,1.0,0.1438937562372127
libVentra_deque_concurrent_deque_benchmark.json,deque,ConcurrentPhasedPushBackPopFront,total_operations,32768.0,48,std::allocator,2.9323615984243028,22349222.016277537,1.0117843255600054,0.14558968070860862,1.0117859720483944,0.14558968402616299
libVentra_deque_concurrent_deque_benchmark.json,deque,ConcurrentPhasedPushBackPopFront,total_operations,32768.0,48,std::deque + mutex,20.1412736407692,3253816.1715804115,6.949560714986713,1.0,6.949571865727608,1.0
libVentra_deque_concurrent_deque_benchmark.json,deque,ConcurrentPhasedPushBackPopFront,total_operations,32768.0,64,mmap,2.9588036097704977,22149496.770998314,1.0369616869645193,0.1485677311376396,1.036962121491391,0.1485677083020064
libVentra_deque_concurrent_deque_benchmark.json,deque,ConcurrentPhasedPushBackPopFront,total_operations,32768.0,64,new/delete,2.853339373059919,22968189.16162113,1.0,0.14327215075085314,1.0,0.14327206869266518
libVentra_deque_concurrent_deque_benchmark.json,deque,ConcurrentPhasedPushBackPopFront,total_operations,32768.0,64,std::allocator,3.0155647925013165,21732579.32129147,1.056854582729648,0.15141782909857215,1.0568551860348732,0.15141782881178775
libVentra_deque_concurrent_deque_benchmark.json,deque,ConcurrentPhasedPushBackPopFront,total_operations,32768.0,64,std::deque + mutex,19.9155199255842,3290699.9753099103,6.979723517510226,1.0,6.979727515103543,1.0
libVentra_deque_concurrent_deque_benchmark.json,deque,ConcurrentPhasedPushBackPopFront,total_operations,61440.0,1,mmap,26.497710360941788,4637381.856168322,1.2641154931133327,0.15902615332874875,1.2641154837277189,0.159026152583408
libVentra_deque_concurrent_deque_benchmark.json,deque,ConcurrentPhasedPushBackPopFront,total_operations,61440.0,1,new/delete,20.961463177452067,5862186.208340365,1.0,0.1258003356458281,1.0,0.125800335990237
libVentra_deque_concurrent_deque_benchmark.json,deque,ConcurrentPhasedPushBackPopFront,total_operations,61440.0,1,std::allocator,20.793597954437118,5909511.211862313,0.991991722066639,0.1247928915938662,0.9919917228641599,0.12479289203584538
libVentra_deque_concurrent_deque_benchmark.json,deque,ConcurrentPhasedPushBackPopFront,total_operations,61440.0,1,std::deque + mutex,166.6248589071011,737464.9946465514,7.949104387251791,1.0,7.949104365489192,1.0
libVentra_deque_concurrent_deque_benchmark.json,deque,ConcurrentPhasedPushBackPopFront,total_operations,61440.0,2,mmap,9.11942113213456,13474569.278846852,1.165933695900755,0.25195015221100914,1.1659313356661167,0.2519496974941191
libVentra_deque_concurrent_deque_benchmark.json,deque,ConcurrentPhasedPushBackPopFront,total_operations,61440.0,2,new/delete,7.821560663524053,15710422.556811534,1.0,0.21609303607643165,1.0,0.21609308351780074
libVentra_deque_concurrent_deque_benchmark.json,deque,ConcurrentPhasedPushBackPopFront,total_operations,61440.0,2,std::allocator,7.535397796072436,16307036.023818,0.9634135846077189,0.20818696649516014,0.9634137395578783,0.20818704568447735
libVentra_deque_concurrent_deque_benchmark.json,deque,ConcurrentPhasedPushBackPopFront,total_operations,61440.0,2,std::deque + mutex,36.19533884820603,3394913.6536690155,4.627636402157366,1.0,4.627635386199784,1.0
libVentra_deque_concurrent_deque_benchmark.json,deque,ConcurrentPhasedPushBackPopFront,total_operations,61440.0,4,mmap,4.669455985038271,26315743.37498513,1.0087358036814646,0.1149168299198123,1.008734122011755,0.11491667634325822
libVentra_deque_concurrent_deque_benchmark.json,deque,ConcurrentPhasedPushBackPopFront,total_operations,61440.0,4,new/delete,4.629017794348833,26545588.288452283,1.0,0.11392163289972838,1.0,0.11392167057269335
libVentra_deque_concurrent_deque_benchmark.json,deque,ConcurrentPhasedPushBackPopFront,total_operations,61440.0,4,std::allocator,4.480174231240827,27427517.93749676,0.9678455409504547,0.11025854441979675,0.9678450798554116,0.11025852835269029
libVentra_deque_concurrent_deque_benchmark.json,deque,ConcurrentPhasedPushBackPopFront,total_operations,61440.0,4,std::deque + mutex,40.63335186235616,3024117.764155408,8.777964066580582,1.0,8.777961163779638,1.0
libVentra_deque_concurrent_deque_benchmark.json,deque,ConcurrentPhasedPushBackPopFront,total_operations,61440.0,8,mmap,3.716942349208458,33059547.72499717,1.0140847550499024,0.14967529130652654,1.0140811836379495,0.14967476597074184
libVentra_deque_concurrent_deque_benchmark.json,deque,ConcurrentPhasedPushBackPopFront,total_operations,61440.0,8,new/delete,3.665317253512553,33525065.28750041,1.0,0.1475964317195175,1.0,0.14759643348651189
libVentra_deque_concurrent_deque_benchmark.json,deque,ConcurrentPhasedPushBackPopFront,total_operations,61440.0,8,std::allocator,3.630217933036425,33849207.61363281,0.990423933851158,0.14618303852603837,0.9904239316372696,0.14618303994934984
libVentra_deque_concurrent_deque_benchmark.json,deque,ConcurrentPhasedPushBackPopFront,total_operations,61440.0,8,std::deque + mutex,24.83337307556242,4948180.0688375225,6.775231544217369,1.0,6.77523146310568,1.0
libVentra_deque_concurrent_deque_benchmark.json,deque,ConcurrentPhasedPushBackPopFront,total_operations,61440.0,12,mmap,2.9570465825392245,41554979.25522411,0.9958017790948601,0.1465384633832817,0.9958042491731799,0.14653846793112826
libVentra_deque_concurrent_deque_benchmark.json,deque,ConcurrentPhasedPushBackPopFront,total_operations,61440.0,12,new/delete,2.9695132551651486,41380624.91665551,1.0,0.1471562578613574,1.0,0.147155897409355
libVentra_deque_concurrent_deque_benchmark.json,deque,ConcurrentPhasedPushBackPopFront,total_operations,61440.0,12,std::allocator,2.969522996474929,41380497.143517524,1.0000032804399048,0.1471567405986179,1.0000030877622748,0.14715635179178352
libVentra_deque_concurrent_deque_benchmark.json,deque,ConcurrentPhasedPushBackPopFront,total_operations,61440.0,12,std::deque + mutex,20.179320256722363,6089402.994970358,6.795497619558562,1.0,6.795514264835899,1.0
libVentra_deque_concurrent_deque_benchmark.json,deque,ConcurrentPhasedPushBackPopFront,total_operations,61440.0,16,mmap,3.0434156490344484,40376460.947909564,1.0073115835658302,0.1507764997787216,1.0072923658165616,0.15077362178943932
libVentra_deque_concurrent_deque_benchmark.json,deque,ConcurrentPhasedPushBackPopFront,total_operations,61440.0,16,new/delete,3.0213249789711707,40670900.871519834,1.0,0.14968208669355385,1.0,0.14968208526748306
libVentra_deque_concurrent_deque_benchmark.json,deque,ConcurrentPhasedPushBackPopFront,total_operations,61440.0,16,std::allocator,3.077323740447995,39931054.965270124,1.0185345045192369,0.15245637000582432,1.0185280831396313,0.15245540738783236
libVentra_deque_concurrent_deque_benchmark.json,deque,ConcurrentPhasedPushBackPopFront,total_operations,61440.0,16,std::deque + mutex,20.18494694797227,6087705.252156183,6.680826156888856,1.0,6.680826220539299,1.0
libVentra_deque_concurrent_deque_benchmark.json,deque,ConcurrentPhasedPushBackPopFront,total_operations,61440.0,24,mmap,2.945291367575501,41720831.41145559,1.00770167169827,0.14606261553079794,1.0077027808096302,0.14606261008086022
libVentra_deque_concurrent_deque_benchmark.json,deque,ConcurrentPhasedPushBackPopFront,total_operations,61440.0,24,new/delete,2.9227810673488603,42042197.83101356,1.0,0.1449462868158589,1.0,0.14494612187485229
libVentra_deque_concurrent_deque_benchmark.json,deque,ConcurrentPhasedPushBackPopFront,total_operations,61440.0,24,std::allocator,2.8603277260925912,42960142.071758926,0.9786322205402411,0.14184910652566665,0.97863265351376,0.14184900786691557
libVentra_deque_concurrent_deque_benchmark.json,deque,ConcurrentPhasedPushBackPopFront,total_operations,61440.0,24,std::deque + mutex,20.16458049085444,6093853.530700742,6.8991074001806565,1.0,6.899115250999323,1.0
libVentra_deque_concurrent_deque_benchmark.json,deque,ConcurrentPhasedPushBackPopFront,total_operations,61440.0,32,mmap,2.919039917769015,42096183.460074596,1.005204634068715,0.14414712063152538,1.0052014254434576,0.14414660709143184
libVentra_deque_concurrent_deque_benchmark.json,deque,ConcurrentPhasedPushBackPopFront,total_operations,61440.0,32,new/delete,2.9039260453404077,42315143.61979628,1.0,0.14340077208763802,1.0,0.14340071894331002
libVentra_deque_concurrent_deque_benchmark.json,deque,ConcurrentPhasedPushBackPopFront,total_operations,61440.0,32,std::allocator,2.8798300866068427,42669237.73785436,0.9917022822353796,0.14221087295362614,0.9917014191761869,0.14221069648696608
libVentra_deque_concurrent_deque_benchmark.json,deque,ConcurrentPhasedPushBackPopFront,total_operations,61440.0,32,std::deque + mutex,20.250421270854112,6068022.017268205,6.9734631511527665,1.0,6.97346573551926,1.0
libVentra_deque_concurrent_deque_benchmark.json,deque,ConcurrentPhasedPushBackPopFront,total_operations,61440.0,48,mmap,2.9068076626283457,42273179.15046708,1.0201657038060346,0.14539871615409905,1.0201664557226435,0.14539871984498004
libVentra_deque_concurrent_deque_benchmark.json,deque,ConcurrentPhasedPushBackPopFront,total_operations,61440.0,48,new/delete,2.8493485438528534,43125679.34606035,1.0,0.14252460714141388,1.0,0.1425245057111642
libVentra_deque_concurrent_deque_benchmark.json,deque,ConcurrentPhasedPushBackPopFront,total_operations,61440.0,48,std::allocator,2.8792137959489454,42678320.471063,1.010481431680418,0.14401846907394503,1.010482110590567,0.14401846334189455
libVentra_deque_concurrent_deque_benchmark.json,deque,ConcurrentPhasedPushBackPopFront,total_operations,61440.0,48,std::deque + mutex,19.991976129607643,6146466.1322554145,7.016332267506573,1.0,7.01633726081162,1.0
libVentra_deque_concurrent_deque_benchmark.json,deque,ConcurrentPhasedPushBackPopFront,total_operations,61440.0,64,mmap,2.912179090462497,42195438.13454625,1.0316207857735211,0.1461077272150085,1.03161740115388,0.1461069279849951
libVentra_deque_concurrent_deque_benchmark.json,deque,ConcurrentPhasedPushBackPopFront,total_operations,61440.0,64,new/delete,2.8229162601438977,43529548.228909925,1.0,0.14162929753829578,1.0,0.14162898747304212
libVentra_deque_concurrent_deque_benchmark.json,deque,ConcurrentPhasedPushBackPopFront,total_operations,61440.0,64,std::allocator,2.861333020863607,42945019.383592606,1.013608891366034,0.14355671526274216,1.0136110974848143,0.14355671342821322
libVentra_deque_concurrent_deque_benchmark.json,deque,ConcurrentPhasedPushBackPopFront,total_operations,61440.0,64,std::deque + mutex,19.93172535068598,6165045.840819466,7.060686011872687,1.0,7.060701469678597,1.0
libVentra_deque_concurrent_deque_benchmark.json,deque,ConcurrentSteadyPushBackPopFront,operations_per_thread,512.0,1,mmap,35.79754214435659,28605.315997441983,1.2647011088820241,0.22141815108696727,1.2647011113679967,0.22141815011295582
libVentra_deque_concurrent_deque_benchmark.json,deque,ConcurrentSteadyPushBackPopFront,operations_per_thread,512.0,1,new/delete,28.305140157583203,36177.17493299761,1.0,0.17507547793857586,1.0,0.1750754768242855
libVentra_deque_concurrent_deque_benchmark.json,deque,ConcurrentSteadyPushBackPopFront,operations_per_thread,512.0,1,std::allocator,27.543824719119925,37177.12023663477,0.9731032796790686,0.1703665217734086,0.9731032070996235,0.170366507982208
libVentra_deque_concurrent_deque_benchmark.json,deque,ConcurrentSteadyPushBackPopFront,operations_per_thread,512.0,1,std::deque + mutex,161.6739276731484,6333.736151550145,5.7118221910600395,1.0,5.711822227413665,1.0
libVentra_deque_concurrent_deque_benchmark.json,deque,ConcurrentSteadyPushBackPopFront,operations_per_thread,512.0,2,mmap,11.270743336379766,181710.19957995732,0.9909659652181061,0.34455679208275675,0.9909616255361801,0.3445552752462064
libVentra_deque_concurrent_deque_benchmark.json,deque,ConcurrentSteadyPushBackPopFront,operations_per_thread,512.0,2,new/delete,11.373491857411206,180067.8347522582,1.0,0.3476979070688081,1.0,0.34769789905817766
libVentra_deque_concurrent_deque_benchmark.json,deque,ConcurrentSteadyPushBackPopFront,operations_per_thread,512.0,2,std::allocator,11.043151780613554,185454.30534654835,0.9709552632613532,0.3375991128934161,0.9709552680148097,0.33759910676821914
libVentra_deque_concurrent_deque_benchmark.json,deque,ConcurrentSteadyPushBackPopFront,operations_per_thread,512.0,2,std::deque + mutex,32.71084359780295,62609.20783131529,2.8760598774674353,1.0,2.8760599437291323,1.0
libVentra_deque_concurrent_deque_benchmark.json,deque,ConcurrentSteadyPushBackPopFront,operations_per_thread,512.0,4,mmap,5.056082888859967,810113.3627905636,0.8848742429081816,0.13066849979962275,0.8848741782849232,0.13066849095627942
libVentra_deque_concurrent_deque_benchmark.json,deque,ConcurrentSteadyPushBackPopFront,operations_per_thread,512.0,4,new/delete,5.713899946101842,716848.3962169358,1.0,0.1476690059032281,1.0,0.1476690066937461
libVentra_deque_concurrent_deque_benchmark.json,deque,ConcurrentSteadyPushBackPopFront,operations_per_thread,512.0,4,std::allocator,5.487924621941588,746372.8834210614,0.9604516483851945,0.14182894013515843,0.9604427118670259,0.14182762124765153
libVentra_deque_concurrent_deque_benchmark.json,deque,ConcurrentSteadyPushBackPopFront,operations_per_thread,512.0,4,std::deque + mutex,38.69396906380159,105856.29061935986,6.7719017534074135,1.0,6.7719017171553215,1.0
libVentra_deque_concurrent_deque_benchmark.json,deque,ConcurrentSteadyPushBackPopFront,operations_per_thread,512.0,8,mmap,4.505867850624391,1818075.823242005,0.9794465987229212,0.16729852838602519,0.9794458059085558,0.16729836933001985
libVentra_deque_concurrent_deque_benchmark.json,deque,ConcurrentSteadyPushBackPopFront,operations_per_thread,512.0,8,new/delete,4.6004221736024125,1780706.7398981266,1.0,0.17080923922157887,1.0,0.17080921508957828
libVentra_deque_concurrent_deque_benchmark.json,deque,ConcurrentSteadyPushBackPopFront,operations_per_thread,512.0,8,std::allocator,4.478802832917132,1829060.3015249716,0.9735634391593141,0.16629363037674633,0.9735637137897911,0.16629365379212904
libVentra_deque_concurrent_deque_benchmark.json,deque,ConcurrentSteadyPushBackPopFront,operations_per_thread,512.0,8,std::deque + mutex,26.93309913777326,304161.1205467208,5.854484245449803,1.0,5.854485072573897,1.0
libVentra_deque_concurrent_deque_benchmark.json,deque,ConcurrentSteadyPushBackPopFront,operations_per_thread,512.0,12,mmap,2.9538541046288387,4160473.8364602174,1.006453919125253,0.1576818843302656,1.0064084842937648,0.15766350158044673
libVentra_deque_concurrent_deque_benchmark.json,deque,ConcurrentSteadyPushBackPopFront,operations_per_thread,512.0,12,new/delete,2.9349124172482175,4187136.167695792,1.0,0.15667074401907324,1.0,0.15665955130643122
libVentra_deque_concurrent_deque_benchmark.json,deque,ConcurrentSteadyPushBackPopFront,operations_per_thread,512.0,12,std::allocator,3.0043015363341734,4090137.514214677,1.0236426540969885,0.160374856227034,1.0237152548402126,0.16037477248881662
libVentra_deque_concurrent_deque_benchmark.json,deque,ConcurrentSteadyPushBackPopFront,operations_per_thread,512.0,12,std::deque + mutex,18.73299597588506,655954.8732901528,6.382812606533987,1.0,6.383268633547706,1.0
libVentra_deque_concurrent_deque_benchmark.json,deque,ConcurrentSteadyPushBackPopFront,operations_per_thread,512.0,16,mmap,3.2586299986600875,5027917.195422375,1.0022633068702154,0.17333278874606708,1.002256172826569,0.17333150384452845
libVentra_deque_concurrent_deque_benchmark.json,deque,ConcurrentSteadyPushBackPopFront,operations_per_thread,512.0,16,new/delete,3.25127137382278,5039261.045572926,1.0,0.17294136935665771,1.0,0.17294131834149534
libVentra_deque_concurrent_deque_benchmark.json,deque,ConcurrentSteadyPushBackPopFront,operations_per_thread,512.0,16,std::allocator,3.2453758052490573,5048426.573332563,0.998186688253343,0.1726277727401203,0.99818447834657,0.17262733963327362
libVentra_deque_concurrent_deque_benchmark.json,deque,ConcurrentSteadyPushBackPopFront,operations_per_thread,512.0,16,std::deque + mutex,18.799847520101853,871496.4486883241,5.782306476003991,1.0,5.782308181699927,1.0
libVentra_deque_concurrent_deque_benchmark.json,deque,ConcurrentSteadyPushBackPopFront,operations_per_thread,512.0,24,mmap,3.185788774043276,7714311.257103215,0.9569652013133465,0.165998156566453,0.9569634911488805,0.16599704802373078
libVentra_deque_concurrent_deque_benchmark.json,deque,ConcurrentSteadyPushBackPopFront,operations_per_thread,512.0,24,new/delete,3.32905394017575,7382314.232406601,1.0,0.1734631064312849,1.0,0.17346225802662896
libVentra_deque_concurrent_deque_benchmark.json,deque,ConcurrentSteadyPushBackPopFront,operations_per_thread,512.0,24,std::allocator,3.198517851309666,7683559.241920447,0.960788833340684,0.16666141565576512,0.9607935593350677,0.16666142029970277
libVentra_deque_concurrent_deque_benchmark.json,deque,ConcurrentSteadyPushBackPopFront,operations_per_thread,512.0,24,std::deque + mutex,19.191711763184124,1280552.8962153692,5.76491462982151,1.0,5.764942826043955,1.0
libVentra_deque_concurrent_deque_benchmark.json,deque,ConcurrentSteadyPushBackPopFront,operations_per_thread,512.0,32,mmap,3.2283109010137605,10150203.597040046,1.0161076786212293,0.1636591853717957,1.0161073570565586,0.1636591213537489
libVentra_deque_concurrent_deque_benchmark.json,deque,ConcurrentSteadyPushBackPopFront,operations_per_thread,512.0,32,new/delete,3.177134637339126,10313696.550574336,1.0,0.16106480525161185,1.0,0.1610647932201118
libVentra_deque_concurrent_deque_benchmark.json,deque,ConcurrentSteadyPushBackPopFront,operations_per_thread,512.0,32,std::allocator,3.1577183149735033,10377113.100644538,0.9938887316459827,0.16008049500433172,0.9938888061202433,0.16008049504154076
libVentra_deque_concurrent_deque_benchmark.json,deque,ConcurrentSteadyPushBackPopFront,operations_per_thread,512.0,32,std::deque + mutex,19.725815533541777,1661173.4022532357,6.208681024000385,1.0,6.208681487787316,1.0
libVentra_deque_concurrent_deque_benchmark.json,deque,ConcurrentSteadyPushBackPopFront,operations_per_thread,512.0,48,mmap,3.2219654761997,15255284.666663568,0.9917430456417714,0.1633810031302385,0.9917430479734587,0.16338100148390663
libVentra_deque_concurrent_deque_benchmark.json,deque,ConcurrentSteadyPushBackPopFront,operations_per_thread,512.0,48,new/delete,3.248790591835932,15129322.513019696,1.0,0.16474126422990168,1.0,0.16474126218253973
libVentra_deque_concurrent_deque_benchmark.json,deque,ConcurrentSteadyPushBackPopFront,operations_per_thread,512.0,48,std::allocator,3.1932433890607936,15392513.692030039,0.9829021904598204,0.1619245494706904,0.9829013516391011,0.16192440926994983
libVentra_deque_concurrent_deque_benchmark.json,deque,ConcurrentSteadyPushBackPopFront,operations_per_thread,512.0,48,std::deque + mutex,19.720563679189333,2492423.6867615785,6.070124596133171,1.0,6.070124671571116,1.0
libVentra_deque_concurrent_deque_benchmark.json,deque,ConcurrentSteadyPushBackPopFront,operations_per_thread,512.0,64,mmap,3.243526211621467,20205339.838816963,0.9581226511855319,0.16506289631375773,0.958115337642033,0.16506151479012876
libVentra_deque_concurrent_deque_benchmark.json,deque,ConcurrentSteadyPushBackPopFront,operations_per_thread,512.0,64,new/delete,3.385293320858341,19359046.001840137,1.0,0.17227741783321515,1.0,0.1722772909536684
libVentra_deque_concurrent_deque_benchmark.json,deque,ConcurrentSteadyPushBackPopFront,operations_per_thread,512.0,64,std::allocator,3.341110713515682,19615033.928516112,0.9869486620050234,0.17002896702417206,0.9869494017900309,0.17002896924873012
libVentra_deque_concurrent_deque_benchmark.json,deque,ConcurrentSteadyPushBackPopFront,operations_per_thread,512.0,64,std::deque + mutex,19.650244143638744,3335124.000644464,5.804591295697953,1.0,5.8045955706892105,1.0
libVentra_deque_concurrent_deque_benchmark.json,deque,ConcurrentSteadyPushBackPopFront,operations_per_thread,2048.0,1,mmap,35.5548676844428,115202.23353986582,1.2614448497753146,0.2159504969536068,1.2614448748185425,0.21595048798600647
libVentra_deque_concurrent_deque_benchmark.json,deque,ConcurrentSteadyPushBackPopFront,operations_per_thread,2048.0,1,new/delete,28.18582809290136,145321.26706651255,1.0,0.17119297525537588,1.0,0.17119296474772286
libVentra_deque_concurrent_deque_benchmark.json,deque,ConcurrentSteadyPushBackPopFront,operations_per_thread,2048.0,1,std::allocator,27.640134325032122,148190.49874915936,0.9806394275140466,0.16787858124885816,0.980638221027223,0.16787836440258305
libVentra_deque_concurrent_deque_benchmark.json,deque,ConcurrentSteadyPushBackPopFront,operations_per_thread,2048.0,1,std::deque + mutex,164.6436020570082,24877.978550011903,5.841361180318627,1.0,5.841361538855536,1.0
libVentra_deque_concurrent_deque_benchmark.json,deque,ConcurrentSteadyPushBackPopFront,operations_per_thread,2048.0,2,mmap,10.938539750648804,748919.8930089723,0.9885610489623093,0.33449200384641276,0.9885503849400348,0.33448849014230503
libVentra_deque_concurrent_deque_benchmark.json,deque,ConcurrentSteadyPushBackPopFront,operations_per_thread,2048.0,2,new/delete,11.065113036904467,740345.0485232692,1.0,0.33836251610108287,1.0,0.3383626117980774
libVentra_deque_concurrent_deque_benchmark.json,deque,ConcurrentSteadyPushBackPopFront,operations_per_thread,2048.0,2,std::allocator,11.095058492074624,738346.7165000184,1.0027062945557161,0.3392782247362656,1.0027064954425795,0.3392783886648483
libVentra_deque_concurrent_deque_benchmark.json,deque,ConcurrentSteadyPushBackPopFront,operations_per_thread,2048.0,2,std::deque + mutex,32.70194690714163,250505.08425010776,2.9554101072509424,1.0,2.9554092713906694,1.0
libVentra_deque_concurrent_deque_benchmark.json,deque,ConcurrentSteadyPushBackPopFront,operations_per_thread,2048.0,4,mmap,5.64281267739599,2903516.88020678,1.033641060505582,0.145284614448089,1.0336470190541813,0.14528460435684293
libVentra_deque_concurrent_deque_benchmark.json,deque,ConcurrentSteadyPushBackPopFront,operations_per_thread,2048.0,4,new/delete,5.459160721262308,3001211.5679992344,1.0,0.14055615628990817,1.0,0.14055533627889993
libVentra_deque_concurrent_deque_benchmark.json,deque,ConcurrentSteadyPushBackPopFront,operations_per_thread,2048.0,4,std::allocator,5.711206558056288,2868746.958676435,1.0461693380472044,0.14704554098427264,1.04617507616772,0.1470454896373576
libVentra_deque_concurrent_deque_benchmark.json,deque,ConcurrentSteadyPushBackPopFront,operations_per_thread,2048.0,4,std::deque + mutex,38.839712648390574,421836.3011842569,7.114594098158327,1.0,7.114635605266019,1.0
libVentra_deque_concurrent_deque_benchmark.json,deque,ConcurrentSteadyPushBackPopFront,operations_per_thread,2048.0,8,mmap,4.644873444962391,7054720.853313846,0.989944923230078,0.17099330509122745,0.9899383571941578,0.17099204185602263
libVentra_deque_concurrent_deque_benchmark.json,deque,ConcurrentSteadyPushBackPopFront,operations_per_thread,2048.0,8,new/delete,4.692052391972167,6983738.771992875,1.0,0.1727301197053425,1.0,0.17272998931032
libVentra_deque_concurrent_deque_benchmark.json,deque,ConcurrentSteadyPushBackPopFront,operations_per_thread,2048.0,8,std::allocator,4.627466437309371,7081224.549279543,0.9862350312257171,0.17035249500122032,0.9862332035076354,0.17035205069935652
libVentra_deque_concurrent_deque_benchmark.json,deque,ConcurrentSteadyPushBackPopFront,operations_per_thread,2048.0,8,std::deque + mutex,27.164066116414805,1206301.1234323967,5.789378260756629,1.0,5.789382631196942,1.0
libVentra_deque_concurrent_deque_benchmark.json,deque,ConcurrentSteadyPushBackPopFront,operations_per_thread,2048.0,12,mmap,3.032278613302509,16209628.075395294,1.0171224200138638,0.16220697718443342,1.0171437407095512,0.16220662292763297
libVentra_deque_concurrent_deque_benchmark.json,deque,ConcurrentSteadyPushBackPopFront,operations_per_thread,2048.0,12,new/delete,2.9812326949406716,16487521.736118132,1.0,0.15947635603413646,1.0,0.15947266491015216
libVentra_deque_concurrent_deque_benchmark.json,deque,ConcurrentSteadyPushBackPopFront,operations_per_thread,2048.0,12,std::allocator,2.9526095131583068,16647482.016664602,0.9903988770044888,0.15794520392497677,0.9903913228206918,0.1579403435541065
libVentra_deque_concurrent_deque_benchmark.json,deque,ConcurrentSteadyPushBackPopFront,operations_per_thread,2048.0,12,std::deque + mutex,18.69388521959035,2629309.029022817,6.270522006321405,1.0,6.27066714263166,1.0
libVentra_deque_concurrent_deque_benchmark.json,deque,ConcurrentSteadyPushBackPopFront,operations_per_thread,2048.0,16,mmap,3.290930617584195,19914126.73785299,1.0157204905653918,0.17510349870268047,1.015720347267247,0.17510347615579475
libVentra_deque_concurrent_deque_benchmark.json,deque,ConcurrentSteadyPushBackPopFront,operations_per_thread,2048.0,16,new/delete,3.2399962865298972,20227183.72569601,1.0,0.17239339004100496,1.0,0.1723933921643918
libVentra_deque_concurrent_deque_benchmark.json,deque,ConcurrentSteadyPushBackPopFront,operations_per_thread,2048.0,16,std::allocator,3.2401204316799124,20226459.321694322,1.0000383164482414,0.17239999554341162,1.0000358146717705,0.17239956637714757
libVentra_deque_concurrent_deque_benchmark.json,deque,ConcurrentSteadyPushBackPopFront,operations_per_thread,2048.0,16,std::deque + mutex,18.794202525742094,3487032.8164051156,5.800686440252397,1.0,5.800686368804755,1.0
libVentra_deque_concurrent_deque_benchmark.json,deque,ConcurrentSteadyPushBackPopFront,operations_per_thread,2048.0,24,mmap,3.270268767278716,30059975.494789153,1.017193519511358,0.17024468054329786,1.017205710654097,0.17024433596592164
libVentra_deque_concurrent_deque_benchmark.json,deque,ConcurrentSteadyPushBackPopFront,operations_per_thread,2048.0,24,new/delete,3.2149917439994073,30577178.735421743,1.0,0.16736705187138867,1.0,0.167364707239452
libVentra_deque_concurrent_deque_benchmark.json,deque,ConcurrentSteadyPushBackPopFront,operations_per_thread,2048.0,24,std::allocator,3.1871831290286936,30843611.678820238,0.9913503308297394,0.16591938224269934,0.9913618111207952,0.1659189792866048
libVentra_deque_concurrent_deque_benchmark.json,deque,ConcurrentSteadyPushBackPopFront,operations_per_thread,2048.0,24,std::deque + mutex,19.20922731237407,5117540.5672622565,5.974891645749001,1.0,5.9749753487112445,1.0
libVentra_deque_concurrent_deque_benchmark.json,deque,ConcurrentSteadyPushBackPopFront,operations_per_thread,2048.0,32,mmap,3.281401200371154,39944110.335933656,0.9982294746135123,0.16621553932873032,0.9982338966714531,0.1662147459646744
libVentra_deque_concurrent_deque_benchmark.json,deque,ConcurrentSteadyPushBackPopFront,operations_per_thread,2048.0,32,new/delete,3.2872213091500075,39873564.90971352,1.0,0.16651035013074975,1.0,0.16650881774192078
libVentra_deque_concurrent_deque_benchmark.json,deque,ConcurrentSteadyPushBackPopFront,operations_per_thread,2048.0,32,std::allocator,3.2037111809625123,40912598.01562804,0.9745955260283072,0.16228024227483567,0.9746035901822313,0.1622800915682748
libVentra_deque_concurrent_deque_benchmark.json,deque,ConcurrentSteadyPushBackPopFront,operations_per_thread,2048.0,32,std::deque + mutex,19.74184371463255,6639300.152272137,6.005632678177452,1.0,6.00568794831,1.0
libVentra_deque_concurrent_deque_benchmark.json,deque,ConcurrentSteadyPushBackPopFront,operations_per_thread,2048.0,48,mmap,3.208984147711132,61268001.42708078,0.9850393208824042,0.16238847391536748,0.9852399604371063,0.16238843677826734
libVentra_deque_concurrent_deque_benchmark.json,deque,ConcurrentSteadyPushBackPopFront,operations_per_thread,2048.0,48,new/delete,3.257721879403255,60363683.302077636,1.0,0.16485481388692066,1.0,0.1648212042741577
libVentra_deque_concurrent_deque_benchmark.json,deque,ConcurrentSteadyPushBackPopFront,operations_per_thread,2048.0,48,std::allocator,3.222774508926662,61006038.16963848,0.9892724511881921,0.16308632582408722,0.989470634598912,0.16308574158850772
libVentra_deque_concurrent_deque_benchmark.json,deque,ConcurrentSteadyPushBackPopFront,operations_per_thread,2048.0,48,std::deque + mutex,19.761157121185636,9949214.9762723,6.065943580427883,1.0,6.067180520879072,1.0
libVentra_deque_concurrent_deque_benchmark.json,deque,ConcurrentSteadyPushBackPopFront,operations_per_thread,2048.0,64,mmap,3.245474196321844,80772248.0156272,0.9841627130730586,0.16537875282830436,0.9841631204537302,0.16537859844577496
libVentra_deque_concurrent_deque_benchmark.json,deque,ConcurrentSteadyPushBackPopFront,operations_per_thread,2048.0,64,new/delete,3.297700830574871,79493067.65312229,1.0,0.1680400513365391,1.0,0.1680398249118807
libVentra_deque_concurrent_deque_benchmark.json,deque,ConcurrentSteadyPushBackPopFront,operations_per_thread,2048.0,64,std::allocator,3.3102146880059964,79192922.16561759,1.0037947218604861,0.16867771659278305,1.0037900544555864,0.16867670499900392
libVentra_deque_concurrent_deque_benchmark.json,deque,ConcurrentSteadyPushBackPopFront,operations_per_thread,2048.0,64,std::deque + mutex,19.624493115456517,13358001.170138955,5.950962238146837,1.0,5.950970256749526,1.0
libVentra_deque_concurrent_deque_benchmark.json,deque,ConcurrentSteadyPushBackPopFront,operations_per_thread,8192.0,1,mmap,35.58306541178286,460443.823155237,1.2889850595988426,0.22059681575792092,1.2889859105897246,0.2205967957386994
libVentra_deque_concurrent_deque_benchmark.json,deque,ConcurrentSteadyPushBackPopFront,operations_per_thread,8192.0,1,new/delete,27.605490961126428,593505.6006651673,1.0,0.17113993223984686,1.0,0.17113980372196158
libVentra_deque_concurrent_deque_benchmark.json,deque,ConcurrentSteadyPushBackPopFront,operations_per_thread,8192.0,1,std::allocator,27.83648167195272,588580.1398957819,1.0083675639441287,0.17257195656625762,1.0083683774485792,0.1725719661959827
libVentra_deque_concurrent_deque_benchmark.json,deque,ConcurrentSteadyPushBackPopFront,operations_per_thread,8192.0,1,std::deque + mutex,161.3036221285764,101572.43200572164,5.843171648557939,1.0,5.843176036503042,1.0
libVentra_deque_concurrent_deque_benchmark.json,deque,ConcurrentSteadyPushBackPopFront,operations_per_thread,8192.0,2,mmap,11.507441569677193,2847551.786585168,0.9972245049191943,0.33337502251082024,0.9972234916095897,0.333374661803974
libVentra_deque_concurrent_deque_benchmark.json,deque,ConcurrentSteadyPushBackPopFront,operations_per_thread,8192.0,2,new/delete,11.539469309982156,2839645.5351575864,1.0,0.33430287850561174,1.0,0.3343028564899565
libVentra_deque_concurrent_deque_benchmark.json,deque,ConcurrentSteadyPushBackPopFront,operations_per_thread,8192.0,2,std::allocator,10.990387395605975,2981517.702991345,0.9524170566577788,0.31839576357853777,0.952416124280792,0.3183954309141622
libVentra_deque_concurrent_deque_benchmark.json,deque,ConcurrentSteadyPushBackPopFront,operations_per_thread,8192.0,2,std::deque + mutex,34.51800762699221,949301.6138221323,2.9912994003227333,1.0,2.9912995973160137,1.0
libVentra_deque_concurrent_deque_benchmark.json,deque,ConcurrentSteadyPushBackPopFront,operations_per_thread,8192.0,4,mmap,5.635084126121102,11629994.962504499,0.985032049254554,0.14461903724841618,0.9850336571739864,0.14461904967251263
libVentra_deque_concurrent_deque_benchmark.json,deque,ConcurrentSteadyPushBackPopFront,operations_per_thread,8192.0,4,new/delete,5.720711453384267,11455936.470830845,1.0,0.14681658059538266,1.0,0.14681635355224068
libVentra_deque_concurrent_deque_benchmark.json,deque,ConcurrentSteadyPushBackPopFront,operations_per_thread,8192.0,4,std::allocator,5.219976034614447,12554847.290183652,0.9124697298841049,0.13396568563837674,0.9124711918868165,0.1339656931142893
libVentra_deque_concurrent_deque_benchmark.json,deque,ConcurrentSteadyPushBackPopFront,operations_per_thread,8192.0,4,std::deque + mutex,38.96502309333978,1681918.8191735097,6.811219795098877,1.0,6.811230328262966,1.0
libVentra_deque_concurrent_deque_benchmark.json,deque,ConcurrentSteadyPushBackPopFront,operations_per_thread,8192.0,8,mmap,4.648944361894644,28194278.79326388,0.9939355534510389,0.17175999782856327,0.9939241483682656,0.17175972891543267
libVentra_deque_concurrent_deque_benchmark.json,deque,ConcurrentSteadyPushBackPopFront,operations_per_thread,8192.0,8,new/delete,4.677309656298204,28022974.538452253,1.0,0.17280798260228866,1.0,0.17280969498267268
libVentra_deque_concurrent_deque_benchmark.json,deque,ConcurrentSteadyPushBackPopFront,operations_per_thread,8192.0,8,std::allocator,4.464067547744225,29361563.211523388,0.9544092385957729,0.16492953509872188,0.9544101700775324,0.16493133037945912
libVentra_deque_concurrent_deque_benchmark.json,deque,ConcurrentSteadyPushBackPopFront,operations_per_thread,8192.0,8,std::deque + mutex,27.066513860432384,4842641.682497136,5.786769713650694,1.0,5.786712372244325,1.0
libVentra_deque_concurrent_deque_benchmark.json,deque,ConcurrentSteadyPushBackPopFront,operations_per_thread,8192.0,12,mmap,3.006476626865844,65394841.3333594,0.9983114513309083,0.16120022026063674,0.9983113023223767,0.16120017241855858
libVentra_deque_concurrent_deque_benchmark.json,deque,ConcurrentSteadyPushBackPopFront,operations_per_thread,8192.0,12,new/delete,3.0115617955275695,65284409.21667121,1.0,0.1614728750689288,1.0,0.16147285124745936
libVentra_deque_concurrent_deque_benchmark.json,deque,ConcurrentSteadyPushBackPopFront,operations_per_thread,8192.0,12,std::allocator,2.8817539979967584,68225679.1083167,0.9568968507557816,0.15451288563593973,0.9568891078830324,0.15451161257751098
libVentra_deque_concurrent_deque_benchmark.json,deque,ConcurrentSteadyPushBackPopFront,operations_per_thread,8192.0,12,std::deque + mutex,18.65057393845256,10541659.698221816,6.192990615749702,1.0,6.192991529377816,1.0
libVentra_deque_concurrent_deque_benchmark.json,deque,ConcurrentSteadyPushBackPopFront,operations_per_thread,8192.0,16,mmap,3.2583451696025794,80453275.86874577,1.0012378481777404,0.17344784995939555,1.0012395185338996,0.17344749232474235
libVentra_deque_concurrent_deque_benchmark.json,deque,ConcurrentSteadyPushBackPopFront,operations_per_thread,8192.0,16,new/delete,3.254316819457823,80552999.19529802,1.0,0.1732334132944253,1.0,0.17323276709924415
libVentra_deque_concurrent_deque_benchmark.json,deque,ConcurrentSteadyPushBackPopFront,operations_per_thread,8192.0,16,std::allocator,3.237233984539859,80977855.91407813,0.9947507154755726,0.1723240618189051,0.9947534209941183,0.17232388770025045
libVentra_deque_concurrent_deque_benchmark.json,deque,ConcurrentSteadyPushBackPopFront,operations_per_thread,8192.0,16,std::deque + mutex,18.785733984972218,13954418.948744662,5.77255842843905,1.0,5.772579961313585,1.0
libVentra_deque_concurrent_deque_benchmark.json,deque,ConcurrentSteadyPushBackPopFront,operations_per_thread,8192.0,24,mmap,3.2798423036756033,119888761.02776657,1.0165071263705392,0.1704235274267157,1.0165136785826143,0.17042342768784374
libVentra_deque_concurrent_deque_benchmark.json,deque,ConcurrentSteadyPushBackPopFront,operations_per_thread,8192.0,24,new/delete,3.2265807278561356,121868565.49304695,1.0,0.16765600850750217,1.0,0.16765482971707307
libVentra_deque_concurrent_deque_benchmark.json,deque,ConcurrentSteadyPushBackPopFront,operations_per_thread,8192.0,24,std::allocator,3.2535430059071295,120857787.49302435,1.0083563004694782,0.16905699249010428,1.008363366738622,0.16905698854349818
libVentra_deque_concurrent_deque_benchmark.json,deque,ConcurrentSteadyPushBackPopFront,operations_per_thread,8192.0,24,std::deque + mutex,19.24524361864284,20431853.595600754,5.964593866346595,1.0,5.964635803737692,1.0
libVentra_deque_concurrent_deque_benchmark.json,deque,ConcurrentSteadyPushBackPopFront,operations_per_thread,8192.0,32,mmap,3.185176082772572,164603467.07811624,1.0206604872045846,0.1612007761948328,1.0206567224286422,0.16120004228833457
libVentra_deque_concurrent_deque_benchmark.json,deque,ConcurrentSteadyPushBackPopFront,operations_per_thread,8192.0,32,new/delete,3.1207008821280304,168003635.20834103,1.0,0.15793770623602205,1.0,0.15793756974897566
libVentra_deque_concurrent_deque_benchmark.json,deque,ConcurrentSteadyPushBackPopFront,operations_per_thread,8192.0,32,std::allocator,3.1597252460119787,165928375.7265584,1.0125049997926547,0.15991271721975586,1.0125069595401968,0.1599128885437031
libVentra_deque_concurrent_deque_benchmark.json,deque,ConcurrentSteadyPushBackPopFront,operations_per_thread,8192.0,32,std::deque + mutex,19.75906169907556,26534085.853798825,6.331610252118011,1.0,6.3316157237913036,1.0
libVentra_deque_concurrent_deque_benchmark.json,deque,ConcurrentSteadyPushBackPopFront,operations_per_thread,8192.0,48,mmap,3.2763142831255117,240038348.77602988,1.0280583944741644,0.1657303353875402,1.0280488280700006,0.1657284269206216
libVentra_deque_concurrent_deque_benchmark.json,deque,ConcurrentSteadyPushBackPopFront,operations_per_thread,8192.0,48,new/delete,3.1868951226270514,246771143.1510556,1.0,0.1612071223564189,1.0,0.1612067660558016
libVentra_deque_concurrent_deque_benchmark.json,deque,ConcurrentSteadyPushBackPopFront,operations_per_thread,8192.0,48,std::allocator,3.235190146401782,243086815.1875245,1.0151542557619277,0.16365009631925248,1.01515642862279,0.16365008489903718
libVentra_deque_concurrent_deque_benchmark.json,deque,ConcurrentSteadyPushBackPopFront,operations_per_thread,8192.0,48,std::deque + mutex,19.768947401598204,39781177.943274945,6.2031998672432245,1.0,6.203213577610327,1.0
libVentra_deque_concurrent_deque_benchmark.json,deque,ConcurrentSteadyPushBackPopFront,operations_per_thread,8192.0,64,mmap,3.2158858330766806,326061354.5625048,0.962732273752056,0.16439337696154094,0.9627334357657119,0.1643933712823974
libVentra_deque_concurrent_deque_benchmark.json,deque,ConcurrentSteadyPushBackPopFront,operations_per_thread,8192.0,64,new/delete,3.3403739759792312,313910168.14838225,1.0,0.17075710604449848,1.0,0.1707568940426867
libVentra_deque_concurrent_deque_benchmark.json,deque,ConcurrentSteadyPushBackPopFront,operations_per_thread,8192.0,64,std::allocator,3.381826298135177,310063375.6796895,1.012409485421103,0.17287611386250742,1.0124064716132957,0.17287538460140184
libVentra_deque_concurrent_deque_benchmark.json,deque,ConcurrentSteadyPushBackPopFront,operations_per_thread,8192.0,64,std::deque + mutex,19.56213743227029,53602325.32143527,5.856271654893265,1.0,5.856278925698981,1.0
libVentra_deque_concurrent_deque_benchmark.json,deque,ConcurrentSteadyPushFrontPopBack,operations_per_thread,512.0,1,mmap,35.870028092892746,28547.510736318633,1.268207446894935,0.20843112882174267,1.2682077153042133,0.20843112671228323
libVentra_deque_concurrent_deque_benchmark.json,deque,ConcurrentSteadyPushFrontPopBack,operations_per_thread,512.0,1,new/delete,28.284038372993727,36204.173368529155,1.0,0.16435097375596014,1.0,0.16435093730862965
libVentra_deque_concurrent_deque_benchmark.json,deque,ConcurrentSteadyPushFrontPopBack,operations_per_thread,512.0,1,std::allocator,28.021765354203623,36543.022435196544,0.9907271721480717,0.16282697546902433,0.9907273935190148,0.1628269757421857
libVentra_deque_concurrent_deque_benchmark.json,deque,ConcurrentSteadyPushFrontPopBack,operations_per_thread,512.0,1,std::deque + mutex,172.09535013155354,5950.189827601895,6.084539550613616,1.0,6.084540899953191,1.0
libVentra_deque_concurrent_deque_benchmark.json,deque,ConcurrentSteadyPushFrontPopBack,operations_per_thread,512.0,2,mmap,11.465858794710696,178617.23585387258,0.9994735496715267,0.33264111161319143,0.9994737327048021,0.33264137343939487
libVentra_deque_concurrent_deque_benchmark.json,deque,ConcurrentSteadyPushFrontPopBack,operations_per_thread,512.0,2,new/delete,11.471898179275389,178523.23544428404,1.0,0.33281632287569063,1.0,0.33281652389122024
libVentra_deque_concurrent_deque_benchmark.json,deque,ConcurrentSteadyPushFrontPopBack,operations_per_thread,512.0,2,std::allocator,11.439380634520306,179030.83658829393,0.9971654608289824,0.3318729419717454,0.9971647278553628,0.3318728984717565
libVentra_deque_concurrent_deque_benchmark.json,deque,ConcurrentSteadyPushFrontPopBack,operations_per_thread,512.0,2,std::deque + mutex,34.469157282169206,59415.482654380496,3.0046603224250736,1.0,3.0046585076612544,1.0
libVentra_deque_concurrent_deque_benchmark.json,deque,ConcurrentSteadyPushFrontPopBack,operations_per_thread,512.0,4,mmap,5.636342798543925,726712.4236248921,1.02474062297422,0.1405196912727972,1.024741171234357,0.14051967977850074
libVentra_deque_concurrent_deque_benchmark.json,deque,ConcurrentSteadyPushFrontPopBack,operations_per_thread,512.0,4,new/delete,5.500262868651516,744692.1401359302,1.0,0.137127081841404,1.0,0.1371269972584756
libVentra_deque_concurrent_deque_benchmark.json,deque,ConcurrentSteadyPushFrontPopBack,operations_per_thread,512.0,4,std::allocator,5.86031261175934,698939.4990385405,1.0654604610190377,0.14610348383693764,1.0654600879766087,0.14610334256298357
libVentra_deque_concurrent_deque_benchmark.json,deque,ConcurrentSteadyPushFrontPopBack,operations_per_thread,512.0,4,std::deque + mutex,40.11069728015442,102117.39705882802,7.292505510739025,1.0,7.29251000891578,1.0
libVentra_deque_concurrent_deque_benchmark.json,deque,ConcurrentSteadyPushFrontPopBack,operations_per_thread,512.0,8,mmap,4.69410948492404,1745166.0150129555,1.014518076865688,0.16867631063490965,1.014565943641455,0.16867637090650073
libVentra_deque_concurrent_deque_benchmark.json,deque,ConcurrentSteadyPushFrontPopBack,operations_per_thread,512.0,8,new/delete,4.626935282835273,1770586.0048326168,1.0,0.16626249889605532,1.0,0.16625471411063894
libVentra_deque_concurrent_deque_benchmark.json,deque,ConcurrentSteadyPushFrontPopBack,operations_per_thread,512.0,8,std::allocator,4.6683472023485635,1754797.7518207952,1.0089501834328476,0.16775057875917865,1.0089971924088912,0.16775053976237758
libVentra_deque_concurrent_deque_benchmark.json,deque,ConcurrentSteadyPushFrontPopBack,operations_per_thread,512.0,8,std::deque + mutex,27.829097442640744,294368.2700417451,6.014585409456549,1.0,6.0148670391055585,1.0
libVentra_deque_concurrent_deque_benchmark.json,deque,ConcurrentSteadyPushFrontPopBack,operations_per_thread,512.0,12,mmap,3.010479358396844,4081763.357352179,1.0323090161469182,0.15220632377860543,1.032310079497413,0.15220554808366898
libVentra_deque_concurrent_deque_benchmark.json,deque,ConcurrentSteadyPushFrontPopBack,operations_per_thread,512.0,12,new/delete,2.916257933727465,4213645.455917855,1.0,0.14744259848345975,1.0,0.14744169519082026
libVentra_deque_concurrent_deque_benchmark.json,deque,ConcurrentSteadyPushFrontPopBack,operations_per_thread,512.0,12,std::allocator,3.057037063937078,4020065.4259804506,1.0482738953168227,0.1545602270478906,1.0481534525996408,0.1545415218714021
libVentra_deque_concurrent_deque_benchmark.json,deque,ConcurrentSteadyPushFrontPopBack,operations_per_thread,512.0,12,std::deque + mutex,19.778937455816838,621267.0289536252,6.782300436140108,1.0,6.782341987494051,1.0
libVentra_deque_concurrent_deque_benchmark.json,deque,ConcurrentSteadyPushFrontPopBack,operations_per_thread,512.0,16,mmap,3.2620994649583195,5022583.878425073,0.9933394771363364,0.16425016130487863,0.9933293827972647,0.16424849872526037
libVentra_deque_concurrent_deque_benchmark.json,deque,ConcurrentSteadyPushFrontPopBack,operations_per_thread,512.0,16,new/delete,3.2839724384683793,4989080.1440034695,1.0,0.16535148867574423,1.0,0.16535149525399973
libVentra_deque_concurrent_deque_benchmark.json,deque,ConcurrentSteadyPushFrontPopBack,operations_per_thread,512.0,16,std::allocator,3.2834805942907117,4989826.977618817,0.999850228895984,0.16532672380073457,0.9998503287551457,0.16532674688986654
libVentra_deque_concurrent_deque_benchmark.json,deque,ConcurrentSteadyPushFrontPopBack,operations_per_thread,512.0,16,std::deque + mutex,19.8605556246807,824951.8617530139,6.04772299305396,1.0,6.0477227524545825,1.0
libVentra_deque_concurrent_deque_benchmark.json,deque,ConcurrentSteadyPushFrontPopBack,operations_per_thread,512.0,24,mmap,3.236064752774073,7594414.899998119,0.9784348034068698,0.15909877369093087,0.9784346683678717,0.15909865503347412
libVentra_deque_concurrent_deque_benchmark.json,deque,ConcurrentSteadyPushFrontPopBack,operations_per_thread,512.0,24,new/delete,3.307389252207943,7430638.824127683,1.0,0.16260539091307408,1.0,0.16260529208236948
libVentra_deque_concurrent_deque_benchmark.json,deque,ConcurrentSteadyPushFrontPopBack,operations_per_thread,512.0,24,std::allocator,3.2616110403471055,7534930.30185163,0.9861588073341301,0.16035473836893713,0.986158932658167,0.16035466128451897
libVentra_deque_concurrent_deque_benchmark.json,deque,ConcurrentSteadyPushFrontPopBack,operations_per_thread,512.0,24,std::deque + mutex,20.33997294699789,1208261.1963558765,6.1498576054872744,1.0,6.149861343340776,1.0
libVentra_deque_concurrent_deque_benchmark.json,deque,ConcurrentSteadyPushFrontPopBack,operations_per_thread,512.0,32,mmap,3.188635714851557,10276497.000919078,1.034177447047102,0.15249111774398405,1.0341794298515272,0.15249110733599033
libVentra_deque_concurrent_deque_benchmark.json,deque,ConcurrentSteadyPushFrontPopBack,operations_per_thread,512.0,32,new/delete,3.083257833514068,10627741.80928142,1.0,0.14745159854277776,1.0,0.14745130577377935
libVentra_deque_concurrent_deque_benchmark.json,deque,ConcurrentSteadyPushFrontPopBack,operations_per_thread,512.0,32,std::allocator,3.2318976260198435,10138967.669268891,1.0482086807305269,0.15456004558013234,1.0482074858068635,0.15455956250407232
libVentra_deque_concurrent_deque_benchmark.json,deque,ConcurrentSteadyPushFrontPopBack,operations_per_thread,512.0,32,std::deque + mutex,20.91030456085271,1567074.4072051337,6.781886462288072,1.0,6.781899927927432,1.0
libVentra_deque_concurrent_deque_benchmark.json,deque,ConcurrentSteadyPushFrontPopBack,operations_per_thread,512.0,48,mmap,3.261958500443682,15068290.085594896,1.0086794776853436,0.15646924863130304,1.0086766759430597,0.15646881804408955
libVentra_deque_concurrent_deque_benchmark.json,deque,ConcurrentSteadyPushFrontPopBack,operations_per_thread,512.0,48,new/delete,3.233890024142284,15199032.755683623,1.0,0.15512286320165766,1.0,0.15512286719408813
libVentra_deque_concurrent_deque_benchmark.json,deque,ConcurrentSteadyPushFrontPopBack,operations_per_thread,512.0,48,std::allocator,3.1645355760850564,15532142.53472193,0.9785538631371293,0.15179607704687456,0.9785535203341301,0.1517960277770987
libVentra_deque_concurrent_deque_benchmark.json,deque,ConcurrentSteadyPushFrontPopBack,operations_per_thread,512.0,48,std::deque + mutex,20.847281679801576,2357717.5396385062,6.4465029806728955,1.0,6.446502814757867,1.0
libVentra_deque_concurrent_deque_benchmark.json,deque,ConcurrentSteadyPushFrontPopBack,operations_per_thread,512.0,64,mmap,3.3149849610608575,19769632.10567742,1.0127400641979758,0.15974637365287608,1.0127404915327478,0.15974643734110744
libVentra_deque_concurrent_deque_benchmark.json,deque,ConcurrentSteadyPushFrontPopBack,operations_per_thread,512.0,64,new/delete,3.2732831239239157,20021506.93612534,1.0,0.1577367967360754,1.0,0.1577367930646643
libVentra_deque_concurrent_deque_benchmark.json,deque,ConcurrentSteadyPushFrontPopBack,operations_per_thread,512.0,64,std::allocator,3.3800357574812185,19389276.379338898,1.0326133210955888,0.16288111753661866,1.0326072280582965,0.1628801526493081
libVentra_deque_concurrent_deque_benchmark.json,deque,ConcurrentSteadyPushFrontPopBack,operations_per_thread,512.0,64,std::deque + mutex,20.75155063152931,3158128.2964263437,6.339674829793812,1.0,6.339674977353251,1.0
libVentra_deque_concurrent_deque_benchmark.json,deque,ConcurrentSteadyPushFrontPopBack,operations_per_thread,2048.0,1,mmap,36.04022309989387,113650.79490499826,1.307444887414598,0.20773275025049132,1.307444993665547,0.20773275696799415
libVentra_deque_concurrent_deque_benchmark.json,deque,ConcurrentSteadyPushFrontPopBack,operations_per_thread,2048.0,1,new/delete,27.565386079991086,148592.16282464983,1.0,0.15888451761914926,1.0,0.15888450984511057
libVentra_deque_concurrent_deque_benchmark.json,deque,ConcurrentSteadyPushFrontPopBack,operations_per_thread,2048.0,1,std::allocator,27.197127987854202,150604.1399916224,0.9866405610620418,0.1567619096078293,0.9866406251044328,0.15676191211299131
libVentra_deque_concurrent_deque_benchmark.json,deque,ConcurrentSteadyPushFrontPopBack,operations_per_thread,2048.0,1,std::deque + mutex,173.4932169166168,23608.99295721935,6.293879447694386,1.0,6.293879755646761,1.0
libVentra_deque_concurrent_deque_benchmark.json,deque,ConcurrentSteadyPushFrontPopBack,operations_per_thread,2048.0,2,mmap,11.567766524289397,708174.9717176857,0.9661829651336683,0.3157339708463697,0.9661841188745948,0.3157343385174764
libVentra_deque_concurrent_deque_benchmark.json,deque,ConcurrentSteadyPushFrontPopBack,operations_per_thread,2048.0,2,new/delete,11.972645908416563,684227.4110580932,1.0,0.3267848660555602,1.0,0.32678485637420934
libVentra_deque_concurrent_deque_benchmark.json,deque,ConcurrentSteadyPushFrontPopBack,operations_per_thread,2048.0,2,std::allocator,11.422870457005173,717157.7446391091,0.9540807056671652,0.31177913560763887,0.9540821613833547,0.3117796020768548
libVentra_deque_concurrent_deque_benchmark.json,deque,ConcurrentSteadyPushFrontPopBack,operations_per_thread,2048.0,2,std::deque + mutex,36.63770006528077,223595.15624991606,3.0601172326933264,1.0,3.060117323352572,1.0
libVentra_deque_concurrent_deque_benchmark.json,deque,ConcurrentSteadyPushFrontPopBack,operations_per_thread,2048.0,4,mmap,5.555484774659972,2949157.59294758,0.9553498893368311,0.1386693036217437,0.9553498916061566,0.1386693330855088
libVentra_deque_concurrent_deque_benchmark.json,deque,ConcurrentSteadyPushFrontPopBack,operations_per_thread,2048.0,4,new/delete,5.815131018140784,2817477.386751944,1.0,0.14515027967188324,1.0,0.14515031016790578
libVentra_deque_concurrent_deque_benchmark.json,deque,ConcurrentSteadyPushFrontPopBack,operations_per_thread,2048.0,4,std::allocator,5.257839203477371,3116108.988937799,0.9041652177870292,0.1312398342313765,0.904165225527734,0.13123986292838508
libVentra_deque_concurrent_deque_benchmark.json,deque,ConcurrentSteadyPushFrontPopBack,operations_per_thread,2048.0,4,std::deque + mutex,40.06283027002132,408957.71657810535,6.889411458665677,1.0,6.889410011203064,1.0
libVentra_deque_concurrent_deque_benchmark.json,deque,ConcurrentSteadyPushFrontPopBack,operations_per_thread,2048.0,8,mmap,4.613829982650288,7102350.671249269,1.0100425588039894,0.16410856611043276,1.0100105610512853,0.1641033914409894
libVentra_deque_concurrent_deque_benchmark.json,deque,ConcurrentSteadyPushFrontPopBack,operations_per_thread,2048.0,8,new/delete,4.5679560157481,7173449.186251447,1.0,0.16247688246399916,1.0,0.1624769064495522
libVentra_deque_concurrent_deque_benchmark.json,deque,ConcurrentSteadyPushFrontPopBack,operations_per_thread,2048.0,8,std::allocator,4.469247720151916,7331886.384615307,0.9783911457868933,0.15896594319783452,0.9783906637320086,0.15896588834230083
libVentra_deque_concurrent_deque_benchmark.json,deque,ConcurrentSteadyPushFrontPopBack,operations_per_thread,2048.0,8,std::deque + mutex,28.11449817644209,1165519.8323551926,6.154721735392573,1.0,6.154720826805575,1.0
libVentra_deque_concurrent_deque_benchmark.json,deque,ConcurrentSteadyPushFrontPopBack,operations_per_thread,2048.0,12,mmap,3.0345892794986296,16197387.721593838,1.0212206631454315,0.1533342946332504,1.0212729079682537,0.1533330021959392
libVentra_deque_concurrent_deque_benchmark.json,deque,ConcurrentSteadyPushFrontPopBack,operations_per_thread,2048.0,12,new/delete,2.971531412370644,16541953.259921424,1.0,0.15014805337072792,1.0,0.15013910679466058
libVentra_deque_concurrent_deque_benchmark.json,deque,ConcurrentSteadyPushFrontPopBack,operations_per_thread,2048.0,12,std::allocator,2.980580702906474,16490750.533737103,1.0030453289163148,0.1506053035793862,1.0031049360718647,0.15060527912314486
libVentra_deque_concurrent_deque_benchmark.json,deque,ConcurrentSteadyPushFrontPopBack,operations_per_thread,2048.0,12,std::deque + mutex,19.79067557428592,2483594.0870836265,6.660093005208116,1.0,6.660489870688129,1.0
libVentra_deque_concurrent_deque_benchmark.json,deque,ConcurrentSteadyPushFrontPopBack,operations_per_thread,2048.0,16,mmap,3.294089675695563,19895026.21353583,1.0118488034233852,0.1653375166536963,1.0118490082565454,0.16533751776398517
libVentra_deque_concurrent_deque_benchmark.json,deque,ConcurrentSteadyPushFrontPopBack,operations_per_thread,2048.0,16,new/delete,3.2555157100059597,20130762.543404207,1.0,0.1634014055205781,1.0,0.1634013735397814
libVentra_deque_concurrent_deque_benchmark.json,deque,ConcurrentSteadyPushFrontPopBack,operations_per_thread,2048.0,16,std::allocator,3.199655099511104,20482210.94097218,0.98284124069094,0.16059764013248842,0.982841286100372,0.16059761612040604
libVentra_deque_concurrent_deque_benchmark.json,deque,ConcurrentSteadyPushFrontPopBack,operations_per_thread,2048.0,16,std::deque + mutex,19.923425380793148,3289394.249995431,6.1198983987568205,1.0,6.119899596538836,1.0
libVentra_deque_concurrent_deque_benchmark.json,deque,ConcurrentSteadyPushFrontPopBack,operations_per_thread,2048.0,24,mmap,3.2073151191144125,30650076.44551088,1.0100819014743614,0.1570212953185906,1.0100782612437864,0.1570205708942686
libVentra_deque_concurrent_deque_benchmark.json,deque,ConcurrentSteadyPushFrontPopBack,operations_per_thread,2048.0,24,new/delete,3.175302036827776,30958975.923070762,1.0,0.15545402317316565,1.0,0.15545386621915533
libVentra_deque_concurrent_deque_benchmark.json,deque,ConcurrentSteadyPushFrontPopBack,operations_per_thread,2048.0,24,std::allocator,3.1972486387865917,30746457.883008834,1.0069116580735549,0.15652846822749705,1.006911951967624,0.15652835587564357
libVentra_deque_concurrent_deque_benchmark.json,deque,ConcurrentSteadyPushFrontPopBack,operations_per_thread,2048.0,24,std::deque + mutex,20.42598816043954,4812692.5014270935,6.432770150220333,1.0,6.432776645067307,1.0
libVentra_deque_concurrent_deque_benchmark.json,deque,ConcurrentSteadyPushFrontPopBack,operations_per_thread,2048.0,32,mmap,3.1786751716064012,41235490.742185734,1.0009527528440763,0.15178615883352387,1.0009967086415037,0.1517835770148954
libVentra_deque_concurrent_deque_benchmark.json,deque,ConcurrentSteadyPushFrontPopBack,operations_per_thread,2048.0,32,new/delete,3.1756495624539838,41276590.51214512,1.0,0.15164168178991802,1.0,0.15163244364797915
libVentra_deque_concurrent_deque_benchmark.json,deque,ConcurrentSteadyPushFrontPopBack,operations_per_thread,2048.0,32,std::allocator,3.1175210277628356,42043702.32464941,0.9816955449434952,0.14886596344090167,0.9817544181389909,0.14886582148461508
libVentra_deque_concurrent_deque_benchmark.json,deque,ConcurrentSteadyPushFrontPopBack,operations_per_thread,2048.0,32,std::deque + mutex,20.941798620075172,6258870.284813555,6.594492940175803,1.0,6.5948947068448,1.0
libVentra_deque_concurrent_deque_benchmark.json,deque,ConcurrentSteadyPushFrontPopBack,operations_per_thread,2048.0,48,mmap,3.2121746860435962,61207237.79167206,0.9843329250428596,0.15343572990206236,0.9843479016910536,0.15343547439806954
libVentra_deque_concurrent_deque_benchmark.json,deque,ConcurrentSteadyPushFrontPopBack,operations_per_thread,2048.0,48,new/delete,3.2633010684913666,60249216.088537745,1.0,0.15587788033746966,1.0,0.1558752491212468
libVentra_deque_concurrent_deque_benchmark.json,deque,ConcurrentSteadyPushFrontPopBack,operations_per_thread,2048.0,48,std::allocator,3.253171858302542,60435840.94047782,0.9968960233897428,0.15539403904284566,0.9969120169582173,0.15539390899532676
libVentra_deque_concurrent_deque_benchmark.json,deque,ConcurrentSteadyPushFrontPopBack,operations_per_thread,2048.0,48,std::deque + mutex,20.934984883207576,9391361.567160653,6.415278407911618,1.0,6.415386699540443,1.0
libVentra_deque_concurrent_deque_benchmark.json,deque,ConcurrentSteadyPushFrontPopBack,operations_per_thread,2048.0,64,mmap,3.265552549341332,80275546.85469766,0.9915644097463164,0.15726142907134924,0.991579008101714,0.15726143907975842
libVentra_deque_concurrent_deque_benchmark.json,deque,ConcurrentSteadyPushFrontPopBack,operations_per_thread,2048.0,64,new/delete,3.29333376353917,79599547.12500377,1.0,0.1585993078468632,1.0,0.158596982988598
libVentra_deque_concurrent_deque_benchmark.json,deque,ConcurrentSteadyPushFrontPopBack,operations_per_thread,2048.0,64,std::allocator,3.2873858079394163,79742648.64375442,0.9981939408432864,0.15831286811467793,0.9982054581684394,0.15831237406826568
libVentra_deque_concurrent_deque_benchmark.json,deque,ConcurrentSteadyPushFrontPopBack,operations_per_thread,2048.0,64,std::deque + mutex,20.765120656888833,12624248.021284329,6.305197756383388,1.0,6.305290183684597,1.0
libVentra_deque_concurrent_deque_benchmark.json,deque,ConcurrentSteadyPushFrontPopBack,operations_per_thread,8192.0,1,mmap,35.622615423209524,459932.5678850678,1.2866425190654853,0.20426130300652165,1.2866424458165497,0.20426130477173848
libVentra_deque_concurrent_deque_benchmark.json,deque,ConcurrentSteadyPushFrontPopBack,operations_per_thread,8192.0,1,new/delete,27.686490144195574,591768.76405433,1.0,0.15875528748644246,1.0,0.15875529789638398
libVentra_deque_concurrent_deque_benchmark.json,deque,ConcurrentSteadyPushFrontPopBack,operations_per_thread,8192.0,1,std::allocator,27.53764953087515,594967.3003415352,0.994624070709388,0.15790183028640456,0.9946240133106993,0.15790183152803705
libVentra_deque_concurrent_deque_benchmark.json,deque,ConcurrentSteadyPushFrontPopBack,operations_per_thread,8192.0,1,std::deque + mutex,174.39727887211296,93946.42642322012,6.299002797531382,1.0,6.299002384491619,1.0
libVentra_deque_concurrent_deque_benchmark.json,deque,ConcurrentSteadyPushFrontPopBack,operations_per_thread,8192.0,2,mmap,11.093925387722562,2953692.7098234855,0.9639004103000833,0.32018458615056766,0.9638993542987285,0.3201842927629945
libVentra_deque_concurrent_deque_benchmark.json,deque,ConcurrentSteadyPushFrontPopBack,operations_per_thread,8192.0,2,new/delete,11.509410380133337,2847062.4957957193,1.0,0.33217600358826194,1.0,0.3321760631284374
libVentra_deque_concurrent_deque_benchmark.json,deque,ConcurrentSteadyPushFrontPopBack,operations_per_thread,8192.0,2,std::allocator,11.75784356426178,2786906.4801582983,1.0215852225199362,0.3393460965414978,1.0215852293809313,0.33934615964591947
libVentra_deque_concurrent_deque_benchmark.json,deque,ConcurrentSteadyPushFrontPopBack,operations_per_thread,8192.0,2,std::deque + mutex,34.64853046519114,945726.0113340453,3.01045225783232,1.0,3.0104517182303576,1.0
libVentra_deque_concurrent_deque_benchmark.json,deque,ConcurrentSteadyPushFrontPopBack,operations_per_thread,8192.0,4,mmap,5.069769546420719,12926821.203715615,0.9722710323540248,0.12595015135065227,0.9722709662257786,0.12595016205517334
libVentra_deque_concurrent_deque_benchmark.json,deque,ConcurrentSteadyPushFrontPopBack,operations_per_thread,8192.0,4,new/delete,5.214358319558272,12568372.941964462,1.0,0.12954222347415478,1.0,0.12954224329467995
libVentra_deque_concurrent_deque_benchmark.json,deque,ConcurrentSteadyPushFrontPopBack,operations_per_thread,8192.0,4,std::allocator,5.674603059762073,11549002.016670328,1.0882648855329893,0.14097625300078998,1.088264849536153,0.1409762699076606
libVentra_deque_concurrent_deque_benchmark.json,deque,ConcurrentSteadyPushFrontPopBack,operations_per_thread,8192.0,4,std::deque + mutex,40.25219098233711,1628135.2254662327,7.719490782088605,1.0,7.71948960097303,1.0
libVentra_deque_concurrent_deque_benchmark.json,deque,ConcurrentSteadyPushFrontPopBack,operations_per_thread,8192.0,8,mmap,4.44227104750289,29505637.39422635,1.0039287675693582,0.15874171502129963,1.0039286139825472,0.15874188837794828
libVentra_deque_concurrent_deque_benchmark.json,deque,ConcurrentSteadyPushFrontPopBack,operations_per_thread,8192.0,8,new/delete,4.42488669615296,29621553.653857276,1.0,0.1581204963432156,1.0,0.15812069321166686
libVentra_deque_concurrent_deque_benchmark.json,deque,ConcurrentSteadyPushFrontPopBack,operations_per_thread,8192.0,8,std::allocator,4.603056700977042,28475000.640616108,1.0402654388820813,0.16448728752472772,1.040265249778634,0.1644874624190054
libVentra_deque_concurrent_deque_benchmark.json,deque,ConcurrentSteadyPushFrontPopBack,operations_per_thread,8192.0,8,std::deque + mutex,27.984270214712218,4683780.597754496,6.324290798008911,1.0,6.324282923939366,1.0
libVentra_deque_concurrent_deque_benchmark.json,deque,ConcurrentSteadyPushFrontPopBack,operations_per_thread,8192.0,12,mmap,2.924139563435735,67242443.9500143,1.0360040532349886,0.1475571141115715,1.03590769421263,0.14754340672851465
libVentra_deque_concurrent_deque_benchmark.json,deque,ConcurrentSteadyPushFrontPopBack,operations_per_thread,8192.0,12,new/delete,2.8225174933485278,69656965.06548132,1.0,0.14242908958783992,1.0,0.14242910594525418
libVentra_deque_concurrent_deque_benchmark.json,deque,ConcurrentSteadyPushFrontPopBack,operations_per_thread,8192.0,12,std::allocator,2.921923875733345,67287438.76190145,1.0352190491712012,0.14744530669744346,1.035214987331655,0.14744474510677524
libVentra_deque_concurrent_deque_benchmark.json,deque,ConcurrentSteadyPushFrontPopBack,operations_per_thread,8192.0,12,std::deque + mutex,19.81700157963731,9921179.257136308,7.021037646830373,1.0,7.0210368404922265,1.0
libVentra_deque_concurrent_deque_benchmark.json,deque,ConcurrentSteadyPushFrontPopBack,operations_per_thread,8192.0,16,mmap,3.2700819258022986,80164507.25781965,1.018777716147782,0.1646063164709275,1.0187916261972823,0.164605998617247
libVentra_deque_concurrent_deque_benchmark.json,deque,ConcurrentSteadyPushFrontPopBack,operations_per_thread,8192.0,16,new/delete,3.2098090427097117,81670928.71249792,1.0,0.1615723566209707,1.0,0.16156983860541874
libVentra_deque_concurrent_deque_benchmark.json,deque,ConcurrentSteadyPushFrontPopBack,operations_per_thread,8192.0,16,std::allocator,3.3013004654555296,79406318.10933496,1.0285036964904868,0.16617776603534753,1.0285192747514726,0.16617769322415776
libVentra_deque_concurrent_deque_benchmark.json,deque,ConcurrentSteadyPushFrontPopBack,operations_per_thread,8192.0,16,std::deque + mutex,19.866078021251727,13195558.770832948,6.189177535770427,1.0,6.189273992172335,1.0
libVentra_deque_concurrent_deque_benchmark.json,deque,ConcurrentSteadyPushFrontPopBack,operations_per_thread,8192.0,24,mmap,3.221717896881045,122052239.31941116,0.9887306928717887,0.15799150642210555,0.9887275733380507,0.15799074958772757
libVentra_deque_concurrent_deque_benchmark.json,deque,ConcurrentSteadyPushFrontPopBack,operations_per_thread,8192.0,24,new/delete,3.2584382381450085,120676414.40275641,1.0,0.15979225441380399,1.0,0.15979199311124076
libVentra_deque_concurrent_deque_benchmark.json,deque,ConcurrentSteadyPushFrontPopBack,operations_per_thread,8192.0,24,std::allocator,3.194570081217071,123089936.7083301,0.9803991506789164,0.15666019051236274,0.9803922045122772,0.15665882438973994
libVentra_deque_concurrent_deque_benchmark.json,deque,ConcurrentSteadyPushFrontPopBack,operations_per_thread,8192.0,24,std::deque + mutex,20.391715794351555,19283124.778934486,6.258125612336395,1.0,6.2581358460422996,1.0
libVentra_deque_concurrent_deque_benchmark.json,deque,ConcurrentSteadyPushFrontPopBack,operations_per_thread,8192.0,32,mmap,3.2368954734145343,161972491.69534445,1.0265837345906754,0.15474592172824134,1.0266224790421836,0.1547459143917027
libVentra_deque_concurrent_deque_benchmark.json,deque,ConcurrentSteadyPushFrontPopBack,operations_per_thread,8192.0,32,new/delete,3.1530749653901005,166284600.96091402,1.0,0.1507387235099165,1.0,0.15073302752544177
libVentra_deque_concurrent_deque_benchmark.json,deque,ConcurrentSteadyPushFrontPopBack,operations_per_thread,8192.0,32,std::allocator,3.229280576258632,162354556.00777015,1.024168664464057,0.15438187714016793,1.0242065578557327,0.1543817552770061
libVentra_deque_concurrent_deque_benchmark.json,deque,ConcurrentSteadyPushFrontPopBack,operations_per_thread,8192.0,32,std::deque + mutex,20.917484850418496,25064581.333698552,6.633995410835585,1.0,6.6342460999876955,1.0
libVentra_deque_concurrent_deque_benchmark.json,deque,ConcurrentSteadyPushFrontPopBack,operations_per_thread,8192.0,48,mmap,3.4002308405228043,231288526.67707637,1.0299771382645109,0.16261990656089756,1.029974128957313,0.16261945623071175
libVentra_deque_concurrent_deque_benchmark.json,deque,ConcurrentSteadyPushFrontPopBack,operations_per_thread,8192.0,48,new/delete,3.3012682652860814,238221198.802042,1.0,0.1578869088637332,1.0,0.1578869329420326
libVentra_deque_concurrent_deque_benchmark.json,deque,ConcurrentSteadyPushFrontPopBack,operations_per_thread,8192.0,48,std::allocator,3.0972067932880547,253921702.20834017,0.9381869464703005,0.14812743691450045,0.938167934171235,0.14812445771085903
libVentra_deque_concurrent_deque_benchmark.json,deque,ConcurrentSteadyPushFrontPopBack,operations_per_thread,8192.0,48,std::deque + mutex,20.909068959829302,37612014.440628625,6.333647337811053,1.0,6.3336463719080855,1.0
libVentra_deque_concurrent_deque_benchmark.json,deque,ConcurrentSteadyPushFrontPopBack,operations_per_thread,8192.0,64,mmap,3.315632733106436,316252396.5390775,1.0190499070374788,0.1601415838798908,1.0190702954558266,0.16014146624923975
libVentra_deque_concurrent_deque_benchmark.json,deque,ConcurrentSteadyPushFrontPopBack,operations_per_thread,8192.0,64,new/delete,3.2536509843226877,322283423.17969096,1.0,0.15714793041436498,1.0,0.15714467094500978
libVentra_deque_concurrent_deque_benchmark.json,deque,ConcurrentSteadyPushFrontPopBack,operations_per_thread,8192.0,64,std::allocator,3.2688499592465856,320778259.4765831,1.004671359957516,0.15788202496390918,1.0046922247959191,0.1578820290665645
libVentra_deque_concurrent_deque_benchmark.json,deque,ConcurrentSteadyPushFrontPopBack,operations_per_thread,8192.0,64,std::deque + mutex,20.704383288685484,50645122.48660387,6.363430923736743,1.0,6.363562912992028,1.0
libVentra_deque_concurrent_deque_benchmark.json,deque,ConstructDestroy,,,1,mmap,0.0013802160522157312,724524.2587989919,0.20091913499348824,2.0336500161658153e-05,0.20091913255877536,2.0336499922661797e-05
libVentra_deque_concurrent_deque_benchmark.json,deque,ConstructDestroy,,,1,new/delete,0.006869510224899504,145570.78559568312,1.0,0.0001012173388180138,1.0,0.00010121733885503766
libVentra_deque_concurrent_deque_benchmark.json,deque,ConstructDestroy,,,1,std::allocator,0.006786138959215503,147359.32795033487,0.987863579359441,9.998892261800041e-05,0.9878627136841004,9.998883503322065e-05
libVentra_deque_concurrent_deque_benchmark.json,deque,ConstructDestroy,,,1,std::deque + mutex,67.86890769031884,14.734287533032294,9879.730209050196,1.0,9879.730205436332,1.0
libVentra_deque_concurrent_deque_benchmark.json,deque,PushBackPopFront,operations,512.0,1,mmap,27.535131840223052,37188.85451001876,1.1991023580380806,0.16489533163581094,1.1991023454033418,0.16489535494748989
libVentra_deque_concurrent_deque_benchmark.json,deque,PushBackPopFront,operations,512.0,1,new/delete,22.96312041723848,44593.24266582714,1.0,0.1375156428727282,1.0,0.1375156637626491
libVentra_deque_concurrent_deque_benchmark.json,deque,PushBackPopFront,operations,512.0,1,std::allocator,22.121031854780163,46290.790093675605,0.9633286527633171,0.1324727589824667,0.9633286140847186,0.13247277378741293
libVentra_deque_concurrent_deque_benchmark.json,deque,PushBackPopFront,operations,512.0,1,std::deque + mutex,166.98551479333176,6132.269364520103,7.271899975230512,1.0,7.271898870560606,1.0
libVentra_deque_concurrent_deque_benchmark.json,deque,PushBackPopFront,operations,1024.0,1,mmap,27.504788476928425,74459.76206308111,1.2041426911394795,0.16632281451144001,1.204142719476388,0.16632281405920316
libVentra_deque_concurrent_deque_benchmark.json,deque,PushBackPopFront,operations,1024.0,1,new/delete,22.841801623112175,89660.18038220328,1.0,0.1381255026794614,1.0,0.13812549905340732
libVentra_deque_concurrent_deque_benchmark.json,deque,PushBackPopFront,operations,1024.0,1,std::allocator,21.955810927073962,93278.26780477338,0.9612118732726522,0.13276787317725183,0.9612118931052347,0.13276787243123095
libVentra_deque_concurrent_deque_benchmark.json,deque,PushBackPopFront,operations,1024.0,1,std::deque + mutex,165.3699076565145,12384.35716051035,7.239792656687253,1.0,7.239792846745423,1.0
libVentra_deque_concurrent_deque_benchmark.json,deque,PushBackPopFront,operations,2048.0,1,mmap,27.21354349915312,150513.3692045436,1.1827691102503504,0.1651270281689861,1.1827685126720244,0.16512694566067226
libVentra_deque_concurrent_deque_benchmark.json,deque,PushBackPopFront,operations,2048.0,1,new/delete,23.00833126542591,178022.4738313133,1.0,0.13961053492006956,1.0,0.1396105356978345
libVentra_deque_concurrent_deque_benchmark.json,deque,PushBackPopFront,operations,2048.0,1,std::allocator,21.73388344827258,188461.48765430867,0.9446092894590572,0.1318774081918458,0.9446092994758513,0.13187741032497977
libVentra_deque_concurrent_deque_benchmark.json,deque,PushBackPopFront,operations,2048.0,1,std::deque + mutex,164.80368962556258,24853.812937843373,7.162783242486138,1.0,7.162783202582547,1.0
libVentra_deque_concurrent_deque_benchmark.json,deque,PushBackPopFront,operations,4096.0,1,mmap,27.06354631802959,302694.99520909763,1.1968010413430439,0.16549281384966918,1.196801038761044,0.16549281635577726
libVentra_deque_concurrent_deque_benchmark.json,deque,PushBackPopFront,operations,4096.0,1,new/delete,22.61323760853268,362265.6846940173,1.0,0.13827930301928382,1.0,0.13827930541161565
libVentra_deque_concurrent_deque_benchmark.json,deque,PushBackPopFront,operations,4096.0,1,std::allocator,21.472590691218645,381509.6445270739,0.9495584428439547,0.13130427965253852,0.9495583922736429,0.1313042749313698
libVentra_deque_concurrent_deque_benchmark.json,deque,PushBackPopFront,operations,4096.0,1,std::deque + mutex,163.5330603697007,50093.84725395207,7.231740239973183,1.0,7.231740114858854,1.0
libVentra_deque_concurrent_deque_benchmark.json,deque,PushBackPopFront,operations,8192.0,1,mmap,27.202844018982276,602290.0271640914,1.2154497568895244,0.16557482012160696,1.2154496335110354,0.16557496235794414
libVentra_deque_concurrent_deque_benchmark.json,deque,PushBackPopFront,operations,8192.0,1,new/delete,22.380887292780805,732053.1927839464,1.0,0.13622514561632884,1.0,0.13622527646797866
libVentra_deque_concurrent_deque_benchmark.json,deque,PushBackPopFront,operations,8192.0,1,std::allocator,21.593328525302603,758752.8806950604,0.9648111016701184,0.13143153281726253,0.9648110885764868,0.13143165728070336
libVentra_deque_concurrent_deque_benchmark.json,deque,PushBackPopFront,operations,8192.0,1,std::deque + mutex,164.29336295822674,99724.14857625958,7.3407886295563145,1.0,7.340781578336981,1.0
libVentra_deque_concurrent_deque_benchmark.json,deque,PushBackPopFront,operations,16384.0,1,mmap,27.387241644736005,1196469.623711479,1.241410039035908,0.16731518538603038,1.2414099629176125,0.16731517158286677
libVentra_deque_concurrent_deque_benchmark.json,deque,PushBackPopFront,operations,16384.0,1,new/delete,22.061398557728133,1485309.3112037168,1.0,0.13477834085824625,1.0,0.13477833800337466
libVentra_deque_concurrent_deque_benchmark.json,deque,PushBackPopFront,operations,16384.0,1,std::allocator,21.456101720478294,1527211.2597391969,0.9725630795497413,0.13108043824170068,0.9725630961215964,0.13108043769868508
libVentra_deque_concurrent_deque_benchmark.json,deque,PushBackPopFront,operations,16384.0,1,std::deque + mutex,163.68652720641006,200187.52038497414,7.419589777052937,1.0,7.419589934214513,1.0
libVentra_deque_concurrent_deque_benchmark.json,deque,PushBackPopFront,operations,32768.0,1,mmap,27.49977016202785,2383147.190472164,1.2310018999353278,0.1668384506379721,1.2310019005803243,0.16684048775701713
libVentra_deque_concurrent_deque_benchmark.json,deque,PushBackPopFront,operations,32768.0,1,new/delete,22.339340145187904,2933658.7208338943,1.0,0.13553061993384183,1.0,0.13553227470921406
libVentra_deque_concurrent_deque_benchmark.json,deque,PushBackPopFront,operations,32768.0,1,std::allocator,21.317793204763824,3074239.5805091136,0.954271391465243,0.12933299327041423,0.9542713389787473,0.1293345652615971
libVentra_deque_concurrent_deque_benchmark.json,deque,PushBackPopFront,operations,32768.0,1,std::deque + mutex,164.82873136780952,397605.43965514086,7.37840644784287,1.0,7.378316361512494,1.0
libVentra_deque_concurrent_deque_benchmark.json,deque,PushBackPopFront,operations,49152.0,1,mmap,27.376357742722895,3590835.881448246,1.2180426841651737,0.16658998403710737,1.218042974994376,0.1665899807893917
libVentra_deque_concurrent_deque_benchmark.json,deque,PushBackPopFront,operations,49152.0,1,new/delete,22.47569654054135,4373792.419755774,1.0,0.13676859292602325,1.0,0.13676855760377493
libVentra_deque_concurrent_deque_benchmark.json,deque,PushBackPopFront,operations,49152.0,1,std::allocator,21.617155821350313,4547499.285710327,0.9618013743136986,0.1315442206392,0.96180167273464,0.1315442274808147
libVentra_deque_concurrent_deque_benchmark.json,deque,PushBackPopFront,operations,49152.0,1,std::deque + mutex,164.33375572342274,598197.2805083217,7.311620150547939,1.0,7.311622038868377,1.0
libVentra_deque_concurrent_deque_benchmark.json,deque,PushBackPopFront,operations,61440.0,1,mmap,27.49951407056679,4468442.628206341,1.2179936366419777,0.16741099591932448,1.21799363567648,0.16741099467903245
libVentra_deque_concurrent_deque_benchmark.json,deque,PushBackPopFront,operations,61440.0,1,new/delete,22.577715714823654,5442534.682540806,1.0,0.13744816958229644,1.0,0.13744816867294346
libVentra_deque_concurrent_deque_benchmark.json,deque,PushBackPopFront,operations,61440.0,1,std::allocator,21.61934509291235,5683798.499995034,0.957552365615,0.13161381993297963,0.9575523626577475,0.1316138186557576
libVentra_deque_concurrent_deque_benchmark.json,deque,PushBackPopFront,operations,61440.0,1,std::deque + mutex,164.26348770912773,748066.4250542135,7.275469750080992,1.0,7.275469798215282,1.0
libVentra_deque_concurrent_deque_benchmark.json,deque,PushFrontPopBack,operations,512.0,1,mmap,28.001428008387933,36569.56368340814,1.192821787910597,0.1718858311880539,1.1928218226289464,0.1718858304080529
libVentra_deque_concurrent_deque_benchmark.json,deque,PushFrontPopBack,operations,512.0,1,new/delete,23.474946796064614,43620.973605588224,1.0,0.14410017735267666,1.0,0.14410017250457513
libVentra_deque_concurrent_deque_benchmark.json,deque,PushFrontPopBack,operations,512.0,1,std::allocator,22.77869722298556,44954.28455236868,0.9703407390386173,0.1398262725879921,0.9703407370385967,0.13982626759547834
libVentra_deque_concurrent_deque_benchmark.json,deque,PushFrontPopBack,operations,512.0,1,std::deque + mutex,162.90713326889994,6285.789821382781,6.939616719225537,1.0,6.939616952701777,1.0
libVentra_deque_concurrent_deque_benchmark.json,deque,PushFrontPopBack,operations,1024.0,1,mmap,27.934788528318066,73313.60499992638,1.1909781110319657,0.1707828737729575,1.1909780989906675,0.1707828705341272
libVentra_deque_concurrent_deque_benchmark.json,deque,PushFrontPopBack,operations,1024.0,1,new/delete,23.455333284096184,87314.89791296501,1.0,0.14339715582595935,1.0,0.14339715455629504
libVentra_deque_concurrent_deque_benchmark.json,deque,PushFrontPopBack,operations,1024.0,1,std::allocator,22.646467041557386,90433.53285712577,0.9655146131269323,0.13845204943080358,0.9655146178012548,0.13845204887520868
libVentra_deque_concurrent_deque_benchmark.json,deque,PushFrontPopBack,operations,1024.0,1,std::deque + mutex,163.56902721671722,12520.707911092566,6.973639011457777,1.0,6.973639073203637,1.0
libVentra_deque_concurrent_deque_benchmark.json,deque,PushFrontPopBack,operations,2048.0,1,mmap,27.84419473157168,147104.27677836298,1.1887291185891453,0.17321367919781638,1.1887290836622009,0.17321367393466144
libVentra_deque_concurrent_deque_benchmark.json,deque,PushFrontPopBack,operations,2048.0,1,new/delete,23.42349850453637,174867.1321375342,1.0,0.14571333072365275,1.0,0.14571333057741798
libVentra_deque_concurrent_deque_benchmark.json,deque,PushFrontPopBack,operations,2048.0,1,std::allocator,22.67134214493568,180668.6160165969,0.9678888121919523,0.14103430259464939,0.9678888120860474,0.14103430243767862
libVentra_deque_concurrent_deque_benchmark.json,deque,PushFrontPopBack,operations,2048.0,1,std::deque + mutex,160.7505530771192,25480.472232281554,6.862790075785949,1.0,6.862790082673298,1.0
libVentra_deque_concurrent_deque_benchmark.json,deque,PushFrontPopBack,operations,4096.0,1,mmap,27.873304232049016,293901.2903766049,1.2006361208129985,0.17232068666888203,1.2006361220350206,0.17232068496842312
libVentra_deque_concurrent_deque_benchmark.json,deque,PushFrontPopBack,operations,4096.0,1,new/delete,23.21544700252304,352868.5055388554,1.0,0.1435244897947905,1.0,0.1435244882324112
libVentra_deque_concurrent_deque_benchmark.json,deque,PushFrontPopBack,operations,4096.0,1,std::allocator,22.47956932716398,364419.793717179,0.9683022396562476,0.13897508491381588,0.9683022481833454,0.13897508462480787
libVentra_deque_concurrent_deque_benchmark.json,deque,PushFrontPopBack,operations,4096.0,1,std::deque + mutex,161.7525137049168,50645.27167079998,6.967452045499604,1.0,6.967452121345913,1.0
libVentra_deque_concurrent_deque_benchmark.json,deque,PushFrontPopBack,operations,8192.0,1,mmap,27.790866436052248,589546.2147653282,1.2079505455842736,0.17333406221005684,1.2079505392276173,0.17333406107279495
libVentra_deque_concurrent_deque_benchmark.json,deque,PushFrontPopBack,operations,8192.0,1,new/delete,23.006626006042396,712142.6680253788,1.0,0.1434943366213862,1.0,0.14349433643502282
libVentra_deque_concurrent_deque_benchmark.json,deque,PushFrontPopBack,operations,8192.0,1,std::allocator,22.199819369432042,738024.9039660668,0.9649315533534358,0.138462213133495,0.96493040302353,0.13846204788784058
libVentra_deque_concurrent_deque_benchmark.json,deque,PushFrontPopBack,operations,8192.0,1,std::deque + mutex,160.33124754425688,102188.43959536849,6.968916150597134,1.0,6.9689161596480185,1.0
libVentra_deque_concurrent_deque_benchmark.json,deque,PushFrontPopBack,operations,16384.0,1,mmap,27.82349083293466,1177709.9010050856,1.2198709762815296,0.17149259543936846,1.219870953250843,0.17149259225792904
libVentra_deque_concurrent_deque_benchmark.json,deque,PushFrontPopBack,operations,16384.0,1,new/delete,22.808552194386642,1436654.0995920296,1.0,0.14058256879110329,1.0,0.1405825688372341
libVentra_deque_concurrent_deque_benchmark.json,deque,PushFrontPopBack,operations,16384.0,1,std::allocator,22.023868510009294,1487840.5042366667,0.9655969533844211,0.13574610012364513,0.965596846907392,0.13574608519937464
libVentra_deque_concurrent_deque_benchmark.json,deque,PushFrontPopBack,operations,16384.0,1,std::deque + mutex,162.24310304272996,201968.5238511911,7.113257415902935,1.0,7.113257413568787,1.0
libVentra_deque_concurrent_deque_benchmark.json,deque,PushFrontPopBack,operations,32768.0,1,mmap,27.864196186398956,2351978.889264684,1.2197067417221221,0.17169985132666654,1.2197070167450137,0.17169986436281676
libVentra_deque_concurrent_deque_benchmark.json,deque,PushFrontPopBack,operations,32768.0,1,new/delete,22.844996451406903,2868725.154472279,1.0,0.14077142107474208,1.0,0.14077140002115077
libVentra_deque_concurrent_deque_benchmark.json,deque,PushFrontPopBack,operations,32768.0,1,std::allocator,22.10249836534311,2965094.670942671,0.967498437233591,0.13619612989696475,0.9674986713190664,0.13619614248018816
libVentra_deque_concurrent_deque_benchmark.json,deque,PushFrontPopBack,operations,32768.0,1,std::deque + mutex,162.28433496652303,403834.4562709547,7.103714606028262,1.0,7.103715668450772,1.0
libVentra_deque_concurrent_deque_benchmark.json,deque,PushFrontPopBack,operations,49152.0,1,mmap,27.80849841851989,3535034.5959600285,1.208885809760216,0.1730364428445315,1.2088857610306187,0.17303643648474235
libVentra_deque_concurrent_deque_benchmark.json,deque,PushFrontPopBack,operations,49152.0,1,new/delete,23.003412062579955,4273452.987806705,1.0,0.1431371279631891,1.0,0.14313712847210852
libVentra_deque_concurrent_deque_benchmark.json,deque,PushFrontPopBack,operations,49152.0,1,std::allocator,21.899005975494113,4488971.208859226,0.9519894664286609,0.13626503807580734,0.951989395559681,0.136265028416311
libVentra_deque_concurrent_deque_benchmark.json,deque,PushFrontPopBack,operations,49152.0,1,std::deque + mutex,160.708911726214,611689.7893352043,6.98630756554772,1.0,6.986307540708129,1.0
libVentra_deque_concurrent_deque_benchmark.json,deque,PushFrontPopBack,operations,61440.0,1,mmap,27.736571489830297,4430252.162501347,1.2043911209571174,0.17029496057514987,1.204391063907645,0.17029495252803648
libVentra_deque_concurrent_deque_benchmark.json,deque,PushFrontPopBack,operations,61440.0,1,new/delete,23.02953833451406,5335756.115374142,1.0,0.14139506478578004,1.0,0.14139506480188815
libVentra_deque_concurrent_deque_benchmark.json,deque,PushFrontPopBack,operations,61440.0,1,std::allocator,21.898870323854794,5611251.9516113205,0.9509035746077137,0.1344530725366875,0.9509029645054403,0.1344529862865543
libVentra_deque_concurrent_deque_benchmark.json,deque,PushFrontPopBack,operations,61440.0,1,std::deque + mutex,162.8737068680923,754449.5817003979,7.0723826288777865,1.0,7.072382628072081,1.0
