source,family,implementation,workload,operations_kind,operations,threads,n,expected_repetitions,reported_real_time_ns_mean,reported_real_time_ns_median,reported_real_time_ns_stddev,reported_real_time_ns_cv,reported_real_time_ns_q25,reported_real_time_ns_q75,reported_real_time_ns_ci95_low,reported_real_time_ns_ci95_high,wall_time_ns_mean,wall_time_ns_median,wall_time_ns_stddev,wall_time_ns_cv,wall_time_ns_q25,wall_time_ns_q75,wall_time_ns_ci95_low,wall_time_ns_ci95_high,cpu_time_ns_mean,cpu_time_ns_median,cpu_time_ns_stddev,cpu_time_ns_cv,cpu_time_ns_q25,cpu_time_ns_q75,cpu_time_ns_ci95_low,cpu_time_ns_ci95_high,ns_per_operation_mean,ns_per_operation_median,ns_per_operation_stddev,ns_per_operation_cv,ns_per_operation_q25,ns_per_operation_q75,ns_per_operation_ci95_low,ns_per_operation_ci95_high,throughput_total_mops_mean,throughput_total_mops_median,throughput_total_mops_stddev,throughput_total_mops_cv,throughput_total_mops_q25,throughput_total_mops_q75,throughput_total_mops_ci95_low,throughput_total_mops_ci95_high,throughput_per_thread_mops_mean,throughput_per_thread_mops_median,throughput_per_thread_mops_stddev,throughput_per_thread_mops_cv,throughput_per_thread_mops_q25,throughput_per_thread_mops_q75,throughput_per_thread_mops_ci95_low,throughput_per_thread_mops_ci95_high,effective_batch_items,logical_operations
libVentra_deque_concurrent_deque_benchmark.json,arena,mmap,AllocateReleaseUnpublished,operations,512.0,1,30,30,3183.857328127111,3199.577347206812,21.381692871144253,0.006715656723136502,3159.213367743834,3200.974664881666,3163.057683513665,3200.837300210029,3183.857328127111,3199.577347206812,21.381692871144253,0.006715656723136502,3159.213367743834,3200.974664881666,3163.057683513665,3200.837300210029,3143.89219030035,3142.137275520097,3.6897785411253987,0.001173633928195514,3141.1708994734877,3146.5447793609783,3141.585562891209,3144.939289894448,3.109235671999132,3.1245872531316525,0.020880559444476716,0.006715656723136472,3.085169304437338,3.125951821173502,3.088923519056313,3.125817675986356,321.63651565781754,320.04227137223256,2.1664086436214545,0.0067355805020790985,319.9025632420928,324.1313269419988,319.9162919851279,323.73762746396517,321.63651565781754,320.04227137223256,2.1664086436214545,0.0067355805020790985,319.9025632420928,324.1313269419988,319.9162919851279,323.73762746396517,512.0,1024.0
libVentra_deque_concurrent_deque_benchmark.json,arena,mmap,AllocateReleaseUnpublished,operations,1024.0,1,30,30,6330.197648607316,6324.5230364540075,23.313939246564978,0.0036829717712991462,6316.968801242138,6331.550059465506,6318.10469558214,6327.578163572349,6330.197648607316,6324.5230364540075,23.313939246564978,0.0036829717712991462,6316.968801242138,6331.550059465506,6318.10469558214,6327.578163572349,6304.454444224164,6303.233833041829,12.12041921664344,0.001922516741753536,6299.967886808365,6309.397029676028,6300.606335249227,6307.797717075902,3.090916820609041,3.088146013893558,0.011383759397736807,0.0036829717712991467,3.084457422481513,3.091577177473392,3.085012058389717,3.089637775181811,323.53281263931206,323.8188854148914,1.1825136746352205,0.003655003846405948,323.4594974725338,324.2061299786255,323.6625401286599,324.1478422462641,323.53281263931206,323.8188854148914,1.1825136746352205,0.003655003846405948,323.4594974725338,324.2061299786255,323.6625401286599,324.1478422462641,1024.0,2048.0
libVentra_deque_concurrent_deque_benchmark.json,arena,mmap,AllocateReleaseUnpublished,operations,2048.0,1,30,30,12812.89673108368,12814.309066288663,55.28189256127146,0.004314550700089493,12810.046270551155,12820.539019323114,12811.578887479503,12818.643778221322,12812.89673108368,12814.309066288663,55.28189256127146,0.004314550700089493,12810.046270551155,12820.539019323114,12811.578887479503,12818.643778221322,12588.603285774672,12578.440202275746,30.46497155257992,0.0024200438174905264,12573.905842514354,12584.22381253392,12574.14789597192,12581.286581180939,3.1281486159872265,3.1284934243868805,0.013496555801091738,0.004314550700089516,3.127452702771278,3.130014409014432,3.1278268768260507,3.129551703667315,319.6836836722071,319.6426736210094,1.3852938557868868,0.004333326743091838,319.48734845067844,319.7490405594374,319.53458344942464,319.7107906631252,319.6836836722071,319.6426736210094,1.3852938557868868,0.004333326743091838,319.48734845067844,319.7490405594374,319.53458344942464,319.7107906631252,2048.0,4096.0
libVentra_deque_concurrent_deque_benchmark.json,arena,mmap,AllocateReleaseUnpublished,operations,4096.0,1,30,30,25406.730388400254,25367.923715954512,96.56386897341902,0.003800720025647472,25344.74505165023,25432.837119862248,25353.394856610652,25390.92125983881,25406.730388400254,25367.923715954512,96.56386897341902,0.003800720025647472,25344.74505165023,25432.837119862248,25353.394856610652,25390.92125983881,25284.225909605226,25284.718991549238,61.07719260644695,0.0024156243827597006,25270.543162610884,25299.526240696203,25272.048508269312,25294.826085385474,3.1014075181152654,3.0966703754827285,0.011787581661794349,0.0038007200256474833,3.093840948687772,3.1045943749831846,3.0948968330823554,3.0994776928514174,322.43872532398325,322.9274926786652,1.2187220019395246,0.0037797010911606995,322.1033833710942,323.2228223225736,322.6350047123573,323.11254787531374,322.43872532398325,322.9274926786652,1.2187220019395246,0.0037797010911606995,322.1033833710942,323.2228223225736,322.6350047123573,323.11254787531374,4096.0,8192.0
libVentra_deque_concurrent_deque_benchmark.json,arena,mmap,AllocateReleaseUnpublished,operations,8192.0,1,30,30,50742.58394881364,50716.60867025752,163.0020781623032,0.003212333024402755,50675.51404904102,50774.041782214576,50679.17106992049,50760.88198803511,50742.58394881364,50716.60867025752,163.0020781623032,0.003212333024402755,50675.51404904102,50774.041782214576,50679.17106992049,50760.88198803511,50548.96468155593,50553.9040286098,103.80601788588854,0.00205357357049421,50517.144942345214,50619.87910524142,50534.08750547405,50612.473945409045,3.0970815398445826,3.0954961346592724,0.009948857309710889,0.003212333024402755,3.0929879180322892,3.099001573621495,3.093211124873077,3.098198363527534,322.8878251859261,323.0500049428409,1.0317909471958886,0.003195508987066205,322.684573182515,323.3119645166877,322.76822971386997,323.2886344750781,322.8878251859261,323.0500049428409,1.0317909471958886,0.003195508987066205,322.684573182515,323.3119645166877,322.76822971386997,323.2886344750781,8192.0,16384.0
libVentra_deque_concurrent_deque_benchmark.json,arena,mmap,AllocateReleaseUnpublished,operations,16384.0,1,30,30,101820.23879284202,101548.36903020485,552.5304307717939,0.005426528530304693,101437.36382945048,102420.56138297995,101475.64576616528,102049.46630530385,101820.23879284202,101548.36903020485,552.5304307717939,0.005426528530304693,101437.36382945048,102420.56138297995,101475.64576616528,102049.46630530385,101076.5331868349,101108.74860826532,300.8383573095346,0.0029763422609029337,100832.0231467862,101254.93869030447,100878.11837093225,101229.53413419332,3.107307092066712,3.0990102853456065,0.016861890587518136,0.005426528530304697,3.095622675459304,3.1256274836114493,3.0967909474537745,3.1143025605866654,321.8312015141831,322.6836661153567,1.7408203329189107,0.005409109883468502,319.9363005324409,323.0367909054811,321.0993267048934,322.9149240780666,321.8312015141831,322.6836661153567,1.7408203329189107,0.005409109883468502,319.9363005324409,323.0367909054811,321.0993267048934,322.9149240780666,16384.0,32768.0
libVentra_deque_concurrent_deque_benchmark.json,arena,mmap,AllocateReleaseUnpublished,operations,32768.0,1,30,30,202543.3283420356,202429.6154961614,611.8005490908997,0.0030205909723066767,202092.5175565302,202848.48360430833,202154.10272789476,202716.67846774455,202543.3283420356,202429.6154961614,611.8005490908997,0.0030205909723066767,202092.5175565302,202848.48360430833,202154.10272789476,202716.67846774455,201996.64103308253,201886.4733023692,570.410712474899,0.0028238623650255574,201568.64973882659,202299.2096633589,201657.974172958,202177.75478816306,3.090565923187799,3.088830802858908,0.009335335526899656,0.0030205909723066576,3.083687096504672,3.0952222229661306,3.0846268116439015,3.0932110361899494,323.56817858880714,323.74709520489307,0.9736810168414464,0.0030091989301544004,323.07858419478544,324.28712535633736,323.2887048945353,324.1883252236232,323.56817858880714,323.74709520489307,0.9736810168414464,0.0030091989301544004,323.07858419478544,324.28712535633736,323.2887048945353,324.1883252236232,32768.0,65536.0
libVentra_deque_concurrent_deque_benchmark.json,arena,mmap,AllocateReleaseUnpublished,operations,49152.0,1,30,30,303202.31113042956,303151.3886955271,442.4005556458544,0.0014590936130943458,302943.57108726655,303265.4676086049,303049.91217393684,303228.37608705217,303202.31113042956,303151.3886955271,442.4005556458544,0.0014590936130943458,302943.57108726655,303265.4676086049,303049.91217393684,303228.37608705217,302405.8361449329,302357.5439130394,416.07333283777655,0.0013758773247959629,302170.031956512,302458.29086958984,302259.4408695736,302413.3486956484,3.0843334058678127,3.083815396072663,0.00450033117315523,0.0014590936130943375,3.0817013660407158,3.0849758667867517,3.0827831235141687,3.084598552317832,324.219829780477,324.2736259181386,0.47165293599965263,0.001454731921607015,324.15164526339896,324.4960792349348,324.1912953931387,324.3822092009385,324.219829780477,324.2736259181386,0.47165293599965263,0.001454731921607015,324.15164526339896,324.4960792349348,324.1912953931387,324.3822092009385,49152.0,98304.0
libVentra_deque_concurrent_deque_benchmark.json,arena,mmap,AllocateReleaseUnpublished,operations,61440.0,1,30,30,378403.74323256384,378396.28941694205,246.5092590362444,0.0006514450859560917,378248.7845569449,378545.23488131113,378286.30885533383,378463.8018360193,378403.74323256384,378396.28941694205,246.5092590362444,0.0006514450859560917,378248.7845569449,378545.23488131113,378286.30885533383,378463.8018360193,377475.8396688262,377443.64254855446,230.51631388566057,0.0006106783260298228,377344.1592872424,377622.7607991418,377378.7586393294,377537.4713823053,3.0794575458379216,3.0793968865311037,0.0020060974856464706,0.0006514450859560757,3.0781964889074294,3.08060900782317,3.0785018624294747,3.0799463040040633,324.732650230707,324.73891380745556,0.21149297740869816,0.0006512833780602059,324.6111419366718,324.86555152205693,324.68098547506787,324.8333274484569,324.732650230707,324.73891380745556,0.21149297740869816,0.0006512833780602059,324.6111419366718,324.86555152205693,324.68098547506787,324.8333274484569,61440.0,122880.0
libVentra_deque_concurrent_deque_benchmark.json,arena,mmap,AllocateRetireReclaim,operations,512.0,1,30,30,20499.300161894214,20485.844430102792,205.16134722434907,0.010008212261105374,20430.39292083106,20594.94686769001,20468.84486044855,20537.44310218014,20499.300161894214,20485.844430102792,205.16134722434907,0.010008212261105374,20430.39292083106,20594.94686769001,20468.84486044855,20537.44310218014,20448.776845362223,20434.804039097406,204.45457953351388,0.009998376972844912,20381.30513033176,20544.625999015378,20418.719752857018,20487.01407844349,20.01884781434982,20.005707451272258,0.20035287814877825,0.010008212261105367,19.951555586749084,20.112252800478526,19.98910630903179,20.056096779472792,49.95774762323206,49.985735444449524,0.4985582109278707,0.009979597452788766,49.7209723848497,50.121432337952214,49.860197470083534,50.0272492622981,49.95774762323206,49.985735444449524,0.4985582109278707,0.009979597452788766,49.7209723848497,50.121432337952214,49.860197470083534,50.0272492622981,512.0,1024.0
libVentra_deque_concurrent_deque_benchmark.json,arena,mmap,AllocateRetireReclaim,operations,1024.0,1,30,30,41683.89647719748,41687.50859804239,368.0082038949516,0.008828546153219258,41482.71423455326,41875.68727610487,41532.9185574499,41811.730952960825,41683.89647719748,41687.50859804239,368.0082038949516,0.008828546153219258,41482.71423455326,41875.68727610487,41532.9185574499,41811.730952960825,41578.17991799791,41572.64037497324,365.1630241211957,0.00878256395160597,41383.692261755896,41761.37714951482,41426.42327442308,41708.84511582927,20.353465076756585,20.355228807637886,0.1796915058080817,0.00882854615321925,20.255231559840464,20.447112927785582,20.279745389379833,20.415884254375403,49.13537966084482,49.127439231978386,0.43316369810503935,0.008815718960450416,48.906663423249775,49.36997339604686,48.981468916081184,49.31028381602429,49.13537966084482,49.127439231978386,0.43316369810503935,0.008815718960450416,48.906663423249775,49.36997339604686,48.981468916081184,49.31028381602429,1024.0,2048.0
libVentra_deque_concurrent_deque_benchmark.json,arena,mmap,AllocateRetireReclaim,operations,2048.0,1,30,30,84555.54629499247,84433.63633164548,904.6685234438951,0.010699103288715565,84073.60178025415,84928.79438978904,84123.82864840823,84674.03572267183,84555.54629499247,84433.63633164548,904.6685234438951,0.010699103288715565,84073.60178025415,84928.79438978904,84123.82864840823,84674.03572267183,84348.72079331588,84226.0721480542,900.3619020736019,0.010674280458619,83867.67586087142,84718.61296556857,83919.5066760272,84470.76657296353,20.643443919675896,20.61368074503064,0.2208663387314194,0.01069910328871555,20.525781684632364,20.73456894281959,20.53804410361529,20.672372002605428,48.44681385397829,48.511472696017506,0.511005711265284,0.010547767141209472,48.22869579881178,48.71921686313887,48.37374730701914,48.690128182666854,48.44681385397829,48.511472696017506,0.511005711265284,0.010547767141209472,48.22869579881178,48.71921686313887,48.37374730701914,48.690128182666854,2048.0,4096.0
libVentra_deque_concurrent_deque_benchmark.json,arena,mmap,AllocateRetireReclaim,operations,4096.0,1,30,30,168116.934603782,168018.94163889327,1511.345067642975,0.008989844308099676,166886.0613387489,169102.65042879008,167347.69366364495,168892.40924242156,168116.934603782,168018.94163889327,1511.345067642975,0.008989844308099676,166886.0613387489,169102.65042879008,167347.69366364495,168892.40924242156,167690.48195966324,167592.56741302315,1502.654560460558,0.008960881636812345,166458.40483563746,168585.9629585578,166940.28346830374,168460.46355407743,20.52208674362573,20.510124711778964,0.18449036470251154,0.008989844308099673,20.371833659515246,20.642413382420663,20.42818526167541,20.616749175100292,48.731788634245234,48.756446522457495,0.4373549543493434,0.008974736339597465,48.44395804355758,49.087389047101354,48.50425640536129,48.951987098976694,48.731788634245234,48.756446522457495,0.4373549543493434,0.008974736339597465,48.44395804355758,49.087389047101354,48.50425640536129,48.951987098976694,4096.0,8192.0
libVentra_deque_concurrent_deque_benchmark.json,arena,mmap,AllocateRetireReclaim,operations,8192.0,1,30,30,336418.8947926575,336720.25168774027,3058.673492436617,0.0090918599988914,334360.4773384747,338027.8599324407,334967.8625841759,337342.4214077587,336418.8947926575,336720.25168774027,3058.673492436617,0.0090918599988914,334360.4773384747,338027.8599324407,334967.8625841759,337342.4214077587,335362.1380263573,335723.6533269085,3039.5520698978326,0.009063492044110668,333291.8674059958,336919.14922853664,333905.9363548523,336255.2613307602,20.533379809122163,20.551773174300553,0.186686614528602,0.009091859998891394,20.407743978178388,20.631583247829635,20.444815831553704,20.5897474003759,48.70508117015314,48.657603213665894,0.44295113668649333,0.009094556995789123,48.46941500774321,49.001006881628776,48.567865321178814,48.91215519048551,48.70508117015314,48.657603213665894,0.44295113668649333,0.009094556995789123,48.46941500774321,49.001006881628776,48.567865321178814,48.91215519048551,8192.0,16384.0
libVentra_deque_concurrent_deque_benchmark.json,arena,mmap,AllocateRetireReclaim,operations,16384.0,1,30,30,660176.8897971634,660395.3944866369,1865.1244714244206,0.0028251889762416133,658851.7865969554,661468.730988319,659123.9249045855,660760.7385930638,660176.8897971634,660395.3944866369,1865.1244714244206,0.0028251889762416133,658851.7865969554,661468.730988319,659123.9249045855,660760.7385930638,658131.6856146875,658310.4239544134,1906.9496613463596,0.002897519908292047,656778.395437231,659449.9092205943,657019.3602661646,658691.0095056512,20.14699981070445,20.15366804463613,0.05691908176954371,0.0028251889762415947,20.10656087026841,20.186423675180635,20.11486587233232,20.164817461946527,49.63556479895653,49.618759132155816,0.14021070473244918,0.002824803249451425,49.53825308728757,49.73500976291996,49.591324199267746,49.71447517215839,49.63556479895653,49.618759132155816,0.14021070473244918,0.002824803249451425,49.53825308728757,49.73500976291996,49.591324199267746,49.71447517215839,16384.0,32768.0
libVentra_deque_concurrent_deque_benchmark.json,arena,mmap,AllocateRetireReclaim,operations,32768.0,1,30,30,1326605.6629769688,1325964.765267787,5226.2629246584365,0.003939575316549188,1323396.4646953354,1329891.4656482385,1324480.6507624814,1328236.8377857693,1326605.6629769688,1325964.765267787,5226.2629246584365,0.003939575316549188,1323396.4646953354,1329891.4656482385,1324480.6507624814,1328236.8377857693,1322661.2678117119,1322081.7671754134,5220.5328442224445,0.00394699154747277,1319303.6669848356,1326010.2127859427,1320493.1011451744,1324251.7347330754,20.242395980483533,20.23261665752849,0.07974644355252715,0.003939575316549175,20.19342750084435,20.292533350345437,20.209970867347437,20.26728573281508,49.40200766224437,49.42514446676514,0.19460170594727302,0.00393914569783766,49.27922099622806,49.52107176824856,49.34059932081327,49.48052655718658,49.40200766224437,49.42514446676514,0.19460170594727302,0.00393914569783766,49.27922099622806,49.52107176824856,49.34059932081327,49.48052655718658,32768.0,65536.0
libVentra_deque_concurrent_deque_benchmark.json,arena,mmap,AllocateRetireReclaim,operations,49152.0,1,30,30,1990632.5048964606,1988841.9293793202,6777.489897302078,0.00340469166490105,1985780.5268361645,1994956.7090394227,1986217.2175147203,1994286.5536722308,1990632.5048964606,1988841.9293793202,6777.489897302078,0.00340469166490105,1985780.5268361645,1994956.7090394227,1986217.2175147203,1994286.5536722308,1984786.7894538136,1983107.9180789855,6689.017030340604,0.003370143869297584,1980037.53389846,1988884.420903864,1980547.1525424728,1988326.4491522696,20.24976099544739,20.231546319369713,0.06894419247743785,0.003404691664901037,20.200404122275437,20.293749074701157,20.2048463695752,20.286931901776434,49.383851304922565,49.427767194065744,0.16784215405015426,0.003398725486471401,49.27625729556705,49.50396044055832,49.29281800125612,49.49307644026378,49.383851304922565,49.427767194065744,0.16784215405015426,0.003398725486471401,49.27625729556705,49.50396044055832,49.29281800125612,49.49307644026378,49152.0,98304.0
libVentra_deque_concurrent_deque_benchmark.json,arena,mmap,AllocateRetireReclaim,operations,61440.0,1,30,30,2494880.475059698,2494179.9892086047,14473.281927169148,0.0058011925107646,2485599.019783065,2501489.1528783883,2486815.712230794,2498735.338128603,2494880.475059698,2494179.9892086047,14473.281927169148,0.0058011925107646,2485599.019783065,2501489.1528783883,2486815.712230794,2498735.338128603,2486949.8098320635,2486338.4964025905,14408.308576665198,0.005793566287386455,2477737.0125899953,2493436.40647466,2479574.4388489216,2490748.669064939,20.303389282712384,20.297688714262733,0.117783869850009,0.0058011925107645836,20.227856606307498,20.357170840481672,20.237758074794872,20.334760238676783,49.25445643533835,49.26670354551966,0.2846019274857275,0.00577819649394274,49.122745748052594,49.43677603130534,49.17688834158663,49.412588064971956,49.25445643533835,49.26670354551966,0.2846019274857275,0.00577819649394274,49.122745748052594,49.43677603130534,49.17688834158663,49.412588064971956,61440.0,122880.0
libVentra_deque_concurrent_deque_benchmark.json,arena,mmap,ConstructDestroy,,,1,30,30,730094.6719225881,727541.3537343192,4312.446421827532,0.005906694826948114,726859.3329877998,735782.0622407297,726939.2531119615,730613.8060167991,730094.6719225881,727541.3537343192,4312.446421827532,0.005906694826948114,726859.3329877998,735782.0622407297,726939.2531119615,730613.8060167991,722853.1495158935,723301.1804978976,1434.5494085314565,0.001984565481235293,721701.8817427485,723876.4299792156,721987.9387966361,723564.2759336217,730094.6719225881,727541.3537343192,4312.446421827543,0.00590669482694813,726859.3329877998,735782.0622407296,726939.2531119615,730613.8060167991,0.001369731387904922,0.0013744923250108686,8.057282464528754e-06,0.005882381418485855,0.0013590981818510312,0.0013757820194320773,0.0013687176696996978,0.0013756307645394926,0.001369731387904922,0.0013744923250108686,8.057282464528754e-06,0.005882381418485855,0.0013590981818510312,0.0013757820194320773,0.0013687176696996978,0.0013756307645394926,1.0,1.0
libVentra_deque_concurrent_deque_benchmark.json,arena,new/delete,AllocateReleaseUnpublished,operations,512.0,1,30,30,5163.684395390726,5162.698688569033,6.784151973525082,0.0013138200273395558,5158.852005591208,5167.639955053128,5160.221442723565,5165.742821873142,5163.684395390726,5162.698688569033,6.784151973525082,0.0013138200273395558,5158.852005591208,5167.639955053128,5160.221442723565,5165.742821873142,5150.985580164414,5149.57564758416,6.5382556946717365,0.0012693212964620727,5146.662169554672,5155.19547282512,5147.774557927734,5153.384292388655,5.042660542373756,5.041697938055696,0.006625148411645495,0.0013138200273395374,5.037941411710164,5.04652339360657,5.039278752659731,5.04467072448549,198.30834506055228,198.34587782223988,0.2602720123466767,0.0013124612192553175,198.15622011773814,198.49377386232206,198.2290036693906,198.44109796052066,198.30834506055228,198.34587782223988,0.2602720123466767,0.0013124612192553175,198.15622011773814,198.49377386232206,198.2290036693906,198.44109796052066,512.0,1024.0
libVentra_deque_concurrent_deque_benchmark.json,arena,new/delete,AllocateReleaseUnpublished,operations,1024.0,1,30,30,10341.116471188592,10361.008914361715,77.81213499296098,0.007524539077550624,10346.526890433524,10375.669240291818,10352.500486235986,10371.779351091409,10341.116471188592,10361.008914361715,77.81213499296098,0.007524539077550624,10346.526890433524,10375.669240291818,10352.500486235986,10371.779351091409,10311.565282607418,10329.612409382906,76.29713597021536,0.007399180810977963,10317.930733187937,10348.016325808923,10321.53206223846,10341.014984970809,5.049373276947555,5.059086383965682,0.03799420653953188,0.0075245390775506545,5.052015083219494,5.066244746236239,5.054931878044915,5.064345386275102,198.05539440238252,197.66414809546947,1.514315802742981,0.007645920512856097,197.38485804992573,197.94082096679944,197.45889109009318,197.82660526729867,198.05539440238252,197.66414809546947,1.514315802742981,0.007645920512856097,197.38485804992573,197.94082096679944,197.45889109009318,197.82660526729867,1024.0,2048.0
libVentra_deque_concurrent_deque_benchmark.json,arena,new/delete,AllocateReleaseUnpublished,operations,2048.0,1,30,30,20478.120614417872,20493.47297689125,178.49902294970448,0.008716572497577246,20291.43992931464,20637.588121991335,20322.073683606668,20628.905086035484,20478.120614417872,20493.47297689125,178.49902294970448,0.008716572497577246,20291.43992931464,20637.588121991335,20322.073683606668,20628.905086035484,20257.545094518166,20246.138359497367,44.31869131427712,0.0021877621946535895,20224.56411110453,20292.302178068545,20230.62897526479,20270.197532294336,4.999541165629363,5.003289300998841,0.04357886302483008,0.008716572497577223,4.953964826492832,5.038473662595541,4.961443770411784,5.036353780770382,200.03304943704194,199.87322707941465,1.743943154663589,0.008718275102897308,198.47281045685875,201.85851868807293,198.55634743698562,201.55452670681782,200.03304943704194,199.87322707941465,1.743943154663589,0.008718275102897308,198.47281045685875,201.85851868807293,198.55634743698562,201.55452670681782,2048.0,4096.0
libVentra_deque_concurrent_deque_benchmark.json,arena,new/delete,AllocateReleaseUnpublished,operations,4096.0,1,30,30,40946.62927901128,40746.04472861436,367.2721740599862,0.008969533769370493,40710.60010413069,41295.188577699104,40720.315472732014,40794.5382478918,40946.62927901128,40746.04472861436,367.2721740599862,0.008969533769370493,40710.60010413069,41295.188577699104,40720.315472732014,40794.5382478918,40835.16501562322,40635.20541604007,365.34916391991476,0.008946925126423144,40600.71285152161,41183.113123481024,40610.368707326124,40687.31257956209,4.998367831910556,4.973882413160933,0.044833029060057004,0.008969533769370513,4.969555676773766,5.04091657442616,4.970741634854981,4.979802032213354,200.0807260343399,201.05018991198943,1.7782083233748613,0.008887454372140108,198.38540808889329,201.2252355030205,200.8112045728716,201.17722333182067,200.0807260343399,201.05018991198943,1.7782083233748613,0.008887454372140108,198.38540808889329,201.2252355030205,200.8112045728716,201.17722333182067,4096.0,8192.0
libVentra_deque_concurrent_deque_benchmark.json,arena,new/delete,AllocateReleaseUnpublished,operations,8192.0,1,30,30,82713.88409109792,82654.51990580559,216.14353369438805,0.0026131469470873333,82585.70170786895,82810.83739695727,82594.87373381277,82767.4687868107,82713.88409109792,82654.51990580559,216.14353369438805,0.0026131469470873333,82585.70170786895,82810.83739695727,82594.87373381277,82767.4687868107,82498.13261876718,82447.32720848054,193.46669060253225,0.0023451038764303045,82377.81537102353,82586.01902237949,82388.83439340416,82559.65241460569,5.048454839544551,5.044831537219579,0.01319235435146411,0.002613146947087332,5.0406312077556725,5.05437239971663,5.041191023792283,5.051725389819989,198.08171093849475,198.2226745678273,0.5153654854569348,0.002601782279722726,197.848501074431,198.3878527970223,197.95217051946673,198.36582187442247,198.08171093849475,198.2226745678273,0.5153654854569348,0.002601782279722726,197.848501074431,198.3878527970223,197.95217051946673,198.36582187442247,8192.0,16384.0
libVentra_deque_concurrent_deque_benchmark.json,arena,new/delete,AllocateReleaseUnpublished,operations,16384.0,1,30,30,165296.0120435958,165314.47866283666,223.70382475051352,0.0013533528243350058,165121.16998568666,165417.1217401292,165160.96206726544,165379.3776670968,165296.0120435958,165314.47866283666,223.70382475051352,0.0013533528243350058,165121.16998568666,165417.1217401292,165160.96206726544,165379.3776670968,164902.28530109115,164918.99549549408,217.64545386182365,0.0013198449825266522,164730.07254623092,165024.9956140399,164769.22119487682,164986.2550972046,5.044433961291376,5.044997517786763,0.006826898948685129,0.0013533528243350106,5.039098205129597,5.048129935917029,5.040312563087934,5.046978078219506,198.23864833315739,198.21615308900084,0.26822309999483757,0.0013530313198265214,198.09315948376613,198.448206342475,198.13836841662436,198.4003963090738,198.23864833315739,198.21615308900084,0.26822309999483757,0.0013530313198265214,198.09315948376613,198.448206342475,198.13836841662436,198.4003963090738,16384.0,32768.0
libVentra_deque_concurrent_deque_benchmark.json,arena,new/delete,AllocateReleaseUnpublished,operations,32768.0,1,30,30,330699.2021423972,330613.7027409361,494.80148127540275,0.0014962282281598734,330310.4770796016,330881.6134213474,330463.991965906,330783.4948013729,330699.2021423972,330613.7027409361,494.80148127540275,0.0014962282281598734,330310.4770796016,330881.6134213474,330463.991965906,330783.4948013729,329909.2781978597,329821.9678638969,493.78410391413183,0.0014967269384221133,329512.98653119174,330083.69376182073,329677.1148393166,329993.93241966167,5.0460693686278875,5.044764751296022,0.007550071430593873,0.0014962282281598652,5.040137894891382,5.048852743856009,5.042480346159454,5.047355572530714,198.17447757688953,198.22529892978406,0.29608527034705756,0.001494063584611594,198.06479829762972,198.4072699718003,198.1235492039945,198.3151011800881,198.17447757688953,198.22529892978406,0.29608527034705756,0.001494063584611594,198.06479829762972,198.4072699718003,198.1235492039945,198.3151011800881,32768.0,65536.0
libVentra_deque_concurrent_deque_benchmark.json,arena,new/delete,AllocateReleaseUnpublished,operations,49152.0,1,30,30,495865.27854782186,495803.86987287964,629.962709262372,0.0012704311766035814,495494.97807636333,496259.9589818748,495526.72135789046,496146.9363505781,495865.27854782186,495803.86987287964,629.962709262372,0.0012704311766035814,495494.97807636333,496259.9589818748,495526.72135789046,496146.9363505781,494662.6987270153,494599.02545969887,623.4063387750386,0.0012602655109822053,494284.4773691669,495062.0901697331,494357.2468175463,494886.95544554165,5.044202459186014,5.04357777784098,0.006408312065250651,0.0012704311766036378,5.04043556799686,5.048217356179554,5.040758477354842,5.04706763051939,198.2477046285072,198.27195275618254,0.25170178331106896,0.0012696327747286074,198.0897275875829,198.39555263367782,198.13485436523206,198.38284347382591,198.2477046285072,198.27195275618254,0.25170178331106896,0.0012696327747286074,198.0897275875829,198.39555263367782,198.13485436523206,198.38284347382591,49152.0,98304.0
libVentra_deque_concurrent_deque_benchmark.json,arena,new/delete,AllocateReleaseUnpublished,operations,61440.0,1,30,30,619844.2426384281,619818.4381625648,706.9088674843517,0.0011404621013745718,619401.7575089497,620289.5936394753,619541.0344526113,620203.8780915657,619844.2426384281,619818.4381625648,706.9088674843517,0.0011404621013745718,619401.7575089497,620289.5936394753,619541.0344526113,620203.8780915657,618267.8982332158,618226.4125441639,708.8813828891166,0.0011465602288503755,617733.8211130623,618710.3189045987,617902.0468197777,618639.3312720979,5.044305360013251,5.044095362651081,0.005752839090855599,0.0011404621013745462,5.040704406811114,5.047929635737917,5.041837845480236,5.047232080823289,198.24360058489614,198.25160607394488,0.22603888049859677,0.0011402077032080413,198.1010182100243,198.38497208883535,198.1283981789021,198.3403751961528,198.24360058489614,198.25160607394488,0.22603888049859677,0.0011402077032080413,198.1010182100243,198.38497208883535,198.1283981789021,198.3403751961528,61440.0,122880.0
libVentra_deque_concurrent_deque_benchmark.json,arena,new/delete,AllocateRetireReclaim,operations,512.0,1,30,30,25418.856043337048,25475.03284999948,307.6881417011387,0.012104720258714863,25170.554650014765,25636.943475001317,25303.998000003958,25574.86240000344,25418.856043337048,25475.03284999948,307.6881417011387,0.012104720258714863,25170.554650014765,25636.943475001317,25303.998000003958,25574.86240000344,25351.23147666681,25394.9178500001,303.87952000873616,0.011986775486170203,25108.503525000357,25565.03309999947,25234.589350000646,25505.83515000042,24.823101604821336,24.877961767577617,0.3004767008800186,0.012104720258714877,24.580619775405047,25.036077612305974,24.710935546878865,24.97545156250336,40.29077469373121,40.19621909088727,0.48889238847885275,0.012134102463781092,39.942359222241876,40.682462671318184,40.039324228452784,40.4682564716953,40.29077469373121,40.19621909088727,0.48889238847885275,0.012134102463781092,39.942359222241876,40.682462671318184,40.039324228452784,40.4682564716953,512.0,1024.0
libVentra_deque_concurrent_deque_benchmark.json,arena,new/delete,AllocateRetireReclaim,operations,1024.0,1,30,30,51538.46226687303,51321.21666668983,661.1151853953487,0.012827607893537958,51136.34341520134,51757.0377231906,51180.56904764433,51687.98482144899,51538.46226687303,51321.21666668983,661.1151853953487,0.012827607893537958,51136.34341520134,51757.0377231906,51180.56904764433,51687.98482144899,51403.77296130973,51183.41443452283,664.944621077841,0.012935716247488824,50987.0662574405,51631.33058035793,51043.46398809539,51559.224404762455,25.165264778746597,25.05918782553214,0.32281014911882233,0.012827607893537948,24.96891768320378,25.27199107577666,24.990512230295085,25.23827383859814,39.74344501721696,39.90552356992212,0.49467324087632686,0.0124466623530505,39.569498911083556,40.04979715765501,39.62240492467116,40.015190266336475,39.74344501721696,39.90552356992212,0.49467324087632686,0.0124466623530505,39.569498911083556,40.04979715765501,39.62240492467116,40.015190266336475,1024.0,2048.0
libVentra_deque_concurrent_deque_benchmark.json,arena,new/delete,AllocateRetireReclaim,operations,2048.0,1,30,30,103509.19151212015,103261.49543718368,1198.7175212999066,0.011580783346757623,102813.49212545312,104217.02568435503,102982.023844536,103949.16396821343,103509.19151212015,103261.49543718368,1198.7175212999066,0.011580783346757623,102813.49212545312,104217.02568435503,102982.023844536,103949.16396821343,103256.63031105926,103009.92051810704,1195.7385369469584,0.011580259140210287,102561.98020312266,103962.33007065037,102737.10008831303,103691.27023844354,25.270798709013707,25.210326034468668,0.29265564484861,0.011580783346757623,25.100950225940707,25.443609786219486,25.142095665169922,25.378213859427113,39.57644364871209,39.66630488826491,0.4537298934584127,0.011464645421043992,39.302600075331384,39.839158293099544,39.403876404657936,39.773932033687565,39.57644364871209,39.66630488826491,0.4537298934584127,0.011464645421043992,39.302600075331384,39.839158293099544,39.403876404657936,39.773932033687565,2048.0,4096.0
libVentra_deque_concurrent_deque_benchmark.json,arena,new/delete,AllocateRetireReclaim,operations,4096.0,1,30,30,210279.27863863035,210190.7186186252,1738.9674743195478,0.00826979950462928,209084.33768772602,211546.96651643058,209434.96066075505,210917.28348350356,210279.27863863035,210190.7186186252,1738.9674743195478,0.00826979950462928,209084.33768772602,211546.96651643058,209434.96066075505,210917.28348350356,209690.89771771798,209626.42792792304,1729.2428807493568,0.008246628249344575,208500.17177176892,210901.306456446,208858.10630630457,210352.08828829462,25.66885725569218,25.658046706375146,0.21227630301752343,0.0082697995046293,25.522990440396242,25.823604311087717,25.565791096283576,25.74673870648237,38.96028525396691,38.974134746491416,0.32165420333961986,0.008255950931644405,38.72430120273333,39.18037124680702,38.83987132339162,39.11479247248947,38.96028525396691,38.974134746491416,0.32165420333961986,0.008255950931644405,38.72430120273333,39.18037124680702,38.83987132339162,39.11479247248947,4096.0,8192.0
libVentra_deque_concurrent_deque_benchmark.json,arena,new/delete,AllocateRetireReclaim,operations,8192.0,1,30,30,420267.42464458576,419210.59774885094,3898.0560986666314,0.009275180206896032,417516.2248225098,422087.16972741554,417914.8921802394,421199.0159952702,420267.42464458576,419210.59774885094,3898.0560986666314,0.009275180206896032,417516.2248225098,422087.16972741554,417914.8921802394,421199.0159952702,419025.5768562426,417962.0361374429,3869.771249512859,0.009235167166992488,416323.32316351926,420782.9730450203,416696.825829383,419782.3127962075,25.65108792996739,25.586584335257015,0.23791846305338316,0.009275180206896029,25.483168018952014,25.762156355433078,25.507500743422813,25.707947753617567,38.98791450134297,39.0830225244178,0.3584021030473323,0.009192646173341404,38.8166570883747,39.24158971528391,38.898478444161256,39.20417147335894,38.98791450134297,39.0830225244178,0.3584021030473323,0.009192646173341404,38.8166570883747,39.24158971528391,38.898478444161256,39.20417147335894,8192.0,16384.0
libVentra_deque_concurrent_deque_benchmark.json,arena,new/delete,AllocateRetireReclaim,operations,16384.0,1,30,30,852356.4870813605,847973.4653109557,16386.88831811898,0.019225392856727086,845528.632177294,852695.251794329,847181.3540669053,851304.0095697383,852356.4870813605,847973.4653109557,16386.88831811898,0.019225392856727086,845528.632177294,852695.251794329,847181.3540669053,851304.0095697383,848864.2078149922,845340.2751196236,14598.409496588434,0.017197579262017985,842924.9683014067,848934.9037081341,844587.5909090859,848084.7990430753,26.011855684855973,25.878096475554067,0.5000881444738452,0.019225392856727058,25.80348608939496,26.02219396344998,25.853923158780074,25.979736620170236,38.45669668265037,38.642718679225226,0.6829918689313556,0.017760024335098067,38.42874777502514,38.754453489259674,38.49155190048492,38.678849390035296,38.45669668265037,38.642718679225226,0.6829918689313556,0.017760024335098067,38.42874777502514,38.754453489259674,38.49155190048492,38.678849390035296,16384.0,32768.0
libVentra_deque_concurrent_deque_benchmark.json,arena,new/delete,AllocateRetireReclaim,operations,32768.0,1,30,30,1687554.0537481818,1688140.1961720048,4991.552807740922,0.0029578624735926624,1683568.5239230993,1690126.4366027494,1685476.4904308196,1689415.1004780985,1687554.0537481818,1688140.1961720048,4991.552807740922,0.0029578624735926624,1683568.5239230993,1690126.4366027494,1685476.4904308196,1689415.1004780985,1682200.238596488,1683036.4090908004,4970.416797447497,0.0029547117420423564,1678025.2141148834,1684431.5813397055,1680170.023923463,1684102.4282296724,25.750031337710297,25.758975161315995,0.07616505138764766,0.0029578624735926355,25.689216978807057,25.789282785076136,25.71833023728668,25.778428657197544,38.8352326946366,38.821420332743905,0.11489021855606962,0.002958401703408274,38.77579732453592,38.92683877516883,38.79212400190442,38.882774100306975,38.8352326946366,38.821420332743905,0.11489021855606962,0.002958401703408274,38.77579732453592,38.92683877516883,38.79212400190442,38.882774100306975,32768.0,65536.0
libVentra_deque_concurrent_deque_benchmark.json,arena,new/delete,AllocateRetireReclaim,operations,49152.0,1,30,30,2511616.4814283233,2511643.22142878,5586.752445419838,0.002224365259079175,2508080.4749986134,2513814.589285955,2508858.964287291,2512673.0249991985,2511616.4814283233,2511643.22142878,5586.752445419838,0.002224365259079175,2508080.4749986134,2513814.589285955,2508858.964287291,2512673.0249991985,2503741.47952382,2503575.528571389,5504.939433083777,0.002198685238913223,2500292.1642857147,2505390.666071453,2501054.885714333,2505081.4607143123,25.549484064008826,25.549756077359824,0.05683138473937779,0.002224365259079157,25.513513946519097,25.571844373432974,25.52143314908133,25.560231780997704,39.13992047842061,39.139316936408775,0.08690967314180692,0.002220486707164458,39.105509653485484,39.19491463353006,39.12327601350469,39.182752731702344,39.13992047842061,39.139316936408775,0.08690967314180692,0.002220486707164458,39.105509653485484,39.19491463353006,39.12327601350469,39.182752731702344,49152.0,98304.0
libVentra_deque_concurrent_deque_benchmark.json,arena,new/delete,AllocateRetireReclaim,operations,61440.0,1,30,30,3140019.0568805933,3139579.637616057,7551.757457966832,0.0024050037025791227,3132224.594035865,3147424.477061293,3135477.247707651,3145656.9036711473,3140019.0568805933,3139579.637616057,7551.757457966832,0.0024050037025791227,3132224.594035865,3147424.477061293,3135477.247707651,3145656.9036711473,3130237.575535153,3129984.756880841,7605.411337871242,0.0024296594601357063,3122544.410550359,3137401.8486238164,3125562.270642125,3135927.5137614585,25.553540501957947,25.549964498828587,0.06145635952121438,0.0024050037025791205,25.49010900094291,25.613805965668078,25.51657916428752,25.599421416594623,39.1337392594862,39.13899763542838,0.09411505357894992,0.0024049593869600898,39.04144533173414,39.23090723872348,39.06338722833658,39.19020992951107,39.1337392594862,39.13899763542838,0.09411505357894992,0.0024049593869600898,39.04144533173414,39.23090723872348,39.06338722833658,39.19020992951107,61440.0,122880.0
libVentra_deque_concurrent_deque_benchmark.json,arena,new/delete,ConstructDestroy,,,1,30,30,148292.11761903012,147600.67058833718,3337.352650758329,0.022505259917672465,145521.96512608242,149579.34506301285,145753.04390763363,149395.66764699237,148292.11761903012,147600.67058833718,3337.352650758329,0.022505259917672465,145521.96512608242,149579.34506301285,145753.04390763363,149395.66764699237,147131.3766386555,146716.02920168062,2176.7451264318956,0.014794567794861537,145051.75892857148,148555.23161764708,145299.60084033626,148045.53586659674,148292.11761903012,147600.67058833718,3337.3526507583297,0.02250525991767247,145521.96512608242,149579.34506301285,145753.04390763363,149395.66764699237,0.006746627940760924,0.006775037943641931,0.000146331621063813,0.021689594023664046,0.006685415527598844,0.006871815336029867,0.006693635708198512,0.006860922359258793,0.006746627940760924,0.006775037943641931,0.000146331621063813,0.021689594023664046,0.006685415527598844,0.006871815336029867,0.006693635708198512,0.006860922359258793,1.0,1.0
libVentra_deque_concurrent_deque_benchmark.json,arena,std::allocator,AllocateReleaseUnpublished,operations,512.0,1,30,30,5175.974841445183,5175.6052101255555,12.785382476617233,0.002470139996477925,5167.456467462007,5185.702840675047,5169.65731877345,5181.12301434232,5175.974841445183,5175.6052101255555,12.785382476617233,0.002470139996477925,5167.456467462007,5185.702840675047,5169.65731877345,5181.12301434232,5163.0316312014465,5162.675404540313,12.639712450608268,0.002448118344699543,5153.479332138186,5172.837342925515,5156.44237893426,5168.051530733079,5.054662931098812,5.054301963013238,0.012485725074821319,0.002470139996477886,5.046344206505867,5.064162930346725,5.0484934753646975,5.059690443693672,197.83829516458383,197.85125787148877,0.4885805685652849,0.0024695955257743674,197.46600957908893,198.1632562409668,197.6405618798446,198.07890206060137,197.83829516458383,197.85125787148877,0.4885805685652849,0.0024695955257743674,197.46600957908893,198.1632562409668,197.6405618798446,198.07890206060137,512.0,1024.0
libVentra_deque_concurrent_deque_benchmark.json,arena,std::allocator,AllocateReleaseUnpublished,operations,1024.0,1,30,30,10355.223424649568,10347.833422186988,26.246658886488216,0.0025346298974110674,10333.473737596498,10377.010513842622,10335.628698352979,10368.995942544096,10355.223424649568,10347.833422186988,26.246658886488216,0.0025346298974110674,10333.473737596498,10377.010513842622,10335.628698352979,10368.995942544096,10329.584136433166,10322.79280319846,25.898466278484907,0.0025072128690194996,10308.286650378082,10350.641707389257,10310.435021471796,10342.3480082926,5.056261437817172,5.05265303817724,0.012815751409418125,0.0025346298974110774,5.04564147343579,5.066899664962217,5.0466937003676655,5.062986300070358,197.77581076289775,197.91582649350488,0.5008901482947937,0.002532615825781054,197.3593455298681,198.19085578071477,197.51189490567663,198.1495339806329,197.77581076289775,197.91582649350488,0.5008901482947937,0.002532615825781054,197.3593455298681,198.19085578071477,197.51189490567663,198.1495339806329,1024.0,2048.0
libVentra_deque_concurrent_deque_benchmark.json,arena,std::allocator,AllocateReleaseUnpublished,operations,2048.0,1,30,30,20697.51275739674,20695.565539491847,53.90682141515849,0.0026045072201196554,20658.620832837143,20732.48250985913,20669.569004652458,20720.00131437099,20697.51275739674,20695.565539491847,53.90682141515849,0.0026045072201196554,20658.620832837143,20732.48250985913,20669.569004652458,20720.00131437099,20647.249695304145,20645.814434220738,52.97059082446432,0.0025655034741267043,20609.691226550276,20683.120115903752,20620.296003106545,20667.44019596179,5.0531037005363135,5.0526283055400025,0.013160845072060152,0.00260450722011965,5.043608601766881,5.061641237758576,5.046281495276479,5.058594070891355,197.8994718710349,197.91679630365007,0.5151390558415573,0.002603034010001087,197.56437887091724,198.27074244229118,197.68338937711192,198.16572092871309,197.8994718710349,197.91679630365007,0.5151390558415573,0.002603034010001087,197.56437887091724,198.27074244229118,197.68338937711192,198.16572092871309,2048.0,4096.0
libVentra_deque_concurrent_deque_benchmark.json,arena,std::allocator,AllocateReleaseUnpublished,operations,4096.0,1,30,30,41440.26464923324,41435.02882894426,127.44059008180847,0.0030752841749567945,41332.74955232405,41509.3281902561,41400.647129049496,41489.49814971628,41440.26464923324,41435.02882894426,127.44059008180847,0.0030752841749567945,41332.74955232405,41509.3281902561,41400.647129049496,41489.49814971628,41340.01004735145,41333.017607735776,126.94020890152554,0.0030706380757074413,41233.794496836075,41410.81613345985,41302.19834069436,41387.92180971656,5.058626055814605,5.057986917595735,0.015556712656470713,0.0030752841749567853,5.045501654336432,5.0670566638496215,5.0537899327453,5.064636004604038,197.68394072950585,197.70713384413006,0.6073520897651115,0.003072339045467336,197.35323015765314,198.19636415364937,197.44756432251518,197.87131065609236,197.68394072950585,197.70713384413006,0.6073520897651115,0.003072339045467336,197.35323015765314,198.19636415364937,197.44756432251518,197.87131065609236,4096.0,8192.0
libVentra_deque_concurrent_deque_benchmark.json,arena,std::allocator,AllocateReleaseUnpublished,operations,8192.0,1,30,30,82927.67342290086,82902.69090264372,304.37448066584244,0.003670360786726087,82658.37273155787,83130.3793306674,82722.22142355738,83041.49882160798,82927.67342290086,82902.69090264372,304.37448066584244,0.003670360786726087,82658.37273155787,83130.3793306674,82722.22142355738,83041.49882160798,82721.88141252313,82697.16332783716,299.1826137670815,0.0036167288347214587,82453.2099340121,82926.3154018341,82522.70610417693,82831.33407966938,5.061503504815726,5.059978692788313,0.018577543985952332,0.003670360786726094,5.045066695041374,5.0738756915690555,5.048963709933922,5.068450855811034,197.57232327098126,197.62931437157903,0.7242762271902504,0.0036658789814242652,197.08801594239688,198.21343662301547,197.29896871264077,198.06050903486187,197.57232327098126,197.62931437157903,0.7242762271902504,0.0036658789814242652,197.08801594239688,198.21343662301547,197.29896871264077,198.06050903486187,8192.0,16384.0
libVentra_deque_concurrent_deque_benchmark.json,arena,std::allocator,AllocateReleaseUnpublished,operations,16384.0,1,30,30,165692.78475193612,165632.2009033733,408.77501464091,0.0024670658728616333,165407.97301479094,165923.69531629002,165486.21730868687,165836.13980042038,165692.78475193612,165632.2009033733,408.77501464091,0.0024670658728616333,165407.97301479094,165923.69531629002,165486.21730868687,165836.13980042038,165290.74206688933,165235.20351877357,408.02458651366527,0.0024685265575766315,165003.35068948873,165514.40644318657,165081.6157869731,165436.12291962953,5.056542503416019,5.05469363108439,0.012474823444852028,0.0024670658728616407,5.047850738976774,5.063589334603577,5.050238565328579,5.060917352307751,197.7647516540359,197.8359326121458,0.4869772169003604,0.002462406535176019,197.488370892724,198.10411482831336,197.59263818005758,198.01044886044707,197.7647516540359,197.8359326121458,0.4869772169003604,0.002462406535176019,197.488370892724,198.10411482831336,197.59263818005758,198.01044886044707,16384.0,32768.0
libVentra_deque_concurrent_deque_benchmark.json,arena,std::allocator,AllocateReleaseUnpublished,operations,32768.0,1,30,30,331283.94555765507,331078.20557634527,776.3441760078258,0.002343440382240662,330742.4262762679,331680.688563342,330924.61862000014,331538.1271266195,331283.94555765507,331078.20557634527,776.3441760078258,0.002343440382240662,330742.4262762679,331680.688563342,330924.61862000014,331538.1271266195,330450.91562697577,330248.37381852226,765.0044808136727,0.0023150321110843456,329950.5472589995,330770.3156899819,330126.928166362,330705.9706994254,5.054991845056993,5.051852502080463,0.011846072021603586,0.002343440382240622,5.04672891656903,5.0610456628927905,5.049508951110841,5.058870348001396,197.82530367190455,197.9471890580998,0.46255741670628137,0.0023382115842644578,197.58762690454418,198.14815614077747,197.67259574598899,198.03907155117852,197.82530367190455,197.9471890580998,0.46255741670628137,0.0023382115842644578,197.58762690454418,198.14815614077747,197.67259574598899,198.03907155117852,32768.0,65536.0
libVentra_deque_concurrent_deque_benchmark.json,arena,std::allocator,AllocateReleaseUnpublished,operations,49152.0,1,30,30,497708.23710521794,497299.2227723866,2349.032904983972,0.004719698670543351,496211.93493619235,498222.4398872858,496360.9172560015,497922.87411585264,497708.23710521794,497299.2227723866,2349.032904983972,0.004719698670543351,496211.93493619235,498222.4398872858,496360.9172560015,497922.87411585264,496060.4772748787,496065.19377651194,1296.987405949598,0.002614575168484763,494951.33804808056,497004.0933522316,495125.437765221,496696.80268742965,5.062950003104839,5.058789294152696,0.0238955983986812,0.004719698670543318,5.047728830324222,5.0681807442961215,5.049244356852229,5.065133403685024,197.51751152199776,197.67575721197193,0.921527808982672,0.004665549914444119,197.30946292428365,198.1088987978213,197.4281756894105,198.04945393486543,197.51751152199776,197.67575721197193,0.921527808982672,0.004665549914444119,197.30946292428365,198.1088987978213,197.4281756894105,198.04945393486543,49152.0,98304.0
libVentra_deque_concurrent_deque_benchmark.json,arena,std::allocator,AllocateReleaseUnpublished,operations,61440.0,1,30,30,621896.0416962819,621639.3994662995,1851.6847794498278,0.0029774828191528246,620594.6774913073,622995.1788255107,620968.7935948699,622102.8887896336,621896.0416962819,621639.3994662995,1851.6847794498278,0.0029774828191528246,620594.6774913073,622995.1788255107,620968.7935948699,622102.8887896336,620304.2154804213,620069.124555184,1793.6961029571985,0.0028916393895018,619096.1552491304,621191.2139679691,619357.3514234442,620591.3496440742,5.061002943491876,5.058914383677568,0.015069049311928876,0.002977482819152813,5.050412414480039,5.06994774434823,5.053456979124917,5.062686269446889,197.59098440277597,197.67086876513548,0.5872090722415975,0.0029718414229093124,197.24075792180858,198.00363278124019,197.5236015695627,197.88434088611075,197.59098440277597,197.67086876513548,0.5872090722415975,0.0029718414229093124,197.24075792180858,198.00363278124019,197.5236015695627,197.88434088611075,61440.0,122880.0
libVentra_deque_concurrent_deque_benchmark.json,arena,std::allocator,AllocateRetireReclaim,operations,512.0,1,30,30,25365.064480203768,25349.730444507826,121.14500303125175,0.004776057365271028,25269.476114862304,25426.363652787564,25304.0298022859,25403.730011553638,25365.064480203768,25349.730444507826,121.14500303125175,0.004776057365271028,25269.476114862304,25426.363652787564,25304.0298022859,25403.730011553638,25300.460013470285,25286.332190794026,119.79313692061102,0.004734820507486095,25207.41306465778,25357.767282437002,25243.636563717428,25335.133532979897,24.770570781448992,24.755596137214674,0.11830566702270696,0.004776057365271035,24.67722276842022,24.830433254675363,24.71096660379482,24.808330089407853,40.37137466431234,40.3949074126422,0.19231847141407388,0.00476373353677452,40.27315976083389,40.52319974668016,40.309060000146744,40.46786803150309,40.37137466431234,40.3949074126422,0.19231847141407388,0.00476373353677452,40.27315976083389,40.52319974668016,40.309060000146744,40.46786803150309,512.0,1024.0
libVentra_deque_concurrent_deque_benchmark.json,arena,std::allocator,AllocateRetireReclaim,operations,1024.0,1,30,30,51719.71276042123,51446.22619394729,715.4449422756733,0.013833119019624005,51257.75678070576,51990.106500592075,51333.75339031486,51850.412072508225,51719.71276042123,51446.22619394729,715.4449422756733,0.013833119019624005,51257.75678070576,51990.106500592075,51333.75339031486,51850.412072508225,51571.55927181589,51300.71742335074,706.5784217402845,0.013700931903496529,51125.68794222193,51853.026496171115,51193.914431013836,51685.369914505165,25.25376599629943,25.120227633763324,0.34933835072054326,0.013833119019623991,25.028201553078983,25.38579418974222,25.06530927261468,25.317584019779407,39.60526858413978,39.808556498628235,0.5395634724977739,0.013623527671615036,39.39211025797791,39.9549395958976,39.498311805916245,39.89577752336851,39.60526858413978,39.808556498628235,0.5395634724977739,0.013623527671615036,39.39211025797791,39.9549395958976,39.498311805916245,39.89577752336851,1024.0,2048.0
libVentra_deque_concurrent_deque_benchmark.json,arena,std::allocator,AllocateRetireReclaim,operations,2048.0,1,30,30,104192.89288456904,104273.20755827105,660.2834718698807,0.006337125821061339,103843.44419839629,104754.31598759262,104008.44523178428,104593.56510189243,104192.89288456904,104273.20755827105,660.2834718698807,0.006337125821061339,103843.44419839629,104754.31598759262,104008.44523178428,104593.56510189243,103882.77291605114,103964.63714201923,660.2126810704452,0.006355362516208252,103548.81340419437,104443.4450103289,103699.1721287267,104266.49453794255,25.437717989396745,25.45732606403102,0.16120201949948296,0.006337125821061352,25.352403368749098,25.574784176658355,25.392686824166084,25.535538354954205,39.313238228094974,39.28142330961361,0.25071794708364475,0.006377443283328175,39.10101434264172,39.44400654885931,39.161190561742096,39.38142749070312,39.313238228094974,39.28142330961361,0.25071794708364475,0.006377443283328175,39.10101434264172,39.44400654885931,39.161190561742096,39.38142749070312,2048.0,4096.0
libVentra_deque_concurrent_deque_benchmark.json,arena,std::allocator,AllocateRetireReclaim,operations,4096.0,1,30,30,208448.5344470726,208521.1357397436,1132.9687744465862,0.0054352446154245304,207681.77789397122,209331.53400941155,207856.6130666145,208992.76760132762,208448.5344470726,208521.1357397436,1132.9687744465862,0.0054352446154245304,207681.77789397122,209331.53400941155,207856.6130666145,208992.76760132762,207816.6353221974,207883.68406920388,1112.917380218201,0.005355285338407785,207060.2813245763,208723.31205250518,207191.64707635905,208311.42303105252,25.445377740121167,25.45424020260542,0.13830185234943776,0.005435244615424569,25.351779528072655,25.553165772633243,25.373121712233214,25.511812451333938,39.300990719281614,39.28618740578679,0.21358760259289766,0.00543466204499798,39.13409478620725,39.44496486014938,39.19753217838803,39.41178570433367,39.300990719281614,39.28618740578679,0.21358760259289766,0.00543466204499798,39.13409478620725,39.44496486014938,39.19753217838803,39.41178570433367,4096.0,8192.0
libVentra_deque_concurrent_deque_benchmark.json,arena,std::allocator,AllocateRetireReclaim,operations,8192.0,1,30,30,419049.16189352435,418977.20363859565,706.9131096948627,0.0016869455280630803,418588.5261152024,419454.9967720706,418749.7100939924,419373.4413144137,419049.16189352435,418977.20363859565,706.9131096948627,0.0016869455280630803,418588.5261152024,419454.9967720706,418749.7100939924,419373.4413144137,417797.8671752765,417706.98415491346,711.7288859816344,0.0017035244597910946,417343.62499998405,418215.7353286345,417498.0369718606,418108.6473004826,25.576731072602804,25.572339089269754,0.04314655210539878,0.0016869455280630586,25.54861609589858,25.601501267826578,25.558453985229033,25.596523517725444,39.098145389896686,39.104753193358704,0.06593602156356623,0.0016864232537383908,39.06020938143758,39.14106347745792,39.067805659707574,39.12599723668454,39.098145389896686,39.104753193358704,0.06593602156356623,0.0016864232537383908,39.06020938143758,39.14106347745792,39.067805659707574,39.12599723668454,8192.0,16384.0
libVentra_deque_concurrent_deque_benchmark.json,arena,std::allocator,AllocateRetireReclaim,operations,16384.0,1,30,30,848187.2891024613,847694.7584133891,2467.969424506474,0.002909698667045625,846466.7914665277,849196.1640623584,846703.3437502035,848493.0128601785,848187.2891024613,847694.7584133891,2467.969424506474,0.002909698667045625,846466.7914665277,849196.1640623584,846703.3437502035,848493.0128601785,845439.6064102445,844928.8858173395,2436.6255790384453,0.002882081180682334,843722.2085335364,846461.7391826715,843961.2831129894,845775.8629807748,25.884621859816324,25.869591016033603,0.07531644972248806,0.0029096986670456427,25.832116438797843,25.915410280223345,25.839335441595566,25.893951808477123,38.633292167896435,38.655427476647006,0.11206529044888053,0.002900743999808661,38.58707990711868,38.71150098817802,38.61905874702022,38.70068627711191,38.633292167896435,38.655427476647006,0.11206529044888053,0.002900743999808661,38.58707990711868,38.71150098817802,38.61905874702022,38.70068627711191,16384.0,32768.0
libVentra_deque_concurrent_deque_benchmark.json,arena,std::allocator,AllocateRetireReclaim,operations,32768.0,1,30,30,1692410.512698318,1690937.257143603,8227.478392624966,0.004861396411150491,1686887.8095227133,1696368.1119044677,1687832.1761905248,1693317.0857122433,1692410.512698318,1690937.257143603,8227.478392624966,0.004861396411150491,1686887.8095227133,1696368.1119044677,1687832.1761905248,1693317.0857122433,1686749.3195238167,1685466.0809524972,8124.258417759483,0.004816517975565586,1681398.5119047256,1690466.321428476,1682219.928571542,1687735.099999968,25.824135020421117,25.801654924676562,0.1255413573093411,0.004861396411150498,25.739865257609765,25.884523191901668,25.754275149391553,25.83796822681035,38.72434557361128,38.7572043587362,0.18729235976895106,0.00483655325854187,38.633124727608,38.85024417191188,38.70273355945868,38.82850515950467,38.72434557361128,38.7572043587362,0.18729235976895106,0.00483655325854187,38.633124727608,38.85024417191188,38.70273355945868,38.82850515950467,32768.0,65536.0
libVentra_deque_concurrent_deque_benchmark.json,arena,std::allocator,AllocateRetireReclaim,operations,49152.0,1,30,30,2531487.4025064553,2526414.864660251,21073.910791520866,0.00832471485761902,2514333.90789422,2543047.8853378305,2516829.5375936264,2537563.0187969175,2531487.4025064553,2526414.864660251,21073.910791520866,0.00832471485761902,2514333.90789422,2543047.8853378305,2516829.5375936264,2537563.0187969175,2519765.780451173,2516031.3082706654,17523.522721059548,0.006954425231507787,2506281.530075223,2530371.231203007,2508393.5451128148,2525472.6058270433,25.751621526148025,25.700021002810168,0.2143749063265061,0.008324714857619014,25.577127155499475,25.86922083880443,25.602514013607042,25.813425891081927,38.83509204422968,38.91047490345308,0.32135510169626913,0.00827486391252207,38.65599099157674,39.097433863847925,38.73955916504184,39.05866436979351,38.83509204422968,38.91047490345308,0.32135510169626913,0.00827486391252207,38.65599099157674,39.097433863847925,38.73955916504184,39.05866436979351,49152.0,98304.0
libVentra_deque_concurrent_deque_benchmark.json,arena,std::allocator,AllocateRetireReclaim,operations,61440.0,1,30,30,3191844.299691145,3192130.560185652,23849.974089150146,0.007472160873090821,3172824.2106468044,3206434.499999331,3178842.6342595136,3204125.7916662125,3191844.299691145,3192130.560185652,23849.974089150146,0.007472160873090821,3172824.2106468044,3206434.499999331,3178842.6342595136,3204125.7916662125,3154439.316358127,3153000.8194446135,19429.73117155416,0.006159488017663383,3142154.261573945,3162853.553240789,3144093.0231483392,3160243.0509257335,25.97529540764278,25.977625001510837,0.19409158601196336,0.0074721608730907935,25.820509526748083,26.094030761713306,25.869487583492138,26.075242445200296,38.5001942681463,38.494666198866376,0.2873940631878257,0.007464743195480583,38.322945710740754,38.72892471576546,38.35055427186736,38.655588903398694,38.5001942681463,38.494666198866376,0.2873940631878257,0.007464743195480583,38.322945710740754,38.72892471576546,38.35055427186736,38.655588903398694,61440.0,122880.0
libVentra_deque_concurrent_deque_benchmark.json,arena,std::allocator,ConstructDestroy,,,1,30,30,145139.53359580753,145103.54413597606,174.77298644708947,0.001204172165344053,144999.25300457873,145205.48570253467,145060.12681312088,145172.31371730636,145139.53359580753,145103.54413597606,174.77298644708947,0.001204172165344053,144999.25300457873,145205.48570253467,145060.12681312088,145172.31371730636,144662.80372979539,144631.78450061491,166.79468169760253,0.0011529894167483826,144529.53336095443,144739.8996063021,144594.66535432916,144698.020513882,145139.5335958075,145103.54413597606,174.7729864470909,0.001204172165344063,144999.2530045787,145205.48570253467,145060.1268131209,145172.31371730636,0.006889931193221011,0.006891630430119494,8.285976768209802e-06,0.0012026211199848203,0.0068867921801920974,0.006896587253238188,0.006888365886085392,0.006893693135713924,0.006889931193221011,0.006891630430119494,8.285976768209802e-06,0.0012026211199848203,0.0068867921801920974,0.006896587253238188,0.006888365886085392,0.006893693135713924,1.0,1.0
libVentra_deque_concurrent_deque_benchmark.json,barrier,barrier,BarrierOverhead,,,1,30,30,14.283549706537993,14.283327983061735,0.005088393192371195,0.0003562415013714756,14.281048455235068,14.285209075736656,14.281895689605854,14.284951919492812,14.283549706537993,14.283327983061735,0.005088393192371195,0.0003562415013714756,14.281048455235068,14.285209075736656,14.281895689605854,14.284951919492812,14.01921039509768,14.01820480205425,0.0030114479148551547,0.00021480866824769357,14.017282352954375,14.019808111328924,14.017567012115173,14.019560197516343,,,,,,,,,,,,,,,,,,,,,,,,,,
libVentra_deque_concurrent_deque_benchmark.json,barrier,barrier,BarrierOverhead,,,2,30,30,615.162321534325,612.7048560626663,9.305991858707273,0.015127701312226767,607.6029196273895,625.4446970666689,609.1008242236268,622.5793695383774,1230.32464306865,1225.4097121253326,18.611983717414546,0.015127701312226767,1215.205839254779,1250.8893941333379,1218.2016484472535,1245.1587390767547,1218.1124605957332,1216.9822945922815,10.35061914950265,0.008497260708129157,1210.8129569706352,1228.0893311462994,1213.4006318188626,1225.2449309779636,,,,,,,,,,,,,,,,,,,,,,,,,,
libVentra_deque_concurrent_deque_benchmark.json,barrier,barrier,BarrierOverhead,,,4,30,30,273.54173738519523,271.0323999125783,4.6322284249694174,0.016934265568571787,270.0564891021185,277.6082440777863,270.6381374335091,275.65451864643296,1094.166949540781,1084.1295996503131,18.52891369987767,0.016934265568571787,1080.225956408474,1110.4329763111452,1082.5525497340363,1102.6180745857318,1083.8054064424764,1080.466541368903,9.532951640363283,0.008795814805588211,1077.3525221502607,1088.1309665361744,1078.4933257304756,1086.4134057672577,,,,,,,,,,,,,,,,,,,,,,,,,,
libVentra_deque_concurrent_deque_benchmark.json,barrier,barrier,BarrierOverhead,,,8,30,30,184.0377388081525,183.67109601107708,2.7664416031816734,0.015031925631652704,182.13829357939662,185.0895206830043,182.64054212866657,184.51047370838575,1472.30191046522,1469.3687680886167,22.131532825453387,0.015031925631652704,1457.106348635173,1480.7161654640345,1461.1243370293325,1476.083789667086,1443.7369899137934,1441.1802000288026,16.04667314156106,0.01111467895722421,1433.5145526993945,1450.8856409190855,1434.2619522411248,1445.7115644822375,,,,,,,,,,,,,,,,,,,,,,,,,,
libVentra_deque_concurrent_deque_benchmark.json,barrier,barrier,BarrierOverhead,,,12,30,30,293.03673994460246,293.8363722441589,25.27261780965383,0.0862438539769161,279.6607573624806,303.4644425827323,288.1521424999673,297.58050261899155,3516.440879335228,3526.036466929907,303.27141371584594,0.08624385397691613,3355.929088349767,3641.5733109927874,3457.825709999607,3570.966031427898,3025.9162196269576,3028.7014622656056,231.67371688115037,0.07656316304412145,2915.5895534784813,3086.3421096526754,2979.293713134523,3064.7767114039107,,,,,,,,,,,,,,,,,,,,,,,,,,
libVentra_deque_concurrent_deque_benchmark.json,barrier,barrier,BarrierOverhead,,,16,30,30,458.56597799445547,455.3929678516111,8.838183070959822,0.01927352550142018,452.40077780786095,466.444908960868,453.28084111475357,460.6445412666808,7337.055647911287,7286.287485625778,141.41092913535715,0.01927352550142018,7238.412444925775,7463.118543373888,7252.493457836057,7370.312660266893,4975.563251497552,4977.453789582487,42.13998088626885,0.008469389043257666,4948.2958103957935,4993.530609266615,4966.111579886964,4987.489587361483,,,,,,,,,,,,,,,,,,,,,,,,,,
libVentra_deque_concurrent_deque_benchmark.json,barrier,barrier,BarrierOverhead,,,24,30,30,488.57684268076093,486.61277331461275,14.104668615882698,0.028868884858504792,479.68522840169175,494.3020726861687,482.2587785990179,492.01411776311454,11725.844224338267,11678.706559550707,338.5120467811846,0.02886888485850477,11512.445481640603,11863.249744468048,11574.21068637643,11808.338826314748,5259.504983194339,5255.416375505485,85.89352666665343,0.01633110472204294,5210.822938503459,5327.6198939561655,5225.242284234146,5285.581006343886,,,,,,,,,,,,,,,,,,,,,,,,,,
libVentra_deque_concurrent_deque_benchmark.json,barrier,barrier,BarrierOverhead,,,32,30,30,543.1162668050185,538.9160784227502,25.29582859416023,0.04657534701173213,526.1167844725298,554.4566674313082,533.5423260598,549.8748069159394,17379.720537760593,17245.314509528005,809.4665150131274,0.04657534701173213,16835.737103120955,17742.613357801863,17073.3544339136,17595.99382131006,5760.792762466763,5774.412728076217,139.8555011118696,0.024277127624355587,5660.050373757947,5859.82806913259,5724.490772900579,5836.746974623722,,,,,,,,,,,,,,,,,,,,,,,,,,
libVentra_deque_concurrent_deque_benchmark.json,barrier,barrier,BarrierOverhead,,,48,30,30,1727.5796820025441,1771.8032935502256,164.3997223675257,0.09516187535671862,1738.3536771780944,1785.7575240346584,1749.9579111846408,1780.6417621585729,82923.82473612213,85046.55809041084,7891.186673641234,0.09516187535671862,83440.97650454853,85716.3611536636,83997.97973686276,85470.80458361149,14141.22816479039,14551.001039290924,1218.0957308110242,0.08613790235305772,14308.340899372946,14630.31950185499,14366.302546562776,14627.057425292696,,,,,,,,,,,,,,,,,,,,,,,,,,
libVentra_deque_concurrent_deque_benchmark.json,barrier,barrier,BarrierOverhead,,,64,30,30,1870.7593474278815,1865.7057148186823,48.403790158054356,0.025873873208013112,1857.6602051387363,1877.061597112096,1861.3839172438802,1872.0466220528724,119728.59823538442,119405.16574839567,3097.842570115479,0.025873873208013112,118890.25312887912,120131.94221517415,119128.57070360833,119810.98381138383,15156.789023146594,15257.242680640815,212.18493089983932,0.01399933261430257,15136.466976638914,15278.255515637351,15210.92239243193,15274.185512865832,,,,,,,,,,,,,,,,,,,,,,,,,,
libVentra_deque_concurrent_deque_benchmark.json,deque,mmap,ConcurrentPhasedPushBackPopFront,total_operations,8192.0,1,30,30,619300.2912281457,618811.6280706406,3232.5362529540075,0.005219658861363533,617380.6899117776,621518.9008767003,617860.7342103772,620252.8324561091,619300.2912281457,618811.6280706406,3232.5362529540075,0.005219658861363533,617380.6899117776,621518.9008767003,617860.7342103772,620252.8324561091,617738.5549707443,617256.7578946734,3222.960079691186,0.005217352962280011,615834.7114033827,619938.0776317747,616288.6385960806,618667.523683638,37.79909004078038,37.76926440860843,0.19729835528283735,0.005219658861363532,37.68192687449814,37.93450322733767,37.71122645327009,37.85722854346369,26.456358223578604,26.476555695741595,0.13772500155758602,0.005205742997342766,26.361226137232595,26.537922206313695,26.41508301326182,26.517303666484665,26.456358223578604,26.476555695741595,0.13772500155758602,0.005205742997342766,26.361226137232595,26.537922206313695,26.41508301326182,26.517303666484665,8192.0,16384.0
libVentra_deque_concurrent_deque_benchmark.json,deque,mmap,ConcurrentPhasedPushBackPopFront,total_operations,8192.0,2,30,30,974607.6285383548,980343.2381288239,17299.144425033228,0.017749855345352897,975281.5115226369,984179.8910611413,977507.9748602853,983178.3421792636,1949215.2570767095,1960686.4762576479,34598.288850066456,0.017749855345352897,1950563.0230452737,1968359.7821222825,1955015.9497205706,1966356.6843585272,1931233.3683428222,1947300.842178762,43835.47233416492,0.02269817467568916,1931358.1340785187,1954739.215084319,1939321.2541894324,1952794.3379892816,118.97065778056088,119.67080543564745,2.1117119659464354,0.01774985534535287,119.05291888704065,120.13914685804949,119.32470396243718,120.01688747305465,8.408075341961673,8.356257051749475,0.15396806348151704,0.018311927191365415,8.323681984031605,8.399628272669382,8.332161345958067,8.380504612365183,4.204037670980837,4.178128525874738,0.07698403174075852,0.018311927191365415,4.161840992015803,4.199814136334691,4.166080672979033,4.190252306182591,8192.0,16384.0
libVentra_deque_concurrent_deque_benchmark.json,deque,mmap,ConcurrentPhasedPushBackPopFront,total_operations,8192.0,4,30,30,841417.1722355362,843839.162860204,9558.508592580534,0.011360011309473061,839543.4409553815,846406.3296275053,840374.0384613693,845062.0246394945,3365668.6889421446,3375356.651440816,38234.03437032214,0.011360011309473061,3358173.763821526,3385625.318510021,3361496.1538454774,3380248.098557978,3230335.081330003,3235125.561297997,43643.309536841516,0.013510458957982948,3220123.479566991,3254144.9651437066,3225342.9639421543,3247475.53365352,205.42411431531642,206.015420620167,2.3336202618604847,0.011360011309473077,204.96666038949743,206.64217031921513,205.16944298373272,206.31397085925158,4.868607710024632,4.854008681802107,0.05738886873742358,0.011787531909637721,4.839285152536989,4.878842293087079,4.846981518366813,4.874020758277176,1.217151927506158,1.2135021704505267,0.014347217184355896,0.011787531909637721,1.2098212881342472,1.2197105732717697,1.2117453795917033,1.218505189569294,8192.0,16384.0
libVentra_deque_concurrent_deque_benchmark.json,deque,mmap,ConcurrentPhasedPushBackPopFront,total_operations,8192.0,8,30,30,534626.9511913644,534465.3535155784,3427.8243674486503,0.00641161909217273,532180.228564627,536827.9813474431,532590.8901367527,536554.3760740721,4277015.6095309155,4275722.8281246275,27422.594939589202,0.00641161909217273,4257441.828517016,4294623.850779545,4260727.121094022,4292435.008592577,3816401.544687536,3812571.4398436276,35521.73152023912,0.009307650440946308,3795144.1855471106,3842186.9343752638,3808808.069531517,3829786.659374857,261.04831601140836,260.9694108962786,1.6737423669182803,0.006411619092172708,259.8536272288218,262.1230377673062,260.05414557458624,261.989441442418,3.830860695248388,3.83186678711135,0.024558755357401846,0.006410767008015542,3.815002378368696,3.8483203838688125,3.8169478816690305,3.8453530579638477,0.4788575869060485,0.47898334838891876,0.0030698444196752307,0.006410767008015542,0.476875297296087,0.48104004798360156,0.4771184852086288,0.48066913224548097,8192.0,16384.0
libVentra_deque_concurrent_deque_benchmark.json,deque,mmap,ConcurrentPhasedPushBackPopFront,total_operations,8192.0,12,30,30,440772.39607217617,441581.0940806562,5788.773723155739,0.01313324921147701,439027.18179561733,444278.5353010093,439909.670414433,443038.90195102186,5289268.752866114,5298973.128967875,69465.28467786884,0.013133249211477004,5268326.181547408,5331342.423612111,5278916.044973196,5316466.823412262,4740760.123500922,4741580.677248302,102236.14602411182,0.02156534888093288,4706466.421296122,4824934.215939579,4713344.82671966,4780507.261904569,322.8313447794259,323.4236528911056,4.239824504264455,0.013133249211477,321.55311166671186,325.3993178474189,322.199465635571,324.49138326490856,3.0981213133739973,3.0919200720478375,0.04165137821644093,0.01344407594261719,3.073147374284026,3.1099072664911533,3.0817597618456745,3.1036682059224763,0.2581767761144998,0.2576600060039865,0.0034709481847034116,0.013444075942617192,0.2560956145236688,0.2591589388742628,0.25681331348713954,0.25863901716020643,8192.0,16384.0
libVentra_deque_concurrent_deque_benchmark.json,deque,mmap,ConcurrentPhasedPushBackPopFront,total_operations,8192.0,16,30,30,313124.4805064984,316668.11962184205,7605.474418323453,0.024288980555021194,305632.53756229597,319901.18524961924,306147.4690330924,318929.9239413823,5009991.688103975,5066689.913949473,121687.59069317525,0.024288980555021194,4890120.6009967355,5118418.963993908,4898359.504529478,5102878.783062117,3285903.1486715022,3276545.1530796466,87693.2993541144,0.02668773100922618,3217828.4522194066,3369294.0985054174,3223350.498188344,3359872.6037138817,305.7856254946274,309.24621056820513,7.427221111643995,0.02428898055502118,298.4692749631796,312.4035012203313,298.9721377276293,311.4550038490062,3.2721396968768715,3.233678884461108,0.07985571429238623,0.024404738700063867,3.200991771820816,3.350428914123243,3.210736956459643,3.3447932971798235,0.20450873105480447,0.20210493027881926,0.00499098214327414,0.024404738700063867,0.200061985738801,0.20940180713270268,0.20067105977872768,0.20904958107373897,8192.0,16384.0
libVentra_deque_concurrent_deque_benchmark.json,deque,mmap,ConcurrentPhasedPushBackPopFront,total_operations,8192.0,24,30,30,213784.468037624,214320.25606420595,5301.499139032537,0.024798336323008853,209155.36943098277,219236.64022154,209627.1559810052,217906.71429962374,5130827.232902975,5143686.145540942,127235.97933678083,0.02479833632300885,5019728.866343586,5261679.365316961,5031051.743544125,5229761.14319097,2255432.714573598,2236451.7153757247,67335.39734112489,0.029854757761574376,2201749.09536387,2322506.8330398174,2217866.3855632464,2302307.2772887507,313.1608418519882,313.9456875940517,7.765867879442189,0.02479833632300885,306.3799356899161,321.1474221995215,307.0710292690506,319.19928852483946,3.195151060701444,3.1853173125500387,0.0794301349482386,0.02485958674229349,3.113835605052905,3.263922617469145,3.132839063086389,3.256575602471858,0.1331312941958935,0.13272155468958496,0.0033095889561766114,0.02485958674229351,0.1297431502105377,0.13599677572788105,0.13053496096193287,0.13569065010299408,8192.0,16384.0
libVentra_deque_concurrent_deque_benchmark.json,deque,mmap,ConcurrentPhasedPushBackPopFront,total_operations,8192.0,32,30,30,161473.9602208759,163131.0347104317,4028.8632726766723,0.024950544763785432,157605.65372013385,164827.92294354714,157935.63054095153,164753.48242894438,5167166.727068028,5220193.110733815,128923.62472565351,0.024950544763785432,5043380.919044283,5274493.534193508,5053940.177310449,5272111.43772622,1713660.344323694,1708855.6970109213,49088.57732667862,0.028645453277412282,1679939.0120018038,1755386.399569781,1681877.084918478,1750566.3048006864,315.3788285563982,318.6153021688119,7.868873579446637,0.02495054476378547,307.8235424221364,321.92953699911544,308.4680284002959,321.784145369032,3.172714259328025,3.138589838464598,0.07979576533132883,0.025150630913806094,3.106269894571801,3.248614607747921,3.1076733408197166,3.2418322282132954,0.09914732060400078,0.09808093245201868,0.002493617666604026,0.025150630913806094,0.09707093420536878,0.10151920649212254,0.09711479190061614,0.10130725713166548,8192.0,16384.0
libVentra_deque_concurrent_deque_benchmark.json,deque,mmap,ConcurrentPhasedPushBackPopFront,total_operations,8192.0,48,30,30,108703.38058874877,110738.50562958562,5200.525032238268,0.047841428703244426,106779.65712443023,112053.04268630304,107039.68062895784,111639.89463978089,5217762.268259941,5315448.270220109,249625.20154743682,0.04784142870324442,5125423.541972651,5378546.048942546,5137904.670189976,5358714.942709483,1164517.8611723925,1180727.1430760082,100021.42700625698,0.08589084834264302,1159260.6579351043,1216438.5631893,1162053.637101752,1201953.541666621,318.4669353185999,324.42921571167665,15.235913180385552,0.047841428703244426,312.8310267317292,328.28039849502846,313.5928143426499,327.07000382748305,3.1480253401796614,3.0823569457995856,0.17331031782371048,0.055053660341190094,3.0461768644771356,3.1966143268825418,3.057449439868114,3.1888505220895746,0.06558386125374294,0.06421576970415804,0.003610631621327301,0.05505366034119009,0.06346201800994032,0.06659613181005296,0.0636968633305857,0.06643438587686615,8192.0,16384.0
libVentra_deque_concurrent_deque_benchmark.json,deque,mmap,ConcurrentPhasedPushBackPopFront,total_operations,8192.0,64,30,30,83952.14177677965,85030.87629698619,2144.716844007419,0.0255468984902137,81978.61697101325,85877.21829890308,82153.07715034315,85668.5803909199,5372937.073713898,5441976.083007116,137261.8780164748,0.0255468984902137,5246631.486144848,5496141.971129797,5257796.937621961,5482789.145018874,917300.6942382852,920239.7742919666,25611.368131983596,0.02792036274784568,898742.0811767781,939948.5194701708,903633.3020019954,934832.2246093554,327.9380538155455,332.15186053510234,8.377800171903981,0.02554689849021371,320.2289725430205,335.4578839800902,320.9104576185279,334.64289215203087,3.0512948607566783,3.010710240577664,0.07850239466531746,0.025727567556630682,2.98100032688728,3.1227656375979875,2.9882602985306503,3.116137842856621,0.0476764821993231,0.047042347509026,0.0012265999166455853,0.025727567556630682,0.04657813010761375,0.048793213087468555,0.04669156716454141,0.048689653794634705,8192.0,16384.0
libVentra_deque_concurrent_deque_benchmark.json,deque,mmap,ConcurrentPhasedPushBackPopFront,total_operations,32768.0,1,30,30,2529730.217000785,2528490.0499991635,11433.726740894936,0.004519741537676936,2523690.872501447,2538474.2824985553,2525010.719996317,2535852.99500628,2529730.217000785,2528490.0499991635,11433.726740894936,0.004519741537676936,2523690.872501447,2538474.2824985553,2525010.719996317,2535852.99500628,2480847.907000073,2479480.7299986132,10860.625674168316,0.0043777877892165334,2475307.577501553,2489359.0224996842,2476495.6700005317,2486660.270001266,38.60061976624733,38.581696319567314,0.17446482453758144,0.004519741537676937,38.50846668245616,38.73404361722649,38.52860595697505,38.69404594430969,25.906833316514426,25.919026591693047,0.11753875585882433,0.004536978889808919,25.8170839045623,25.968317099659167,25.84377297208583,25.95474131377822,25.906833316514426,25.919026591693047,0.11753875585882433,0.004536978889808919,25.8170839045623,25.968317099659167,25.84377297208583,25.95474131377822,32768.0,65536.0
libVentra_deque_concurrent_deque_benchmark.json,deque,mmap,ConcurrentPhasedPushBackPopFront,total_operations,32768.0,2,30,30,3595037.7209186335,3579171.7704091286,102412.78019663082,0.028487261649778033,3509500.3239773028,3642972.0191315063,3525956.915816133,3628097.1020441568,7190075.441837267,7158343.540818257,204825.56039326164,0.028487261649778033,7019000.6479546055,7285944.038263013,7051913.831632266,7256194.2040883135,7087735.682652851,7035392.061226886,239233.33400388368,0.03375313989055834,6892565.897959445,7213123.301018713,6923649.0306107085,7180642.443876376,109.71184451045634,109.22765412625515,3.1253900206491356,0.02848726164977805,107.10145031669015,111.17468320103475,107.60366564380288,110.72073675671865,9.12181743083704,9.155396906977568,0.2554227465268118,0.028001300011041064,8.994854106966098,9.336954213754652,9.031732163883053,9.293375015658711,4.56090871541852,4.577698453488784,0.1277113732634059,0.028001300011041064,4.497427053483049,4.668477106877326,4.515866081941526,4.6466875078293555,32768.0,65536.0
libVentra_deque_concurrent_deque_benchmark.json,deque,mmap,ConcurrentPhasedPushBackPopFront,total_operations,32768.0,4,30,30,3524729.5634168643,3529368.398750421,89298.86069578651,0.025334953813937546,3430307.344375478,3611631.434374658,3511064.243750752,3595786.782499317,14098918.253667457,14117473.595001685,357195.44278314605,0.025334953813937546,13721229.377501912,14446525.737498632,14044256.975003008,14383147.129997268,13781717.500333246,13846646.779999735,507278.6052329065,0.03680808326107689,13248025.892499149,14255791.902499888,13748886.12000009,14176320.249997403,215.1324196421426,215.41555168154426,5.4503699155143135,0.025334953813937546,209.36934474947986,220.43648891446887,214.29835472111523,219.4694081115306,4.651218410084467,4.64219586065164,0.11919121239076767,0.025625804226338866,4.536454036976577,4.776990799608921,4.556516957699037,4.666392552934633,1.1628046025211167,1.16054896516291,0.029797803097691918,0.025625804226338866,1.1341135092441443,1.1942476999022302,1.1391292394247592,1.1665981382336583,32768.0,65536.0
libVentra_deque_concurrent_deque_benchmark.json,deque,mmap,ConcurrentPhasedPushBackPopFront,total_operations,32768.0,8,30,30,2207044.028837776,2206490.6418580078,18712.608530194986,0.008478584154050159,2192792.010074198,2224443.4048121925,2196279.808387284,2220993.5579774175,17656352.230702206,17651925.134864062,149700.8682415599,0.008478584154050159,17542336.080593582,17795547.23849754,17570238.467098273,17767948.46381934,15796599.084429668,15805610.838815514,173456.46879371235,0.010980621073347633,15651014.542762432,15950912.250000346,15743714.154604558,15853626.210525453,269.4145543014863,269.3470021799326,2.284253970971061,0.008478584154050133,267.67480591726047,271.53850156398835,268.10056254727584,271.1173776827902,3.712010080633642,3.7126876721630664,0.03149442720058689,0.008484467045200152,3.6827190039828457,3.7358775706888774,3.688439429166116,3.729943907888908,0.4640012600792052,0.4640859590203833,0.003936803400073362,0.008484467045200152,0.4603398754978557,0.4669846963361097,0.4610549286457645,0.4662429884861135,32768.0,65536.0
libVentra_deque_concurrent_deque_benchmark.json,deque,mmap,ConcurrentPhasedPushBackPopFront,total_operations,32768.0,12,30,30,1842560.021773578,1844784.9900178583,35213.04992259324,0.019110937774878295,1813204.046982856,1871684.4742838745,1819581.7298176405,1856594.4179683588,22110720.26128294,22137419.8802143,422556.5990711188,0.019110937774878285,21758448.563794274,22460213.691406496,21834980.757811688,22279133.015620306,20322355.865624867,20119479.544269733,568974.855631863,0.027997485104287553,19968864.972655587,20791158.453125004,20003255.54166564,20652511.971354287,337.38281648686126,337.7902203401841,6.447702012193584,0.019110937774878285,332.00757696219296,342.7156630158462,333.17536556719494,339.95259118072977,2.9650375620999374,2.9604172850745023,0.05660101460147175,0.019089476411686686,2.917879438993764,3.011985003712465,2.9415866386744725,3.001426055278629,0.24708646350832816,0.24670144042287517,0.004716751216789318,0.019089476411686703,0.243156619916147,0.2509987503093721,0.24513221988953937,0.25011883793988576,32768.0,65536.0
libVentra_deque_concurrent_deque_benchmark.json,deque,mmap,ConcurrentPhasedPushBackPopFront,total_operations,32768.0,16,30,30,1314633.739803006,1333444.0041501417,34090.79356542179,0.025931780490077938,1283792.2851559604,1345102.8822021317,1286804.5186763543,1342330.0056149,21034139.836848095,21335104.066402268,545452.6970467486,0.025931780490077938,20540676.562495366,21521646.115234107,20588872.29882167,21477280.0898384,14239779.225651035,14332702.69726649,438096.5194253045,0.03076568200131452,13990298.173828177,14622630.845703498,14011878.06445264,14585813.228515686,320.95550288159325,325.54785257571814,8.322947647808055,0.025931780490077945,313.4258508681543,328.39425835012975,314.1612594424694,327.7172865270752,3.117741101081586,3.0717479213531824,0.08156542377549739,0.026161705263853134,3.045120662431604,3.1905475638131335,3.051410612854434,3.1830788468579336,0.19485881881759912,0.1919842450845739,0.005097838985968587,0.026161705263853134,0.19032004140197525,0.19940922273832085,0.19071316330340213,0.19894242792862085,32768.0,65536.0
libVentra_deque_concurrent_deque_benchmark.json,deque,mmap,ConcurrentPhasedPushBackPopFront,total_operations,32768.0,24,30,30,902970.9385019388,913239.5379232902,22008.737497211016,0.02437369416752692,881401.6851942755,923088.4376356909,884707.3023547183,921464.3175455469,21671302.524046533,21917748.910158962,528209.6999330642,0.02437369416752691,21153640.444662612,22154122.50325658,21232975.25651324,22115143.621093124,10075756.790104156,10089002.985676624,258714.4774306236,0.02567692758172949,9890709.905599156,10238413.9505204,9961675.63411463,10232019.57421868,330.6778339240499,334.43830734495486,8.059840392045047,0.02437369416752691,322.7789374490755,338.04508214197665,323.9894906084174,337.4503116011524,3.025842988781816,2.9901187146859405,0.07434784357474603,0.024570952243849892,2.9581853279226262,3.0980998092228433,2.963407630338174,3.0865235887710636,0.1260767911992423,0.12458827977858083,0.0030978268156144164,0.024570952243849885,0.12325772199677609,0.12908749205095182,0.12347531793075724,0.12860514953212765,32768.0,65536.0
libVentra_deque_concurrent_deque_benchmark.json,deque,mmap,ConcurrentPhasedPushBackPopFront,total_operations,32768.0,32,30,30,680347.9956563164,690408.8913879392,17151.933858717515,0.02521053044651279,663055.0835113464,695341.8678131428,663744.3272399234,694065.4327088069,21771135.861002125,22093084.524414055,548861.8834789605,0.02521053044651279,21217762.672363084,22250939.77002057,21239818.47167755,22210093.846681822,7655443.008007821,7694780.520508021,198253.06664161885,0.025897007715195614,7489870.267577637,7828619.701659838,7515955.0332032945,7815971.892578257,332.2011697540607,337.1137164980172,8.37496770445191,0.025210530446512787,323.7573649957746,339.52239639313615,324.09390978511885,338.89913706484714,3.01208527777151,2.9663587900452226,0.07637136996419,0.02535498265198299,2.9453148157379143,3.0887330786569045,2.950730447966911,3.0855257461466206,0.09412766493035969,0.09269871218891321,0.0023866053113809375,0.02535498265198299,0.09204108799180982,0.09652290870802827,0.09221032649896597,0.09642267956708189,32768.0,65536.0
libVentra_deque_concurrent_deque_benchmark.json,deque,mmap,ConcurrentPhasedPushBackPopFront,total_operations,32768.0,48,30,30,455773.0235740252,460993.72466362134,12185.502765100682,0.02673590172043509,443362.34004043683,466920.1488985605,444716.0245631719,465650.71385361464,21877105.13155321,22127698.783853825,584904.1327248326,0.026735901720435083,21281392.321940966,22412167.147130903,21346369.17903225,22351234.264973503,5201502.107769072,5214266.763671827,154740.84528572418,0.029749261286388797,5065239.184570088,5348935.275390535,5099471.815104067,5327649.825521013,333.81813250050675,337.6418881813633,8.924928783032723,0.026735901720435076,324.7282763968043,341.9825309315628,325.7197445531043,341.0527689357529,2.9977272422962344,2.9617696322735485,0.08064583872918628,0.026902327066758824,2.9241268485573064,3.079498654065368,2.932098224285677,3.070128134847761,0.06245265088117155,0.06170353400569893,0.001680121640191381,0.026902327066758828,0.060919309344943884,0.06415622195969517,0.061085379672618276,0.06396100280932834,32768.0,65536.0
libVentra_deque_concurrent_deque_benchmark.json,deque,mmap,ConcurrentPhasedPushBackPopFront,total_operations,32768.0,64,30,30,340405.5837794013,346085.88704684866,9737.37682387629,0.028605220618785628,330106.56368256256,349202.33847427624,331444.928291319,348864.3310852052,21785957.361881685,22149496.770998314,623192.1167280825,0.028605220618785628,21126820.075684004,22348949.66235368,21212475.410644416,22327317.189453132,3893533.691471361,3928238.3325195545,121136.30342116983,0.031112175473533038,3781981.01684558,4002530.2519531087,3800227.0170897203,3986918.062499989,332.4273279095716,337.9744990691881,9.509157054566696,0.028605220618785652,322.3696910962525,341.0179086662854,323.6766877844912,340.6878233253957,3.0105754797657314,2.9588036097704977,0.08677052189604902,0.02882190547263777,2.9323978022250374,3.102029324997693,2.9352384575305033,3.089502697767214,0.04704024187133955,0.04623130640266403,0.0013557894046257659,0.02882190547263777,0.04581871565976621,0.048469208203088955,0.045863100898914114,0.04827347965261272,32768.0,65536.0
libVentra_deque_concurrent_deque_benchmark.json,deque,mmap,ConcurrentPhasedPushBackPopFront,total_operations,61440.0,1,30,30,4662756.56392606,4637381.856168322,51303.19733285427,0.011002761269967904,4621589.791095051,4718930.171224799,4624358.554792708,4675139.349317711,4662756.56392606,4637381.856168322,51303.19733285427,0.011002761269967904,4621589.791095051,4718930.171224799,4624358.554792708,4675139.349317711,4625060.912785058,4621307.938353698,22038.52059086711,0.004765022776228961,4607707.719180188,4636196.83903881,4610509.5616439935,4631832.719179042,37.94561005799202,37.73911015761981,0.4175064887113783,0.011002761269967881,37.61059400305217,38.40275204447265,37.63312625970627,38.04638142348398,26.356569546449602,26.497710360941788,0.28770107533820316,0.010915725387978586,26.03981588937118,26.58825345575646,26.28417416879705,26.57233568071046,26.356569546449602,26.497710360941788,0.28770107533820316,0.010915725387978586,26.03981588937118,26.58825345575646,26.28417416879705,26.57233568071046,61440.0,122880.0
libVentra_deque_concurrent_deque_benchmark.json,deque,mmap,ConcurrentPhasedPushBackPopFront,total_operations,61440.0,2,30,30,6724280.319231358,6737284.639423426,152102.96732058012,0.022619962300733883,6612887.668263913,6851842.745196388,6633571.302888168,6831117.951920672,13448560.638462717,13474569.278846852,304205.93464116025,0.022619962300733883,13225775.336527826,13703685.490392776,13267142.605776336,13662235.903841345,13298955.505770124,13265337.64423037,324755.14929401706,0.02441959815213405,13090313.716349747,13581783.42788826,13133999.932690715,13535262.682698216,109.44466665415625,109.656325511449,2.4756342337334027,0.022619962300733897,107.63163522564963,111.52087801426413,107.96828292461211,111.18356041537554,9.141655288795002,9.11942113213456,0.21132275046042448,0.023116464555324505,8.966930972584777,9.290953258474328,8.994150969849436,9.261980045570038,4.570827644397501,4.55971056606728,0.10566137523021224,0.023116464555324505,4.483465486292388,4.645476629237164,4.497075484924718,4.630990022785019,61440.0,122880.0
libVentra_deque_concurrent_deque_benchmark.json,deque,mmap,ConcurrentPhasedPushBackPopFront,total_operations,61440.0,4,30,30,6419282.851121375,6578935.843746282,244115.41798159006,0.0380284563935278,6164166.248795438,6631540.004807318,6173614.016826324,6605121.569711295,25677131.4044855,26315743.37498513,976461.6719263602,0.0380284563935278,24656664.99518175,26526160.01922927,24694456.067305297,26420486.27884518,25214387.403846893,25769385.77884806,976803.3051085867,0.03873991818494699,24205353.134614162,26058073.62981181,24279876.769230526,25893080.961538754,208.96103030994058,214.1580678302826,7.946465429088219,0.03802845639352781,200.65645341130983,215.87044286482148,200.96399794356526,215.01046776403956,4.792345520977807,4.669455985038271,0.18401895504380394,0.03839851576608725,4.632414024563756,4.983642407158932,4.650936362398553,4.976016420653453,1.1980863802444517,1.1673639962595677,0.046004738760950986,0.03839851576608725,1.158103506140939,1.245910601789733,1.1627340905996382,1.2440041051633632,61440.0,122880.0
libVentra_deque_concurrent_deque_benchmark.json,deque,mmap,ConcurrentPhasedPushBackPopFront,total_operations,61440.0,8,30,30,4089935.5743222544,4132443.4656246463,100985.6442653124,0.024691255505179147,3988105.9421862373,4184927.450001652,3994904.6851546653,4178161.8921838515,32719484.594578035,33059547.72499717,807885.1541224992,0.024691255505179147,31904847.5374899,33479419.600013215,31959237.481237322,33425295.13747081,29295470.943333134,29730075.468751222,827599.9706494728,0.028250099554648477,28436256.206249107,30070924.253124006,28479181.987501085,30025893.01875186,266.2718472866051,269.03928812660456,6.5745862151896155,0.024691255505179168,259.6423139444165,272.4562141928159,260.08494043975685,272.01574818905283,3.7577856672425987,3.716942349208458,0.09323917973644259,0.02481226658274525,3.6703146721314353,3.851453107293482,3.6762577924320405,3.8448996551316905,0.46972320840532483,0.46461779365105726,0.011654897467055324,0.02481226658274525,0.4587893340164294,0.48143163841168524,0.45953222405400507,0.4806124568914613,61440.0,122880.0
libVentra_deque_concurrent_deque_benchmark.json,deque,mmap,ConcurrentPhasedPushBackPopFront,total_operations,61440.0,12,30,30,3407240.2452546908,3462914.9379353425,104742.79092350416,0.030741240236693276,3318310.8645824273,3495540.1525612236,3326149.271700669,3482690.0898442166,40886882.9430563,41554979.25522411,1256913.4910820501,0.030741240236693272,39819730.37498913,41946481.830734685,39913791.26040803,41792281.0781306,37882922.378124714,38164004.70833342,1450645.2019445212,0.038292853636397076,37069071.47656206,39037962.78124966,37277904.74999927,38754467.25520689,332.7383052006535,338.1752869077483,10.228788176123448,0.03074124023669325,324.0537953693777,341.36134302355697,324.8192648145184,340.1064540863493,3.0081385434021635,2.9570465825392245,0.09335149088600458,0.031032975888279843,2.9294477656869526,3.0859102935415788,2.940257162451856,3.0786351384122077,0.25067821195018036,0.24642054854493536,0.00777929090716705,0.03103297588827984,0.24412064714057938,0.2571591911284649,0.24502143020432132,0.2565529282010173,61440.0,122880.0
libVentra_deque_concurrent_deque_benchmark.json,deque,mmap,ConcurrentPhasedPushBackPopFront,total_operations,61440.0,16,30,30,2496445.0052516074,2523528.8092443477,63376.06144372586,0.025386524161520003,2427775.388888066,2555488.4433595226,2439745.886501754,2553638.868273151,39943120.08402572,40376460.947909564,1014016.9830996138,0.025386524161520003,38844406.22220906,40887815.09375236,39035934.18402807,40858221.89237042,27234125.477083493,27252253.517361827,781683.5180587732,0.028702354284022482,26467069.18749864,28026111.559027694,26622905.565971944,27878031.232639752,325.0579433921364,328.58448037035777,8.25209133381848,0.02538652416152003,316.11658709480025,332.74589106243786,317.6752456382492,332.5050609730665,3.0783003911127396,3.0434156490344484,0.07847859970669369,0.025494133039539183,3.005296452876136,3.1633918807340553,3.0074731126962737,3.147870580606325,0.19239377444454622,0.19021347806465302,0.004904912481668355,0.025494133039539183,0.1878310283047585,0.19771199254587846,0.1879670695435171,0.1967419112878953,61440.0,122880.0
libVentra_deque_concurrent_deque_benchmark.json,deque,mmap,ConcurrentPhasedPushBackPopFront,total_operations,61440.0,24,30,30,1717766.7098524326,1738367.9754773162,41874.375459422685,0.024377219106207947,1675692.1419272725,1753725.352376476,1679697.7110458873,1751158.6026472715,41226401.036458395,41720831.41145559,1004985.0110261441,0.024377219106207933,40216611.40625454,42089408.45703542,40312745.065101296,42027806.46353451,19465454.562673505,19510354.562500022,488115.68376583117,0.02507599718230214,19052520.334635682,19893590.75390725,19128344.192708693,19760683.22395791,335.5013105180533,339.5249952104133,8.178588956918482,0.024377219106207913,327.2836214701704,342.52448288603046,328.0659591886499,342.02316457954515,2.982336772616245,2.945291367575501,0.07310142354744915,0.02451145833651817,2.9194993754073333,3.055454130032359,2.9237806969511446,3.0481719408103642,0.12426403219234355,0.1227204736489792,0.0030458926478103866,0.02451145833651821,0.12164580730863889,0.12731058875134832,0.12182419570629768,0.12700716420043184,61440.0,122880.0
libVentra_deque_concurrent_deque_benchmark.json,deque,mmap,ConcurrentPhasedPushBackPopFront,total_operations,61440.0,32,30,30,1296548.5657949713,1315505.7331273311,32206.519627708705,0.024840195328866423,1264014.1692982344,1326086.4957955754,1266228.8776038466,1323059.8472762583,41489554.10543908,42096183.460074596,1030608.6280866786,0.024840195328866423,40448453.4175435,42434767.865458414,40519324.08332309,42337915.112840265,14801787.892592406,14872575.692707686,387118.4628585338,0.02615349346089929,14461716.115451511,15168552.749999711,14504643.458333168,15077178.38368055,337.64285567577383,342.5796180019092,8.38711448638248,0.02484019532886643,329.17035658808186,345.33502494676446,329.74710354266836,344.54683522819226,2.963486238132751,2.919039917769015,0.0740035099081134,0.024971774444527847,2.895738717952698,3.0379419885152545,2.902365335792888,3.0326276549483566,0.09260894494164847,0.09121999743028172,0.0023126096846285437,0.024971774444527847,0.09049183493602181,0.0949356871411017,0.09069891674352774,0.09476961421713614,61440.0,122880.0
libVentra_deque_concurrent_deque_benchmark.json,deque,mmap,ConcurrentPhasedPushBackPopFront,total_operations,61440.0,48,30,30,868244.6206983359,880691.2323013976,22426.87177569098,0.025830130404554504,844150.293571496,887474.1535493452,846505.9429145936,886736.0613425571,41675741.79352013,42273179.15046708,1076489.8452331668,0.025830130404554497,40519214.09143181,42598759.37036857,40632285.2599005,42563330.944442734,10023393.938811805,10113059.680555891,260238.2134715892,0.025963083468556,9775737.185185721,10247769.98379647,9817092.004629847,10232246.192129986,339.1580549602874,344.0200126177334,8.760496787379282,0.025830130404554487,329.7462084263656,346.669591230213,330.66638395101313,346.38127396193636,2.9503919938966736,2.9068076626283457,0.07666510194289325,0.025984717319422795,2.8845914051652275,3.03263688647172,2.8869922294594317,3.0241965806100626,0.06146649987284737,0.06055849297142386,0.0015971896238102764,0.025984717319422798,0.06009565427427557,0.0631799351348275,0.060145671447071496,0.06300409542937631,61440.0,122880.0
libVentra_deque_concurrent_deque_benchmark.json,deque,mmap,ConcurrentPhasedPushBackPopFront,total_operations,61440.0,64,30,30,650469.3024296559,659303.7208522852,17378.66278284996,0.026717114424826143,633290.1798977719,666312.3932969465,633422.0059136037,664329.9503444765,41630035.35549798,42195438.13454625,1112234.4181023974,0.026717114424826143,40530571.5134574,42643993.17100458,40539008.37847064,42517116.822046496,7559983.759722159,7549695.790798424,200265.57354718546,0.026490212136982886,7381135.124566013,7743127.575520645,7413719.2595485635,7696936.77690961,338.78609501544565,343.38735461056524,9.051386866067686,0.02671711442482615,329.8386353634229,347.0377048421597,329.90729474666864,346.0051824710815,2.953765668927386,2.912179090462497,0.07940655832379762,0.02688316109809512,2.8815326746879517,3.0317855423753617,2.8901371712857613,3.031154566473184,0.04615258857699041,0.04550279828847652,0.0012407274738093377,0.02688316109809512,0.045023948041999245,0.047371649099615026,0.04515839330134002,0.0473617901011435,61440.0,122880.0
libVentra_deque_concurrent_deque_benchmark.json,deque,mmap,ConcurrentSteadyPushBackPopFront,operations_per_thread,512.0,1,30,30,28630.826417795848,28605.315997441983,188.89004639852436,0.006597436051692779,28485.205753140814,28764.132478668922,28542.02781812644,28695.80567650353,28630.826417795848,28605.315997441983,188.89004639852436,0.006597436051692779,28485.205753140814,28764.132478668922,28542.02781812644,28695.80567650353,28441.513331187187,28432.547492347123,156.18300268695006,0.005491374557615032,28329.88844542638,28517.24760118909,28354.877761645435,28487.156708597555,27.959791423628754,27.934878903751937,0.18446293593605864,0.006597436051692769,27.817583743301576,28.08997312370012,27.8730740411391,28.023247730960477,35.76714941152757,35.79754214435659,0.23575448372556343,0.00659136910836906,35.59991034581048,35.94850388381684,35.68465946645048,35.87692863733597,35.76714941152757,35.79754214435659,0.23575448372556343,0.00659136910836906,35.59991034581048,35.94850388381684,35.68465946645048,35.87692863733597,512.0,1024.0
libVentra_deque_concurrent_deque_benchmark.json,deque,mmap,ConcurrentSteadyPushBackPopFront,operations_per_thread,512.0,2,30,30,87640.23184522321,90855.09978997866,5444.411566411375,0.062122286212415126,81163.13924624606,91923.63898362867,81565.90277048494,91844.1479122302,175280.46369044643,181710.19957995732,10888.82313282275,0.062122286212415126,162326.27849249213,183847.27796725734,163131.8055409699,183688.2958244604,173591.0306897762,179802.70745802487,10896.047926264606,0.06276849606208565,160606.21527046582,181901.0565257775,161369.20942751743,181827.30409668124,85.5861639113508,88.72568338865103,5.31680817032361,0.06212228621241515,79.26087817016217,89.76917869494989,79.6542019243017,89.6915506955373,11.728553061360289,11.270743336379766,0.7401269395232098,0.06310470998861382,11.139681042011539,12.616578727065903,11.14932586200037,12.554331239438348,5.8642765306801445,5.635371668189883,0.3700634697616049,0.06310470998861382,5.569840521005769,6.3082893635329516,5.574662931000185,6.277165619719174,1024.0,2048.0
libVentra_deque_concurrent_deque_benchmark.json,deque,mmap,ConcurrentSteadyPushBackPopFront,operations_per_thread,512.0,4,30,30,195710.03516472582,202528.3406976409,13287.029551800615,0.0678914064913286,182062.3994550382,204252.5173328547,201108.92245622043,203389.47340115038,782840.1406589033,810113.3627905636,53148.11820720246,0.0678914064913286,728249.5978201528,817010.0693314188,804435.6898248817,813557.8936046015,779669.4207558342,805104.5511627484,53000.65755573367,0.06797837153130014,726066.5186047102,815196.5603198563,801147.8761627674,809768.854069741,191.12308121555256,197.78158271253994,12.975614796680288,0.0678914064913286,177.79531196781073,199.46534895786593,196.39543208615277,198.62253261831094,5.257386306891197,5.056082888859967,0.3833777076498393,0.0729217305464735,5.0134044622082055,5.642186336260044,5.0346772604501435,5.091808773763285,1.3143465767227993,1.2640207222149917,0.09584442691245983,0.0729217305464735,1.2533511155520514,1.410546584065011,1.2586693151125359,1.2729521934408212,2048.0,4096.0
libVentra_deque_concurrent_deque_benchmark.json,deque,mmap,ConcurrentSteadyPushBackPopFront,operations_per_thread,512.0,8,30,30,226178.40695529076,227259.47790525062,7011.3647549816405,0.030999266682285875,223425.74399819568,229003.65069579892,226417.6204428055,228511.1861165904,1809427.255642326,1818075.823242005,56090.918039853124,0.030999266682285875,1787405.9519855655,1832029.2055663913,1811340.963542444,1828089.4889327232,1801702.8389105636,1809556.7106120705,55726.27100805047,0.030929779209176635,1781977.8512369555,1824729.2908527704,1802747.001301988,1820678.4794922005,220.87735054227613,221.93308389184628,6.847035893536761,0.030999266682285885,218.18920312323797,223.63637763261613,221.11095746367724,223.15545519198284,4.531650778652378,4.505867850624391,0.14199046887029187,0.03133305627591122,4.471544805373785,4.583249573833372,4.4811827995552,4.522616208037876,0.5664563473315473,0.5632334813280488,0.017748808608786484,0.03133305627591122,0.5589431006717231,0.5729061967291715,0.5601478499444,0.5653270260047345,4096.0,8192.0
libVentra_deque_concurrent_deque_benchmark.json,deque,mmap,ConcurrentSteadyPushBackPopFront,operations_per_thread,512.0,12,30,30,341782.78826681356,346706.15303835145,20380.071642624785,0.05962872427243186,328094.0823135323,359598.7605469296,334351.1083333479,357927.9936632121,4101393.4592017634,4160473.8364602174,244560.8597114975,0.05962872427243187,3937128.987762388,4315185.126563155,4012213.3000001744,4295135.923958546,4048895.0425000414,4132633.801041506,267327.44213690114,0.06602478931433017,3846829.529427191,4276397.71354145,3928019.544791782,4263392.134375104,333.7722541668101,338.5802275765151,19.902413713500767,0.05962872427243186,320.40437725930883,351.17066459661095,326.51475423178505,349.5390563117306,3.006851249587066,2.9538541046288387,0.18755822493043903,0.06237695494787,2.847627259571459,3.121157897239705,2.860910624843499,3.0627590980353654,0.2505709374655888,0.2461545087190699,0.01562985207753658,0.062376954947869996,0.23730227163095494,0.26009649143664204,0.23840921873695822,0.2552299248362805,6144.0,12288.0
libVentra_deque_concurrent_deque_benchmark.json,deque,mmap,ConcurrentSteadyPushBackPopFront,operations_per_thread,512.0,16,30,30,313687.4863281371,314244.8247138984,10375.783229892206,0.033076815882411306,305064.3716714108,319080.5716741827,309669.01986137766,316616.1228818764,5018999.781250194,5027917.195422375,166012.5316782753,0.033076815882411306,4881029.946742573,5105289.1467869235,4954704.317782043,5065857.966110023,3890520.1717136377,3888422.1672533946,136676.00516526637,0.03513052217515309,3784749.498899607,3966976.478213145,3841261.16137781,3950369.1197183793,306.3354358673214,306.8797116346664,10.132600810441604,0.0330768158824113,297.91442546036217,311.602120775569,302.4111522083766,309.19543250183244,3.267834216186103,3.2586299986600875,0.10761761203809082,0.03293239647992045,3.209255090007476,3.356759824919531,3.2342006525953018,3.30676296510498,0.20423963851163143,0.20366437491625547,0.0067261007523806765,0.03293239647992045,0.20057844312546724,0.2097974890574707,0.20213754078720636,0.20667268531906124,8192.0,16384.0
libVentra_deque_concurrent_deque_benchmark.json,deque,mmap,ConcurrentSteadyPushBackPopFront,operations_per_thread,512.0,24,30,30,323825.00097591407,321429.63571263396,14882.614126151302,0.04595881751347007,315723.29298837384,333081.70518671704,319022.40672348975,332030.082603368,7771800.023421938,7714311.257103215,357182.73902763124,0.04595881751347007,7577359.031720972,7993960.924481208,7656537.761363754,7968721.982480832,4216785.654576959,4208183.903409102,130883.35303639052,0.03103865450081103,4125724.518702568,4307656.239583397,4157946.541666556,4285668.278409106,316.2353525155411,313.8961286256191,14.533802857569631,0.04595881751347007,308.3235283089588,325.2751027214034,311.545319065908,324.24812754235154,3.16870771991027,3.185788774043276,0.14671651294922836,0.046301686970795466,3.0743250290405495,3.243435512241375,3.0840598845480325,3.209807213152778,0.13202948832959457,0.13274119891846986,0.006113188039551183,0.04630168697079548,0.12809687621002291,0.1351431463433906,0.12850249518950135,0.1337419672146991,12288.0,24576.0
libVentra_deque_concurrent_deque_benchmark.json,deque,mmap,ConcurrentSteadyPushBackPopFront,operations_per_thread,512.0,32,30,30,314040.68189246557,317193.86240750144,18405.437755647523,0.05860845048715679,303829.9897138938,324997.47981989663,307790.9795821238,322897.557334483,10049301.820558898,10150203.597040046,588974.0081807207,0.05860845048715679,9722559.670844601,10399919.354236692,9849311.346627962,10332721.834703457,4132830.8469023975,4142691.8071545963,214047.32598824677,0.05179193969399391,4080110.0674341805,4259830.460114919,4120470.872121654,4243979.349506669,306.6803534106109,309.7596312573255,17.974060308249534,0.05860845048715679,296.7089743299744,317.3803513866178,300.5771284981677,315.3296458344561,3.2724119370442284,3.2283109010137605,0.2071740846409489,0.06330929254220871,3.1508087581789033,3.370306673526782,3.1712881103212376,3.3271302491084747,0.10226287303263214,0.10088471565668002,0.0064741901450296535,0.06330929254220871,0.09846277369309073,0.10532208354771194,0.09910275344753867,0.10397282028463983,16384.0,32768.0
libVentra_deque_concurrent_deque_benchmark.json,deque,mmap,ConcurrentSteadyPushBackPopFront,operations_per_thread,512.0,48,30,30,313770.8629406592,317818.430555491,16250.429951268128,0.05179075519941261,309237.80596248526,323807.30296041095,313045.91729964106,323539.5902868628,15061001.421151642,15255284.666663568,780020.6376608703,0.051790755199412626,14843414.686199293,15542750.542099725,15026204.030382771,15529900.333769416,4258375.045746542,4257716.681423709,51726.17794315032,0.012146928672902301,4221626.599392328,4296529.237196151,4244140.9947917275,4284633.065972237,306.4168583404875,310.3695610893467,15.869560499285283,0.05179075519941262,301.9900448852395,316.2180692972763,305.70890361293067,315.95663113951446,3.2728553609878492,3.2219654761997,0.18698825047786263,0.0571330626787686,3.162374633035002,3.3113720119248344,3.1649913784390518,3.2710856248601017,0.06818448668724685,0.06712428075416041,0.0038955885516221388,0.05713306267876862,0.0658828048548959,0.06898691691510071,0.0659373203841469,0.06814761718458545,24576.0,49152.0
libVentra_deque_concurrent_deque_benchmark.json,deque,mmap,ConcurrentSteadyPushBackPopFront,operations_per_thread,512.0,64,30,30,312930.1663852732,315708.43498151505,19282.52646740271,0.06161926378060483,303266.17290619895,326627.6594302447,306180.2846101697,323353.21901984897,20027530.648657486,20205339.838816963,1234081.6939137734,0.06161926378060483,19409035.065996733,20904170.20353566,19595538.21505086,20694606.017270334,4295461.171134833,4317781.105263044,107126.40828723015,0.024939442825629838,4194176.3690377735,4395112.063939223,4214070.836348528,4383613.9629933685,305.5958656106184,308.3090185366358,18.830592253322962,0.061619263780604845,296.15837197870997,318.97232366234834,299.00418418961885,315.77462794907126,3.28532643385157,3.243526211621467,0.21962020508185345,0.0668488229415853,3.1350684041592087,3.3765724274850766,3.166906785508715,3.3444478949990333,0.051333225528930784,0.050680097056585424,0.00343156570440396,0.0668488229415853,0.048985443814987636,0.05275894417945432,0.04948291852357367,0.052256998359359895,32768.0,65536.0
libVentra_deque_concurrent_deque_benchmark.json,deque,mmap,ConcurrentSteadyPushBackPopFront,operations_per_thread,2048.0,1,30,30,115222.44683833596,115202.23353986582,754.7228793682241,0.006550137582368353,114777.6159550281,115677.93350715906,114833.79579515615,115486.67486967356,115222.44683833596,115202.23353986582,754.7228793682241,0.006550137582368353,114777.6159550281,115677.93350715906,114833.79579515615,115486.67486967356,113521.31804650047,113413.73842898649,579.4307749931622,0.005104158275856315,113068.27143088896,113982.81364079201,113221.11408085749,113769.74690348798,28.13048018514061,28.1255452978188,0.18425851547075817,0.006550137582368367,28.021878895270532,28.241682985146255,28.035594676551796,28.194988981853896,35.55010458830174,35.5548676844428,0.2330741128936485,0.006556214548250437,35.4086731493684,35.68640101522178,35.467295944326075,35.668942020797154,35.55010458830174,35.5548676844428,0.2330741128936485,0.006556214548250437,35.4086731493684,35.68640101522178,35.467295944326075,35.668942020797154,2048.0,4096.0
libVentra_deque_concurrent_deque_benchmark.json,deque,mmap,ConcurrentSteadyPushBackPopFront,operations_per_thread,2048.0,2,30,30,372082.7633298707,374459.94650448614,11325.47926646898,0.03043806481416704,360534.4706039804,381507.75662039756,369111.5384007413,379438.49099592125,744165.5266597414,748919.8930089723,22650.95853293796,0.03043806481416704,721068.9412079608,763015.5132407951,738223.0768014826,758876.9819918425,740453.3513770817,747165.8739405976,24960.092925318855,0.03370920379912999,714276.8244173566,760980.3969807514,733519.7330509059,757005.6758475398,90.84051839108172,91.42088537707181,2.7650095865402777,0.030438064814167033,88.02111098729989,93.14154214365175,90.11512167986847,92.6363503408011,11.0182915518373,10.938539750648804,0.33954884745071473,0.030816832705256827,10.736443990749345,11.362217617371533,10.794898530415555,11.09695375163733,5.50914577591865,5.469269875324402,0.16977442372535737,0.030816832705256827,5.368221995374673,5.681108808685766,5.3974492652077775,5.548476875818665,4096.0,8192.0
libVentra_deque_concurrent_deque_benchmark.json,deque,mmap,ConcurrentSteadyPushBackPopFront,operations_per_thread,2048.0,4,30,30,727371.5727256697,725879.220051695,23121.869370157765,0.03178824996351383,705094.1348963373,750832.9239589293,714927.6320312481,746005.4309890533,2909486.290902679,2903516.88020678,92487.47748063106,0.03178824996351383,2820376.539585349,3003331.695835717,2859710.5281249923,2984021.7239562133,2897396.2524999874,2883754.6291659856,94071.1497690981,0.032467478235995446,2805161.6864584717,2995698.96354229,2853121.6447921284,2969665.72604171,177.58095037247796,177.21660645793335,5.644987639198673,0.03178824996351383,172.1421227774261,183.30881932591043,174.54287891387892,182.13023217506185,5.6367625201612706,5.64281267739599,0.17993613116307539,0.031921893200128525,5.455278298548146,5.809255835299465,5.490640760473914,5.72926299513991,1.4091906300403176,1.4107031693489975,0.044984032790768846,0.031921893200128525,1.3638195746370365,1.4523139588248664,1.3726601901184785,1.4323157487849776,8192.0,16384.0
libVentra_deque_concurrent_deque_benchmark.json,deque,mmap,ConcurrentSteadyPushBackPopFront,operations_per_thread,2048.0,8,30,30,882172.5000530893,881840.1066642307,20641.346003549563,0.023398310423763335,870193.8676657022,893053.6332109844,874478.1412630687,889982.4661988167,7057380.000424715,7054720.853313846,165130.7680283965,0.023398310423763335,6961550.941325618,7144429.065687875,6995825.130104549,7119859.729590533,7029205.77023821,7026978.693877563,165139.96444013205,0.02349340307255448,6938224.000000266,7121514.061862417,6958047.978316689,7090331.238520518,215.37414552077377,215.29299479107192,5.03939111414784,0.023398310423763325,212.44967472307178,218.0306721706505,213.49563995680387,217.28087553682045,4.64553621725398,4.644873444962391,0.10852208983412011,0.023360508832340678,4.586514269409813,4.707001959887923,4.60234165936422,4.683936461269747,0.5806920271567475,0.5806091806202989,0.013565261229265014,0.023360508832340678,0.5733142836762266,0.5883752449859904,0.5752927074205275,0.5854920576587184,16384.0,32768.0
libVentra_deque_concurrent_deque_benchmark.json,deque,mmap,ConcurrentSteadyPushBackPopFront,operations_per_thread,2048.0,12,30,30,1315541.3691688858,1350802.3396162745,95662.22763228262,0.07271700447757014,1220522.4049271888,1397639.0628307571,1281924.944609779,1391489.6946102374,15786496.430026632,16209628.075395294,1147946.7315873913,0.07271700447757012,14646268.859126264,16771668.753969086,15383099.335317347,16697876.335322848,15541852.521560647,16075244.865079,1250364.0873573443,0.08045141887833254,14304629.200396776,16627652.819444194,15005543.382936548,16564573.732142463,321.1770920822475,329.7857274453795,23.35503604303775,0.07271700447757014,297.97910276542694,341.2204743239153,312.9699571801218,339.71916372320254,3.1303303151393247,3.032278613302509,0.23905141437181754,0.0763661947161566,2.9306572378951024,3.3560378561031015,2.9436390135177035,3.196251157145194,0.2608608595949437,0.2526898844418758,0.019920951197651464,0.07636619471615662,0.24422143649125852,0.27966982134192514,0.2453032511264753,0.26635426309543286,24576.0,49152.0
libVentra_deque_concurrent_deque_benchmark.json,deque,mmap,ConcurrentSteadyPushBackPopFront,operations_per_thread,2048.0,16,30,30,1248101.2563006722,1244632.921115812,29759.340489710165,0.02384369083796598,1234033.222927453,1261500.8046873556,1239345.0601129173,1257994.2637798898,19969620.100810755,19914126.73785299,476149.44783536263,0.02384369083796598,19744531.566839248,20184012.87499769,19829520.961806677,20127908.220478237,15452969.692824129,15457779.559027918,424325.05927647086,0.027459127126452206,15128894.570312532,15691034.272569017,15260608.986110546,15649138.86458369,304.7122207765313,303.86545925679,7.265463986745644,0.02384369083796597,301.27764231627265,307.98359489437394,302.5744775666302,307.12750580563716,3.283577947912551,3.290930617584195,0.07782816092356672,0.023702242540958696,3.2469261922888863,3.319212163006745,3.255977435639819,3.3049714208201446,0.20522362174453443,0.20568316359901218,0.00486426005772292,0.023702242540958696,0.2029328870180554,0.20745076018792155,0.2034985897274887,0.20656071380125904,32768.0,65536.0
libVentra_deque_concurrent_deque_benchmark.json,deque,mmap,ConcurrentSteadyPushBackPopFront,operations_per_thread,2048.0,24,30,30,1260627.2791908265,1252498.9789495482,60630.601492476344,0.048095581059767335,1221204.9947914863,1272647.9978660624,1231755.270110147,1263438.8855612986,30255054.70057984,30059975.494789153,1455134.4358194324,0.048095581059767335,29308919.87499567,30543551.948785502,29562126.48264353,30322533.253471166,16564341.859374724,16547320.795138223,560963.5535988508,0.03386573148279773,16317790.695312357,16936636.307291128,16372748.562500387,16872669.08854145,307.7703318336979,305.78588353260454,14.802392942499116,0.048095581059767356,298.1457506815152,310.70507760401915,300.7215014917351,308.4567591702389,3.2561060568812366,3.270268767278716,0.1493772952782201,0.04587605338055133,3.218493321491878,3.354069637551519,3.242016903929695,3.325336372893984,0.13567108570338485,0.13626119863661318,0.006224053969925836,0.04587605338055132,0.13410388839549492,0.13975290156464662,0.1350840376637373,0.138555682203916,49152.0,98304.0
libVentra_deque_concurrent_deque_benchmark.json,deque,mmap,ConcurrentSteadyPushBackPopFront,operations_per_thread,2048.0,32,30,30,1238646.3355144025,1248253.4479979267,65812.89298354008,0.05313291703737885,1194870.0931396994,1289097.7897461965,1218844.6623046633,1274449.458056681,39636682.73646088,39944110.335933656,2106012.5754732825,0.05313291703737885,38235842.98047038,41251129.27187829,39003029.19374923,40782382.657813795,16478012.263958212,16764750.29687444,897335.5943693233,0.05445654366528386,16500727.397656083,16939658.681249507,16557713.128125515,16919334.77656249,302.4038905064459,304.7493769526189,16.067600826059586,0.05313291703737884,291.71633133293443,314.721140074755,297.56949763297445,311.14488722086946,3.316193473090656,3.281401200371154,0.18253882061678406,0.0550446836404451,3.177422861722516,3.428155671754413,3.2139382298257555,3.3605850065283365,0.103631046034083,0.10254378751159857,0.005704338144274502,0.0550446836404451,0.09929446442882862,0.1071298647423254,0.10043556968205486,0.10501828145401051,65536.0,131072.0
libVentra_deque_concurrent_deque_benchmark.json,deque,mmap,ConcurrentSteadyPushBackPopFront,operations_per_thread,2048.0,48,30,30,1266070.069565023,1276416.6963975164,64347.68304766297,0.05082474074264354,1242013.9406647854,1310686.4703231826,1246278.5326605225,1298866.7853733008,60771363.3391211,61268001.42708078,3088688.7862878223,0.05082474074264354,59616669.1519097,62912950.575512774,59821369.56770508,62345605.69791843,17128181.72997693,17055197.68750018,234872.79191845766,0.01371265179347055,16987539.763888437,17284988.90625079,17040017.64062473,17204678.57465285,309.0991380773982,311.6251700189248,15.709883556558339,0.05082474074264353,303.22605973261363,319.9918140437458,304.2672198878229,317.1061487727785,3.24394906170517,3.208984147711132,0.17874061156513055,0.055099697364290975,3.1251166447004666,3.2978710124507975,3.1535181761927245,3.286592499391532,0.06758227211885771,0.06685383641064858,0.003723762740940219,0.05509969736429096,0.06510659676459304,0.06870564609272495,0.06569829533734842,0.06847067707065692,98304.0,196608.0
libVentra_deque_concurrent_deque_benchmark.json,deque,mmap,ConcurrentSteadyPushBackPopFront,operations_per_thread,2048.0,64,30,30,1254995.2685546477,1262066.375244175,66214.3562050007,0.05276064210286499,1192822.4568239609,1304260.7052122233,1223348.1843018313,1289141.1375975492,80319697.18749745,80772248.0156272,4237718.797120045,0.05276064210286499,76340637.2367335,83472685.1335823,78294283.7953172,82505032.80624315,17205641.531979237,17201760.273437873,347070.89874981885,0.02017192431358843,16914869.296094183,17517014.22734295,16979848.3515632,17471811.365625605,306.39532923697453,308.12167364359743,16.165614307861492,0.05276064210286497,291.2164201230373,318.42302373345296,298.6689903080643,314.73172304627667,3.272653619924195,3.245474196321844,0.17463265714037188,0.053361179465249035,3.140476869269806,3.4338839622188817,3.177324941035188,3.3483551573690873,0.05113521281131555,0.05071053431752881,0.0027286352678183106,0.053361179465249035,0.04906995108234072,0.05365443690967003,0.04964570220367481,0.05231804933389199,131072.0,262144.0
libVentra_deque_concurrent_deque_benchmark.json,deque,mmap,ConcurrentSteadyPushBackPopFront,operations_per_thread,8192.0,1,30,30,459877.5046226358,460443.823155237,3896.047123413907,0.008471923684570977,457249.05979654205,462606.7363232654,458223.6227731182,461944.0966919616,459877.5046226358,460443.823155237,3896.047123413907,0.008471923684570977,457249.05979654205,462606.7363232654,458223.6227731182,461944.0966919616,453484.31687865505,453838.73791348014,2217.4794949410616,0.004889870305116687,452001.4481553952,455070.6857502792,452126.90012719156,454448.011450186,28.068695350502672,28.10326069062726,0.23779584493493153,0.008471923684571002,27.908267809847537,28.235274433793055,27.96775041339833,28.194830120358983,35.62935912131855,35.58306541178286,0.3029110472126996,0.008501725955307885,35.41669177022668,35.83169790997586,35.46749752514381,35.75548208232444,35.62935912131855,35.58306541178286,0.3029110472126996,0.008501725955307885,35.41669177022668,35.83169790997586,35.46749752514381,35.75548208232444,8192.0,16384.0
libVentra_deque_concurrent_deque_benchmark.json,deque,mmap,ConcurrentSteadyPushBackPopFront,operations_per_thread,8192.0,2,30,30,1428220.47344195,1423775.893292584,52580.32266529619,0.036815270221256434,1412967.0162621615,1477859.1636189315,1417162.8617894724,1450666.1808951779,2856440.9468839,2847551.786585168,105160.64533059238,0.036815270221256434,2825934.032524323,2955718.327237863,2834325.723578945,2901332.3617903558,2827561.837940658,2817250.221544845,105809.52621817995,0.03742076470208768,2795694.102642027,2930369.3343505757,2804317.8434962053,2870604.9349599755,87.17165975597841,86.9003841120962,3.209248209551768,0.03681527022125641,86.24066261365732,90.2013649669758,86.4967567010176,88.54163701752796,11.487014353958411,11.507441569677193,0.43303127598842145,0.03769746103252664,11.086313740960042,11.595458837846968,11.297160043351026,11.561133768125622,5.743507176979206,5.753720784838596,0.21651563799421072,0.03769746103252664,5.543156870480021,5.797729418923484,5.648580021675513,5.780566884062811,16384.0,32768.0
libVentra_deque_concurrent_deque_benchmark.json,deque,mmap,ConcurrentSteadyPushBackPopFront,operations_per_thread,8192.0,4,30,30,2980192.5281251194,2907498.7406261247,128701.31846648298,0.0431855718219154,2900204.6010418776,3007028.346354919,2902375.5677068643,3003569.165626156,11920770.112500478,11629994.962504499,514805.2738659319,0.0431855718219154,11600818.40416751,12028113.385419676,11609502.270827457,12014276.662504625,11852749.121111158,11556152.170831624,513365.83206495596,0.04331196305763279,11529151.69999962,11996251.03541543,11535705.8583337,11940155.733333204,181.89651660919918,177.4596399307937,7.855305082182795,0.04318557182191538,177.01444098155994,183.53444496795163,177.14694627117092,183.32331333167454,5.506933487371545,5.635084126121102,0.22295551801371274,0.04048632846664891,5.448568826870101,5.649256606059736,5.454843825317826,5.645031261088604,1.3767333718428862,1.4087710315302755,0.055738879503428186,0.04048632846664891,1.3621422067175253,1.412314151514934,1.3637109563294565,1.411257815272151,32768.0,65536.0
libVentra_deque_concurrent_deque_benchmark.json,deque,mmap,ConcurrentSteadyPushBackPopFront,operations_per_thread,8192.0,8,30,30,3530036.60977585,3524284.849157985,91199.47762678786,0.025835278131174633,3462279.087739644,3614288.062499928,3475522.5937503222,3579803.7481969716,28240292.8782068,28194278.79326388,729595.8210143029,0.025835278131174633,27698232.701917153,28914304.499999423,27804180.750002578,28638429.985575773,28121707.87467867,28087569.480769232,721766.5643190248,0.025665815445331374,27587058.257210582,28783181.533653006,27678827.432693854,28505033.783653982,215.4563360458893,215.10527643786526,5.566374366869375,0.025835278131174626,211.32074510129664,220.59863662719286,212.12906455995622,218.4938811155378,4.644292966405297,4.648944361894644,0.11940931365958743,0.025710977865380177,4.533169635445638,4.732151416796986,4.576803412155591,4.714112741499054,0.5805366208006622,0.5811180452368305,0.014926164207448429,0.025710977865380177,0.5666462044307048,0.5915189270996233,0.5721004265194489,0.5892640926873818,65536.0,131072.0
libVentra_deque_concurrent_deque_benchmark.json,deque,mmap,ConcurrentSteadyPushBackPopFront,operations_per_thread,8192.0,12,30,30,5333976.301818997,5449570.111113284,275184.18471751706,0.05159081502174532,5069471.982887348,5522642.70634764,5128174.833829679,5506742.130951659,64007715.62182796,65394841.3333594,3302210.2166102035,0.051590815021745305,60833663.794648185,66271712.47617167,61538098.005956136,66080905.5714199,63075236.73095271,64724108.54761864,3597445.1303423243,0.057034191495582,59796461.93750004,65727524.45535895,60406629.60119002,65359798.91666761,325.5600770153196,332.61536322712914,16.795909711762516,0.05159081502174532,309.4160145805266,337.07536049485105,312.9989522601122,336.10486639109246,3.079617929699934,3.006476626865844,0.16030845168774116,0.05205465591745044,2.966698618040505,3.2319042746189197,2.975261891750722,3.1950322367761914,0.2566348274749945,0.250539718905487,0.013359037640645095,0.05205465591745044,0.24722488483670874,0.26932535621824333,0.24793849097922682,0.2662526863980159,98304.0,196608.0
libVentra_deque_concurrent_deque_benchmark.json,deque,mmap,ConcurrentSteadyPushBackPopFront,operations_per_thread,8192.0,16,30,30,5022271.0690106945,5028329.741796611,155144.92271459074,0.030891387697468856,4908122.916797098,5139564.722265177,4957412.880859025,5094464.6496088095,80356337.10417111,80453275.86874577,2482318.7634334518,0.030891387697468856,78529966.66875356,82233035.55624284,79318606.0937444,81511434.39374095,62111707.18249922,62178638.85000165,1979724.9159846494,0.031873619415543335,60639871.14999959,63650344.36562717,60926495.83124939,63357450.399997845,306.5350994269223,306.9048914670783,9.469294599279216,0.030891387697468846,299.5680491209166,313.69413588044296,302.5764697789932,310.9414458989752,3.2652915865409793,3.2583451696025794,0.10127446125164159,0.03101544182733299,3.187873881240663,3.3381411446843416,3.216044953547917,3.304949739921009,0.2040807241588112,0.2036465731001612,0.0063296538282275995,0.03101544182733299,0.19924211757754143,0.20863382154277135,0.20100280959674482,0.20655935874506307,131072.0,262144.0
libVentra_deque_concurrent_deque_benchmark.json,deque,mmap,ConcurrentSteadyPushBackPopFront,operations_per_thread,8192.0,24,30,30,5042376.449324909,4995365.042823607,225058.98370065348,0.04463351476480602,4884949.313080387,5182795.834491282,4919530.771412158,5141235.210647598,121017034.7837978,119888761.02776657,5401415.608815682,0.044633514764806016,117238783.51392928,124387100.02779076,118068738.51389179,123389645.05554233,65643621.32500003,65334977.111111216,1755790.9450161955,0.026747319992041812,64121860.906247735,67083632.41666669,64662436.15972331,66643476.847222015,307.762234455866,304.8928859145268,13.736510235635588,0.04463351476480602,298.1536445971916,316.3327535700246,300.2643293098241,313.7960943998778,3.2553872856148733,3.2798423036756033,0.14222010160239135,0.043687613523233686,3.1612333698985875,3.3539824883702325,3.186845673688937,3.33039893377091,0.13564113690061974,0.1366600959864835,0.0059258375667663055,0.04368761352323368,0.13171805707910778,0.13974927034875967,0.1327852364037057,0.1387666222404546,196608.0,393216.0
libVentra_deque_concurrent_deque_benchmark.json,deque,mmap,ConcurrentSteadyPushBackPopFront,operations_per_thread,8192.0,32,30,30,5097164.782942827,5143858.346191132,211835.81371232407,0.04155953804381846,4933118.523683055,5255865.905272383,5033220.300538544,5215638.92749044,163109273.05417046,164603467.07811624,6778746.03879437,0.04155953804381846,157859792.75785777,168187708.96871626,161063049.6172334,166900445.6796941,67242517.58020827,67119765.38281082,1031615.8925288243,0.015341720233753763,66561419.57421795,68153760.19531387,66724864.56249589,67658803.16406289,311.1062489589128,313.95619788764236,12.929431989277589,0.04155953804381845,301.0936598927646,320.7925967573476,307.20338748404197,318.33733688296144,3.219916602815037,3.185176082772572,0.13915502160006119,0.04321696452585257,3.1172902981381476,3.3214319221896864,3.1413820708575173,3.2552802789720685,0.1006223938379699,0.09953675258664288,0.004348594425001912,0.04321696452585257,0.09741532181681711,0.1037947475684277,0.09816818971429742,0.10172750871787714,262144.0,524288.0
libVentra_deque_concurrent_deque_benchmark.json,deque,mmap,ConcurrentSteadyPushBackPopFront,operations_per_thread,8192.0,48,30,30,5004045.30920117,5000798.932833957,248011.61733949228,0.0495622245632872,4919420.887857869,5172495.787869134,4955306.14615822,5102808.666557558,240194174.84165615,240038348.77602988,11904557.632295633,0.04956222456328721,236132202.61717772,248279797.81771845,237854695.01559457,244934815.99476278,67945588.27152766,67714404.4895843,1526996.1204304276,0.022473808223253098,66990978.51301936,68969751.23437536,67167815.23437542,68506906.26562756,305.42268732917296,305.22454424035374,15.13742781613112,0.0495622245632872,300.2576225499188,315.70408861505945,302.4478848973523,311.4507242771947,3.282377801085493,3.2763142831255117,0.17224756373954114,0.052476458889826244,3.1675546818908438,3.330473771091682,3.2109927429136897,3.3063547554522095,0.06838287085594776,0.06825654756511482,0.0035884909112404396,0.052476458889826244,0.06599072253939259,0.0693848702310767,0.06689568214403521,0.06888239073858769,393216.0,786432.0
libVentra_deque_concurrent_deque_benchmark.json,deque,mmap,ConcurrentSteadyPushBackPopFront,operations_per_thread,8192.0,64,30,30,5023776.552425074,5094708.665039138,329497.1339153348,0.06558753767746302,4913500.080871547,5216809.517578358,4990078.932983754,5168202.200684258,321521699.35520476,326061354.5625048,21087816.57058143,0.06558753767746302,314464005.175779,333875809.1250149,319365051.71096027,330764940.8437925,68703386.29218787,68648763.86718959,1537987.160474175,0.022385900367898698,67549233.73437494,69731520.60156018,68231523.07811983,69548987.04687418,306.62698684235073,310.95633941889275,20.110909052449635,0.06558753767746302,299.8962451703825,318.4087840318822,304.5702473744967,315.44202885035753,3.2758120751849287,3.2158858330766806,0.22982566175467356,0.07015837797768032,3.1406339005749566,3.334487584394435,3.170197697016504,3.2837637082993485,0.05118456367476451,0.050248216141823135,0.0035910259649167744,0.07015837797768032,0.0490724046964837,0.052101368506163044,0.049534339015882875,0.05130880794217732,524288.0,1048576.0
libVentra_deque_concurrent_deque_benchmark.json,deque,mmap,ConcurrentSteadyPushFrontPopBack,operations_per_thread,512.0,1,30,30,28651.786833953225,28547.510736318633,258.7172480587622,0.009029707276482125,28466.625483305805,28843.40919373487,28519.669847751178,28714.0330728403,28651.786833953225,28547.510736318633,258.7172480587622,0.009029707276482125,28466.625483305805,28843.40919373487,28519.669847751178,28714.0330728403,28491.815099403575,28469.758288761703,172.08217918079183,0.0060397057393649185,28381.07749899164,28595.880049344934,28417.878445073715,28537.402673802593,27.980260580032446,27.878428453436165,0.2526535625573847,0.009029707276482116,27.79943894854082,28.167391790756707,27.85124008569451,28.041047922695604,35.742281969618524,35.870028092892746,0.32086588370981856,0.008977207554418583,35.50205293582402,35.97194900607138,35.66204891524491,35.905043973738145,35.742281969618524,35.870028092892746,0.32086588370981856,0.008977207554418583,35.50205293582402,35.97194900607138,35.66204891524491,35.905043973738145,512.0,1024.0
libVentra_deque_concurrent_deque_benchmark.json,deque,mmap,ConcurrentSteadyPushFrontPopBack,operations_per_thread,512.0,2,30,30,91372.30072443672,89308.61792693629,4029.234880207132,0.04409689641457774,88317.6506559766,94866.96952158834,88519.2522504713,92765.7836933874,182744.60144887344,178617.23585387258,8058.469760414264,0.04409689641457774,176635.3013119532,189733.93904317668,177038.5045009426,185531.5673867748,181049.68383059985,176714.4282407604,8343.798347228705,0.046085683060543906,174774.32175923386,188074.60673870152,175156.25938783563,184592.35146606585,89.23076242620773,87.21544719427374,3.934799687702279,0.04409689641457775,86.24770571872713,92.6435249234261,86.44458227585088,90.59158563807364,11.227007541650115,11.465858794710696,0.47222026298168795,0.042061097868674124,10.794456991402821,11.594516539982514,11.03994398281181,11.568107123676286,5.613503770825058,5.732929397355348,0.23611013149084398,0.042061097868674124,5.397228495701411,5.797258269991257,5.519971991405905,5.784053561838143,1024.0,2048.0
libVentra_deque_concurrent_deque_benchmark.json,deque,mmap,ConcurrentSteadyPushFrontPopBack,operations_per_thread,512.0,4,30,30,185637.1431899018,181678.10590622303,11913.509997604024,0.06417632696176984,175501.06170437668,198999.1242361838,180609.44157336163,184072.4408096269,742548.5727596072,726712.4236248921,47654.039990416095,0.06417632696176984,702004.2468175067,795996.4969447352,722437.7662934465,736289.7632385076,738624.3775967679,723117.6064155251,47197.14692606386,0.06389871273898014,698657.1202900903,791860.853360445,718367.6929735921,733844.1384928159,181.28627264638848,177.42002529904593,11.634287107035188,0.06417632696176989,171.38775557068035,194.33508226189824,176.376407786486,179.7582429781513,5.537271605490759,5.636342798543925,0.3409834310740487,0.06157968316669341,5.154778910834663,5.83472308614712,5.5630274311304895,5.6696940260848425,1.3843179013726898,1.4090856996359813,0.08524585776851218,0.06157968316669341,1.2886947277086658,1.45868077153678,1.3907568577826224,1.4174235065212106,2048.0,4096.0
libVentra_deque_concurrent_deque_benchmark.json,deque,mmap,ConcurrentSteadyPushFrontPopBack,operations_per_thread,512.0,8,30,30,221539.25550448475,218145.75187661944,7778.026426177037,0.0351090212362819,214800.38051467724,227970.21520746732,216225.61084945354,227343.6768152321,1772314.044035878,1745166.0150129555,62224.2114094163,0.0351090212362819,1718403.044117418,1823761.7216597386,1729804.8867956284,1818749.4145218567,1765095.7970588256,1740543.4077818864,61928.31842097546,0.03508496169112546,1711394.0762867131,1814946.1099876463,1723878.8859221258,1810288.2558211028,216.3469292035984,213.03296081701117,7.595728931813512,0.035109021236281894,209.7659965963645,222.6271632885423,211.1578230951695,222.01530938987509,4.627643636812842,4.69410948492404,0.16029594360236574,0.0346387829709301,4.491818174414952,4.767218475215676,4.50419424386107,4.7358392582216995,0.5784554546016053,0.586763685615505,0.020036992950295717,0.0346387829709301,0.561477271801869,0.5959023094019595,0.5630242804826338,0.5919799072777124,4096.0,8192.0
libVentra_deque_concurrent_deque_benchmark.json,deque,mmap,ConcurrentSteadyPushFrontPopBack,operations_per_thread,512.0,12,30,30,329098.8987908414,340146.9464460149,23238.806534423544,0.07061344361772828,311285.73327198054,345139.2366830094,314280.84705886536,343976.5298609698,3949186.785490098,4081763.357352179,278865.67841308255,0.07061344361772827,3735428.7992637665,4141670.840196113,3771370.164706384,4127718.358331638,3881305.904607827,4002890.3862745324,311190.1681245549,0.08017666624913916,3647575.8779410147,4110427.9188723983,3690692.858333262,4099477.259803846,321.38564335043117,332.17475238868644,22.69414700627299,0.07061344361772824,303.9899738984185,337.0500358232514,306.9148897059231,335.9145799423534,3.127186559886726,3.010479358396844,0.2297684442978012,0.07347449213459269,2.9669250196994676,3.2895821929826035,2.9769473284892776,3.2582619657508416,0.26059887999056053,0.2508732798664037,0.019147370358150097,0.07347449213459266,0.24724375164162227,0.27413184941521695,0.24807894404077313,0.27152183047923684,6144.0,12288.0
libVentra_deque_concurrent_deque_benchmark.json,deque,mmap,ConcurrentSteadyPushFrontPopBack,operations_per_thread,512.0,16,30,30,313208.5131456877,313911.49240156705,9216.346923438574,0.02942559520772549,307282.2186296646,320015.409179592,311509.1161441154,316848.22872970684,5011336.210331003,5022583.878425073,147461.55077501718,0.02942559520772549,4916515.498074634,5120246.546873472,4984145.858305846,5069571.659675309,3871396.2793379244,3883008.5064214068,118280.32506822994,0.030552368327547683,3770579.8488869183,3957997.6444778517,3841833.828339123,3917643.4537671795,305.86768861883564,306.5541917984053,9.000338792420475,0.029425595207725468,300.0802916305319,312.5150480269453,304.2081212344877,309.4220983688544,3.2721397777498127,3.2620994649583195,0.09681790683487757,0.029588560822868443,3.1998816482901966,3.33244267074903,3.2318455900964773,3.287223240952792,0.2045087361093633,0.20388121655989497,0.006051119177179848,0.029588560822868443,0.1999926030181373,0.20827766692181438,0.20199034938102983,0.2054514525595495,8192.0,16384.0
libVentra_deque_concurrent_deque_benchmark.json,deque,mmap,ConcurrentSteadyPushFrontPopBack,operations_per_thread,512.0,24,30,30,316230.13277390023,316433.9541665883,12910.885427563559,0.04082749899357202,308879.73740345,325325.5464216656,313592.5369019647,323218.2440393391,7589523.186573606,7594414.899998119,309861.2502615254,0.04082749899357202,7413113.6976828,7807813.114119974,7526220.885647153,7757237.856944138,4137018.003703761,4154836.3527779216,116822.15551216065,0.02823825166039232,4067059.182175908,4213387.914814876,4104101.545370551,4196436.852314889,308.81848903701194,309.0175333658089,12.60828655035504,0.04082749899357203,301.64036855805665,317.7007289274078,306.2427118183249,315.64281644466706,3.2434616629230235,3.236064752774073,0.13478362550213452,0.041555485931246326,3.1476237495580097,3.3152663485771083,3.1681404892085965,3.2653898889012347,0.135144235955126,0.1348360313655864,0.005615984395922273,0.04155548593124633,0.13115098956491705,0.13813609785737951,0.13200585371702483,0.1360579120375514,12288.0,24576.0
libVentra_deque_concurrent_deque_benchmark.json,deque,mmap,ConcurrentSteadyPushFrontPopBack,operations_per_thread,512.0,32,30,30,317557.72093959333,321140.5312787212,18014.88371336386,0.05672947790424122,310770.3757969387,325566.99816176825,316213.7087259013,325142.1446030686,10161847.070066987,10276497.000919078,576476.2788276435,0.05672947790424122,9944652.02550204,10418143.941176584,10118838.679228842,10404548.627298195,4192747.6784007824,4171418.8451288254,116587.00989748685,0.02780682713107029,4141328.5696233357,4275652.839154672,4149042.38556987,4241854.031709533,310.1149618550716,313.61380007687615,17.59265987633189,0.05672947790424121,303.48669511419797,317.9365216423518,308.802449927638,317.52162558893417,3.2354714613472746,3.188635714851557,0.19911560852469415,0.06154145103841556,3.1452819934116825,3.295043696638656,3.1493940287852866,3.2383302596764807,0.10110848316710233,0.09964486608911116,0.006222362766396692,0.06154145103841556,0.09829006229411508,0.102970115519958,0.09841856339954021,0.10119782061489002,16384.0,32768.0
libVentra_deque_concurrent_deque_benchmark.json,deque,mmap,ConcurrentSteadyPushFrontPopBack,operations_per_thread,512.0,48,30,30,312622.19679132267,313922.71011656034,19234.138369090248,0.06152518460462729,307522.4544270537,322964.26558253233,310451.6906985803,319813.5845693636,15005865.445983486,15068290.085594896,923238.6417163317,0.06152518460462728,14761077.812498577,15502284.747961551,14901681.153531855,15351052.059329454,4204423.602385264,4281508.89583339,245850.75316556744,0.05847430621074689,4211542.932291472,4320445.254076391,4238145.759963771,4305816.185688637,305.295114054026,306.56514659820346,18.783338251064702,0.061525184604627324,300.31489690141956,315.39479060794173,303.1754791978323,312.31795368101916,3.288574314188218,3.261958500443682,0.2204505972491356,0.06703530958629215,3.170634183697155,3.3298382699478477,3.2018707108326607,3.2986933445540063,0.06851196487892122,0.06795746875924338,0.0045927207760236574,0.06703530958629213,0.06605487882702404,0.0693716306239135,0.06670563980901377,0.06872277801154181,24576.0,49152.0
libVentra_deque_concurrent_deque_benchmark.json,deque,mmap,ConcurrentSteadyPushFrontPopBack,operations_per_thread,512.0,64,30,30,306858.54966420395,308900.50165120966,17802.416158131688,0.05801505670157444,300126.8641036483,321161.9055946516,303267.06375925406,311517.2945299627,19638947.178509053,19769632.10567742,1139354.634120428,0.05801505670157444,19208119.30263349,20554361.9580577,19409092.08059226,19937106.849917613,4237290.519654618,4219132.4268092895,105126.39288174818,0.024809814761135862,4158091.778577306,4325584.180304402,4183647.4580592117,4277709.097450656,299.66655240644917,301.6606461437595,17.38517202942548,0.05801505670157445,293.09264072621903,313.6346734322769,296.15924195239654,304.21610793941676,3.348655644706463,3.3149849610608575,0.20795074805768382,0.06209977080994018,3.188541228541891,3.411953285247635,3.2871380158148202,3.376567371162418,0.05232274444853848,0.0517966400165759,0.0032492304384013097,0.06209977080994018,0.04982095669596705,0.053311770081994295,0.051361531497106566,0.05275886517441278,32768.0,65536.0
libVentra_deque_concurrent_deque_benchmark.json,deque,mmap,ConcurrentSteadyPushFrontPopBack,operations_per_thread,2048.0,1,30,30,113723.65074706286,113650.79490499826,609.9143927953836,0.005363127096156257,113396.64382444111,114123.99983875935,113487.86246376944,113885.43485960666,113723.65074706286,113650.79490499826,609.9143927953836,0.005363127096156257,113396.64382444111,114123.99983875935,113487.86246376944,113885.43485960666,113434.82414273662,113345.10061265648,606.4321405763665,0.005346084371879349,113120.59504994555,113847.87012253486,113189.57916803479,113576.02982910162,27.764563170669643,27.74677609985309,0.1489048810535598,0.0053631270961562345,27.684727496201443,27.862304648134604,27.706997671818712,27.804061245021153,36.01813338395319,36.04022309989387,0.19271918999995394,0.005350615700862895,35.89078587292079,36.12099898787381,35.965983293582724,36.09196572189798,36.01813338395319,36.04022309989387,0.19271918999995394,0.005350615700862895,35.89078587292079,36.12099898787381,35.965983293582724,36.09196572189798,2048.0,4096.0
libVentra_deque_concurrent_deque_benchmark.json,deque,mmap,ConcurrentSteadyPushFrontPopBack,operations_per_thread,2048.0,2,30,30,363694.2031313781,354087.48585884285,14612.214586187158,0.04017719958244359,353111.18232288427,378015.3229802801,353501.45707056846,373964.53005059273,727388.4062627562,708174.9717176857,29224.429172374315,0.04017719958244359,706222.3646457685,756030.6459605602,707002.9141411369,747929.0601011855,724592.5866667177,706349.9641414529,29686.973632495185,0.04097057322800068,704269.1517678538,754232.4022729271,705012.2181819989,743965.6166666652,88.79253006137161,86.44714010225655,3.5674352017058495,0.04017719958244359,86.20878474679793,92.28889721198244,86.30406666761925,91.299934094383,11.279434126769386,11.567766524289397,0.44361547708751436,0.039329586227618056,10.835542980794589,11.599747582747536,10.953691768497576,11.586941865559137,5.639717063384693,5.783883262144698,0.22180773854375718,0.039329586227618056,5.417771490397294,5.799873791373768,5.476845884248788,5.793470932779568,4096.0,8192.0
libVentra_deque_concurrent_deque_benchmark.json,deque,mmap,ConcurrentSteadyPushFrontPopBack,operations_per_thread,2048.0,4,30,30,738239.6534544025,737289.398236895,6130.801456523015,0.008304622256249047,734008.5170941383,741282.3518960671,736619.1215282439,741119.2275641104,2952958.61381761,2949157.59294758,24523.20582609206,0.008304622256249047,2936034.0683765532,2965129.4075842686,2946476.4861129755,2964476.9102564417,2939739.3756411076,2937943.822650092,25438.203384994304,0.008653217219110337,2922172.5283115576,2946345.1052352134,2929771.0705126673,2945655.1057694266,180.23429039414123,180.00229449142944,1.4967776993464437,0.008304622256249073,179.2012981186861,180.97713669337577,179.83865271685642,180.93731141701915,5.5487026908959285,5.555484774659972,0.04595721197797927,0.008282514767530053,5.525559860836756,5.580324226401502,5.526776115233076,5.560539879588318,1.3871756727239821,1.388871193664993,0.011489302994494818,0.008282514767530053,1.381389965209189,1.3950810566003755,1.381694028808269,1.3901349698970795,8192.0,16384.0
libVentra_deque_concurrent_deque_benchmark.json,deque,mmap,ConcurrentSteadyPushFrontPopBack,operations_per_thread,2048.0,8,30,30,891003.1505104713,887793.8339061586,19202.675141828757,0.021551747747274752,878450.2385160665,904494.4182811321,879362.7529688309,898927.9799996553,7128025.2040837705,7102350.671249269,153621.40113463005,0.021551747747274752,7027601.908128532,7235955.346249057,7034902.023750647,7191423.839997242,7098697.295166801,7077752.954999866,155762.26168782092,0.021942372693349352,7000340.1043749945,7202742.463125761,7005309.058750102,7160289.162875137,217.5300660425955,216.74654148099577,4.688153110798036,0.021551747747274756,214.46539026271154,220.823832588167,214.68817211153097,219.4648388671033,4.599105730804885,4.613829982650288,0.09795679953525561,0.0212990971003644,4.528513394902929,4.662757016341002,4.556575594723949,4.657918867386961,0.5748882163506106,0.576728747831286,0.012244599941906952,0.0212990971003644,0.5660641743628662,0.5828446270426253,0.5695719493404936,0.5822398584233701,16384.0,32768.0
libVentra_deque_concurrent_deque_benchmark.json,deque,mmap,ConcurrentSteadyPushFrontPopBack,operations_per_thread,2048.0,12,30,30,1320470.5178240163,1349782.3101328197,72759.77352384118,0.055101399494886814,1258027.043797665,1376156.4647255698,1270507.4179291502,1364937.4542301348,15845646.213888196,16197387.721593838,873117.2822860943,0.055101399494886814,15096324.52557198,16513877.576706838,15246089.015149802,16379249.450761618,15610309.13320703,16008864.365530457,969543.7664741013,0.062109197082563815,14742483.398674257,16394222.81439435,14921968.191287577,16179212.229166474,322.380497515629,329.53669680977043,17.76361658296904,0.055101399494886814,307.1355087396644,335.9756993958911,310.1824750803589,333.236683161654,3.111306462282332,3.0345892794986296,0.17634797810722172,0.0566797196756567,2.9764451782329067,3.255961319817784,3.0008706653536694,3.2239091240262807,0.25927553852352775,0.25288243995821913,0.014695664842268478,0.05667971967565668,0.24803709818607553,0.2713301099848153,0.2500725554461391,0.26865909366885676,24576.0,49152.0
libVentra_deque_concurrent_deque_benchmark.json,deque,mmap,ConcurrentSteadyPushFrontPopBack,operations_per_thread,2048.0,16,30,30,1244125.4870949255,1243439.1383459894,27618.088379490568,0.02219879639631829,1229350.8261173654,1249918.9008791964,1233283.9377171309,1247725.4921879282,19906007.793518808,19895026.21353583,441889.4140718491,0.02219879639631829,19669613.217877846,19998702.41406714,19732543.003474094,19963607.87500685,15407674.645138929,15370872.06944395,368426.7540486454,0.023911898617672515,15245810.710938483,15525163.35677072,15266681.217013428,15487574.92881945,303.74157399778454,303.5740083852513,6.742697358274064,0.02219879639631829,300.1344790325599,305.1559816599601,301.0947113567214,304.6204814911934,3.29379266766258,3.294089675695563,0.07090846039802305,0.021527906444804495,3.2770140650776205,3.3318438693139143,3.2827736205585714,3.3212144360599174,0.20586204172891126,0.2058806047309727,0.004431778774876441,0.021527906444804495,0.20481337906735128,0.20824024183211964,0.2051733512849107,0.20757590225374484,32768.0,65536.0
libVentra_deque_concurrent_deque_benchmark.json,deque,mmap,ConcurrentSteadyPushFrontPopBack,operations_per_thread,2048.0,24,30,30,1276639.3616720135,1277086.5185629532,47272.59223112359,0.037028932093407116,1251334.339743383,1304770.3216479018,1264908.4113247686,1295168.9045806834,30639344.68012833,30650076.44551088,1134542.2135469664,0.037028932093407116,30032024.15384119,31314487.71954964,30357801.871794447,31084053.709936403,16672083.32692329,16754470.370192911,437704.5390657701,0.026253739888579673,16468647.221954621,16945907.600160636,16604290.589743882,16906440.876602404,311.67953165820643,311.78870082103344,11.541160212676662,0.03702893209340712,305.50154778891186,318.5474418085698,308.81553010858613,316.2033458448934,3.2127284630966506,3.2073151191144125,0.12052578839492994,0.037515087185039854,3.1392506820392923,3.273344725894278,3.162524400009178,3.238193687072611,0.13386368596236045,0.13363812996310054,0.005021907849788746,0.03751508718503984,0.13080211175163717,0.13638936357892825,0.13177185000038244,0.1349247369613588,49152.0,98304.0
libVentra_deque_concurrent_deque_benchmark.json,deque,mmap,ConcurrentSteadyPushFrontPopBack,operations_per_thread,2048.0,32,30,30,1279503.6487044345,1288609.0856933042,46003.88390755147,0.03595447653012389,1251497.4402831001,1309525.5173338982,1259898.338281129,1306125.1503907023,40944116.758541904,41235490.742185734,1472124.285041647,0.03595447653012389,40047918.089059204,41904816.55468474,40316746.82499613,41796004.81250247,16906653.382500123,16760592.539062304,408393.4380437723,0.0241557822712859,16594393.681249242,17290636.432031076,16628558.049999747,17108553.75781268,312.3788204844811,314.6018275618418,11.231416969617056,0.03595447653012388,305.5413672566163,319.70837825534625,307.59236774441626,318.87821054460505,3.2052722765059802,3.1786751716064012,0.11606483511765292,0.03621060088042613,3.127854318394098,3.2728797995526455,3.135994784552802,3.2510559586800833,0.10016475864081188,0.09933359911270004,0.0036270260974266538,0.03621060088042613,0.09774544744981556,0.10227749373602017,0.09799983701727506,0.1015954987087526,65536.0,131072.0
libVentra_deque_concurrent_deque_benchmark.json,deque,mmap,ConcurrentSteadyPushFrontPopBack,operations_per_thread,2048.0,48,30,30,1276696.8815351955,1275150.7873265012,54076.70611996409,0.042356730796536624,1242988.610863015,1314893.6534909876,1250430.9999069367,1306934.035590129,61281450.31368939,61207237.79167206,2595681.8937582774,0.042356730796536644,59663453.321424715,63114895.3675674,60020687.99553296,62732833.70832619,17007892.700397015,17053705.937499925,212273.92962802408,0.012480907151011657,16899909.08333326,17132252.42038738,16961733.3184518,17083919.82738141,311.6935745935536,311.3161101871341,13.202320830069352,0.04235673079653661,303.4640163239783,321.01895837182315,305.28100583665446,319.0756922827464,3.2139022179518335,3.2121746860435962,0.13745104256850757,0.04276764918383324,3.1150817090651524,3.2952837623972813,3.1340525906118164,3.275712641827311,0.06695629620732985,0.06692030595924159,0.002863563386843909,0.042767649183833266,0.064897535605524,0.06865174504994337,0.06529276230441285,0.06824401337140229,98304.0,196608.0
libVentra_deque_concurrent_deque_benchmark.json,deque,mmap,ConcurrentSteadyPushFrontPopBack,operations_per_thread,2048.0,64,30,30,1255052.112882485,1254305.419604651,67969.7064503448,0.054156879824088275,1219767.9017335149,1294218.4265869462,1230749.1528565027,1286713.5993408272,80323335.22447903,80275546.85469766,4350061.212822068,0.054156879824088275,78065145.71094495,82829979.30156456,78767945.78281617,82349670.35781294,17217550.662916634,17336485.61249999,560101.3711115497,0.032530839146470626,16757800.215625104,17732481.58750028,16841684.75312449,17657864.854687583,306.4092072467004,306.22690908316673,16.59416661385372,0.054156879824088296,297.7948978841589,315.9712955534536,300.47586739660716,314.1390623390692,3.2732816728206173,3.265552549341332,0.1853836173889712,0.056635400163782545,3.1648467385639396,3.35806226846695,3.1833092222714585,3.328056568290557,0.051145026137822146,0.05102425858345831,0.002896619021702675,0.056635400163782545,0.049450730290061556,0.05246972294479609,0.04973920659799154,0.05200088387953995,131072.0,262144.0
libVentra_deque_concurrent_deque_benchmark.json,deque,mmap,ConcurrentSteadyPushFrontPopBack,operations_per_thread,8192.0,1,30,30,460240.11849433446,459932.5678850678,2484.1396890573665,0.005397486201733511,458760.22552218335,461247.3289820718,459280.9197132187,460957.0815926788,460240.11849433446,459932.5678850678,2484.1396890573665,0.005397486201733511,458760.22552218335,461247.3289820718,459280.9197132187,460957.0815926788,454815.14873798715,454281.64295015205,4006.643818110191,0.008809389549199832,451251.79503890214,458053.71638384915,451871.2734988857,457449.1462137882,28.09082754482022,28.072056145328848,0.15161985406844142,0.005397486201733463,28.0005020460317,28.152302794315904,28.03228269734001,28.13458749955315,35.599808272397944,35.622615423209524,0.19155689140897506,0.005380840535523258,35.52107291170263,35.71364538805843,35.543439391029025,35.673158880972686,35.599808272397944,35.622615423209524,0.19155689140897506,0.005380840535523258,35.52107291170263,35.71364538805843,35.543439391029025,35.673158880972686,8192.0,16384.0
libVentra_deque_concurrent_deque_benchmark.json,deque,mmap,ConcurrentSteadyPushFrontPopBack,operations_per_thread,8192.0,2,30,30,1455191.2579613084,1476846.3549117427,96891.4299547653,0.06658329578649896,1391664.7388388778,1523704.0580358447,1395106.7053566491,1483908.794641918,2910382.5159226167,2953692.7098234855,193782.8599095306,0.06658329578649896,2783329.4776777555,3047408.1160716894,2790213.4107132982,2967817.589283836,2888773.024553875,2922464.236607509,194256.86436793552,0.06724545774860086,2775803.4095984073,3015017.082588667,2782883.5089292275,2936634.9709823458,88.81782580330251,90.13954802928117,5.91378356657503,0.06658329578649895,84.94047478264635,92.99951526097685,85.15055574686579,90.5706051417186,11.307168371287228,11.093925387722562,0.7501360892574253,0.06634163962414123,10.75279159553114,11.772971892636495,11.041110903176968,11.74390470676505,5.653584185643614,5.546962693861281,0.3750680446287126,0.06634163962414123,5.37639579776557,5.886485946318247,5.520555451588484,5.871952353382525,16384.0,32768.0
libVentra_deque_concurrent_deque_benchmark.json,deque,mmap,ConcurrentSteadyPushFrontPopBack,operations_per_thread,8192.0,4,30,30,3120143.1172838593,3231705.3009289037,204564.97812868244,0.06556269069694468,2917210.0312474975,3249854.7980345115,3211819.084488828,3244989.464118615,12480572.469135437,12926821.203715615,818259.9125147298,0.06556269069694468,11668840.12498999,12999419.192138046,12847276.337955313,12979957.85647446,12426447.06882729,12870952.763887579,819247.9465621669,0.06592777018439279,11630296.189814696,12952155.854166152,12772198.935185898,12942886.037039045,190.43842268578243,197.2476379961489,12.485655403361966,0.06556269069694468,178.0523700712584,198.3553953878486,196.03387966850755,198.0584389720834,5.274542092404937,5.069769546420719,0.3708436015091192,0.0703082078050177,5.0414568409734875,5.633131733150894,5.049015021609145,5.10116597861971,1.3186355231012343,1.2674423866051798,0.0927109003772798,0.0703082078050177,1.2603642102433719,1.4082829332877236,1.2622537554022863,1.2752914946549274,32768.0,65536.0
libVentra_deque_concurrent_deque_benchmark.json,deque,mmap,ConcurrentSteadyPushFrontPopBack,operations_per_thread,8192.0,8,30,30,3644105.462379527,3688204.6742782937,116198.44612526077,0.03188668586155175,3554700.856972532,3722607.919770509,3649552.2199500715,3717059.4681485295,29152843.699036215,29505637.39422635,929587.5690020862,0.03188668586155175,28437606.855780255,29780863.358164072,29196417.759600572,29736475.745188236,29037215.970833834,29394655.721153647,921651.5093673546,0.03174035383740297,28349692.973558012,29676729.26682855,29085175.990385238,29611977.09615487,222.41854628781292,225.110148576556,7.0921903152624965,0.031886685861551745,216.96172222732739,227.20995604068048,222.75098998718698,226.8713054289874,4.500562899069029,4.44227104750289,0.14718277881480674,0.03270319338171064,4.401215703274547,4.609442630352333,4.4077854522029085,4.4893178704055225,0.5625703623836287,0.5552838809378613,0.018397847351850842,0.03270319338171064,0.5501519629093183,0.5761803287940416,0.5509731815253636,0.5611647338006903,65536.0,131072.0
libVentra_deque_concurrent_deque_benchmark.json,deque,mmap,ConcurrentSteadyPushFrontPopBack,operations_per_thread,8192.0,12,30,30,5413229.989490961,5603536.995834526,425458.9598452805,0.07859613588767711,5007069.272914717,5781108.587849025,5158037.5152778085,5769791.1909725815,64958759.873891525,67242443.9500143,5105507.518143367,0.07859613588767714,60084831.274976596,69373303.0541883,61896450.1833337,69237494.29167098,63843254.95388797,66211562.4000001,5690778.09329052,0.08913671612452709,58550714.53749658,68857701.57499766,60560407.72499635,68256141.80833113,330.39733822576665,342.0127560934158,25.967954092119164,0.0785961358876771,305.6072554269236,352.8508659575821,314.8216256883428,352.1601068708851,3.0457636884365167,2.924139563435735,0.25181472191171694,0.08267703855941007,2.8340585688072912,3.2723208035877005,2.8396255279370464,3.1770316737990196,0.2538136407030431,0.24367829695297788,0.02098456015930974,0.08267703855941004,0.2361715474006076,0.27269340029897504,0.23663546066142055,0.2647526394832516,98304.0,196608.0
libVentra_deque_concurrent_deque_benchmark.json,deque,mmap,ConcurrentSteadyPushFrontPopBack,operations_per_thread,8192.0,16,30,30,5046726.425292853,5010281.703613728,148091.1351615946,0.02934399899693416,4924528.674072892,5165076.671386215,4946126.600099187,5144142.161621179,80747622.80468565,80164507.25781965,2369458.1625855137,0.02934399899693416,78792458.78516628,82641226.74217944,79138025.601587,82306274.58593887,62455097.994791314,61798498.57812151,2207664.3119078404,0.035348024145153964,60577207.33984258,64563307.000000834,60924855.468751505,63438653.69531135,308.02773591875325,305.8033266365801,9.038765573827794,0.029343998996934153,300.5693770796443,315.25126168128753,301.88760986933517,313.97352060676144,3.249141837130678,3.2700819258022986,0.09454437693889371,0.02909826091876186,3.172073134557006,3.327030804968789,3.184994200585576,3.3124943645096065,0.20307136482066737,0.20438012036264366,0.005909023558680857,0.02909826091876186,0.19825457090981288,0.20793942531054932,0.1990621375365985,0.2070308977818504,131072.0,262144.0
libVentra_deque_concurrent_deque_benchmark.json,deque,mmap,ConcurrentSteadyPushFrontPopBack,operations_per_thread,8192.0,24,30,30,5067599.705767686,5085509.971642132,180008.98279516416,0.035521547329456005,4935367.026187502,5155264.4654231705,4987107.2193275895,5134970.462094657,121622392.93842442,122052239.31941116,4320215.587083939,0.03552154732945601,118448808.62850004,123726347.17015608,119690573.26386216,123239291.09027176,66261695.477314934,65902858.89583199,1980750.1900211407,0.029892838928325668,65019165.15277578,67351092.35763845,65403809.39583364,67017773.645835355,309.3017398539847,310.3948957301106,10.986876391306406,0.035521547329456005,301.230897594452,314.65237215717593,304.38886836716244,313.4137244930821,3.2370242012452377,3.221717896881045,0.11475680210227938,0.03545132657894064,3.1781107843205705,3.3197484286586416,3.1906734186582018,3.2852747285547013,0.13487600838521824,0.13423824570337686,0.004781533420928306,0.03545132657894063,0.1324212826800238,0.13832285119411006,0.13294472577742505,0.13688644702311253,196608.0,393216.0
libVentra_deque_concurrent_deque_benchmark.json,deque,mmap,ConcurrentSteadyPushFrontPopBack,operations_per_thread,8192.0,32,30,30,5077131.371793711,5061640.365479514,210953.74645716127,0.04154979081871442,4971754.526244654,5173456.493775764,5015422.587645979,5114377.9902342865,162468203.89739874,161972491.69534445,6750519.8866291605,0.04154979081871442,159096144.83982894,165550607.80082443,160493522.80467132,163660095.68749717,66991807.81354149,66779609.46874997,1897758.479964668,0.02832821716420469,65444604.488284156,67960178.92578061,65721326.976564124,67861969.77343595,309.88350657920597,308.93801058834924,12.875594876535716,0.041549790818714405,303.4518143459872,315.7627254501808,306.1171012967517,312.15685975551065,3.2324065609959334,3.2368954734145343,0.13438655540084588,0.041574768787574844,3.1670106071714863,3.2954204228199107,3.2035466459350053,3.2667300906668757,0.10101270503112292,0.1011529835442042,0.004199579856276434,0.041574768787574844,0.09896908147410895,0.10298188821312221,0.10011083268546891,0.10208531533333987,262144.0,524288.0
libVentra_deque_concurrent_deque_benchmark.json,deque,mmap,ConcurrentSteadyPushFrontPopBack,operations_per_thread,8192.0,48,30,30,4778081.305916984,4818510.972439091,355514.95677117223,0.0744053803209495,4659804.413737293,4990076.165256497,4734981.649304773,4916531.756509732,229347902.68401524,231288526.67707637,17064717.925016265,0.07440538032094948,223670611.85939008,239523655.9323119,227279119.16662908,235993524.31246716,66650462.68125046,66451870.32291877,1430802.8184887727,0.02146726010487657,65734633.156248845,67440580.4479197,65893749.53125114,67024489.04166763,291.6309390818471,294.0985700951593,21.698910935740493,0.07440538032094951,284.41189048689535,304.5700784458311,289.0003448061995,300.0812839666585,3.4493240557899627,3.4002308405228043,0.2845446508855586,0.08249287288850925,3.283316626740042,3.5161164308772994,3.332430458576458,3.460209572689494,0.07186091782895755,0.07083814251089175,0.005928013560115803,0.08249287288850925,0.06840242972375088,0.07325242564327707,0.0694256345536762,0.0720876994310311,393216.0,786432.0
libVentra_deque_concurrent_deque_benchmark.json,deque,mmap,ConcurrentSteadyPushFrontPopBack,operations_per_thread,8192.0,64,30,30,4917046.540079717,4941443.695923086,277501.20137891494,0.0564365618907516,4735243.007996215,5112300.295654237,4840000.926879861,5060907.587402519,314690978.56510186,316252396.5390775,17760076.888250556,0.0564365618907516,303055552.51175773,327187218.9218712,309760059.3203111,323898085.5937612,68921970.27500024,69532271.6718745,1726794.3948410272,0.025054338811718205,67932338.52734387,70005966.01171994,68453690.83593732,69966845.99218859,300.1127038622874,301.60178808124306,16.937329185724792,0.05643656189075161,289.01629687476895,312.03004734217757,295.41021282225717,308.89328536392327,3.3426123789527558,3.315632733106436,0.1933840772367251,0.05785417371586249,3.204838404389706,3.460073269462866,3.237370001038099,3.3851271733690087,0.05222831842113681,0.05180676145478806,0.0030216262068238297,0.05785417371586249,0.05007560006858915,0.054063644835357284,0.050583906266220294,0.05289261208389076,524288.0,1048576.0
libVentra_deque_concurrent_deque_benchmark.json,deque,mmap,ConstructDestroy,,,1,30,30,724490.0213941698,724524.2587989919,544.9327684506644,0.0007521604885627341,724008.7531060056,724853.6350920965,724244.2525879536,724743.7826087171,724490.0213941698,724524.2587989919,544.9327684506644,0.0007521604885627341,724008.7531060056,724853.6350920965,724244.2525879536,724743.7826087171,721389.6320910555,721446.5662523808,562.4902787648905,0.0007797315815787767,720940.3649065045,721732.9653207434,721071.0051757426,721640.7080746238,724490.0213941698,724524.2587989919,544.9327684506388,0.0007521604885626987,724008.7531060056,724853.6350920965,724244.2525879536,724743.7826087171,0.00138028201555438,0.0013802160522157312,1.0383676942418442e-06,0.000752286621531319,0.001379588863003116,0.0013811987736343186,0.0013797979714279505,0.0013807496526263715,0.00138028201555438,0.0013802160522157312,1.0383676942418442e-06,0.000752286621531319,0.001379588863003116,0.0013811987736343186,0.0013797979714279505,0.0013807496526263715,1.0,1.0
libVentra_deque_concurrent_deque_benchmark.json,deque,mmap,PushBackPopFront,operations,512.0,1,30,30,37192.35540768966,37188.85451001876,141.11422352327693,0.003794172807192013,37084.83338619698,37312.46910648709,37147.463033380816,37230.23077735587,37192.35540768966,37188.85451001876,141.11422352327693,0.003794172807192013,37084.83338619698,37312.46910648709,37147.463033380816,37230.23077735587,37099.16874736515,37097.26790242021,141.2056728563906,0.00380616810629805,36985.54594423758,37215.835524931346,37055.41793409029,37141.573933262865,36.320659577821935,36.317240732440204,0.13780685890945027,0.003794172807192017,36.21565760370798,36.4379581118038,36.27681936853595,36.35764724351159,27.53292294389728,27.535131840223052,0.1045058449890472,0.0037956683786169207,27.443908856321933,27.612366602654006,27.50453060042115,27.565812745498448,27.53292294389728,27.535131840223052,0.1045058449890472,0.0037956683786169207,27.443908856321933,27.612366602654006,27.50453060042115,27.565812745498448,512.0,1024.0
libVentra_deque_concurrent_deque_benchmark.json,deque,mmap,PushBackPopFront,operations,1024.0,1,30,30,74750.59344484788,74459.76206308111,657.9462322704522,0.008801886405836965,74348.79744803363,74897.4689577875,74374.47415831586,74707.65837451405,74750.59344484788,74459.76206308111,657.9462322704522,0.008801886405836965,74348.79744803363,74897.4689577875,74374.47415831586,74707.65837451405,74347.1370147963,74271.99217239299,328.5500450962295,0.004419135131334548,74138.01667380046,74516.57827575276,74169.11537634142,74464.58567443395,36.49931320549213,36.35730569486383,0.32126280872580754,0.008801886405836986,36.30312375392267,36.57102976454467,36.31566121011517,36.47834881568069,27.399805384682473,27.504788476928425,0.2385425602961449,0.008705994694017031,27.344070428893694,27.54583907775408,27.413521512523534,27.53633051461616,27.399805384682473,27.504788476928425,0.2385425602961449,0.008705994694017031,27.344070428893694,27.54583907775408,27.413521512523534,27.53633051461616,1024.0,2048.0
libVentra_deque_concurrent_deque_benchmark.json,deque,mmap,PushBackPopFront,operations,2048.0,1,30,30,150399.6634198023,150513.3692045436,1268.1737334404222,0.008432025076416818,149214.22341541914,151479.96692914382,149928.97979583772,151320.24606535205,150399.6634198023,150513.3692045436,1268.1737334404222,0.008432025076416818,149214.22341541914,151479.96692914382,149928.97979583772,151320.24606535205,148824.49852546107,148687.38664401046,642.4592599829789,0.004316891817868724,148352.33475106565,149390.0203106022,148432.97766910735,149146.92471287987,36.71866782710018,36.74642802845303,0.3096127278907287,0.008432025076416834,36.42925376353006,36.9824138010605,36.60375483296819,36.94341944954884,27.235978984471263,27.21354349915312,0.230099228786251,0.008448355350745545,27.03987915508241,27.45061819406535,27.068422911038155,27.319607693501332,27.235978984471263,27.21354349915312,0.230099228786251,0.008448355350745545,27.03987915508241,27.45061819406535,27.068422911038155,27.319607693501332,2048.0,4096.0
libVentra_deque_concurrent_deque_benchmark.json,deque,mmap,PushBackPopFront,operations,4096.0,1,30,30,302548.7967479326,302694.99520909763,1608.5815571469964,0.005316767326254416,301770.6254356756,303614.8643291721,301880.8619335275,303258.8828396334,302548.7967479326,302694.99520909763,1608.5815571469964,0.005316767326254416,301770.6254356756,303614.8643291721,301880.8619335275,303258.8828396334,297193.1048490075,297138.55923338793,1144.1994037940644,0.003850020021074811,296322.1304442902,297952.2497822078,296562.43728214584,297596.6315331079,36.93222616551912,36.95007265736055,0.19636005336267107,0.005316767326254432,36.83723455025337,37.06236136830715,36.85069115399505,37.018906596634935,27.077367064454652,27.06354631802959,0.1445904663295832,0.005339901253522978,26.981551477487994,27.146446041828774,27.01322493390823,27.13653385748752,27.077367064454652,27.06354631802959,0.1445904663295832,0.005339901253522978,26.981551477487994,27.146446041828774,27.01322493390823,27.13653385748752,4096.0,8192.0
libVentra_deque_concurrent_deque_benchmark.json,deque,mmap,PushBackPopFront,operations,8192.0,1,30,30,602440.2699490738,602290.0271640914,4024.4019128915866,0.00668016750147161,599490.2338715121,605586.2648544894,600007.4176572927,604471.8480469163,602440.2699490738,602290.0271640914,4024.4019128915866,0.00668016750147161,599490.2338715121,605586.2648544894,600007.4176572927,604471.8480469163,596051.0977928621,596088.7071306806,2498.5529365993043,0.004191843527931214,594407.1829369095,597963.5246184489,594810.8353137913,597658.9634976988,36.7700360076339,36.76086591577706,0.24562999956613685,0.00668016750147161,36.589980094696784,36.96205229824764,36.62154648787187,36.894033694269794,27.197230024714415,27.202844018982276,0.18163863834009342,0.006678571243286042,27.054780797924504,27.329886579701288,27.104659308635362,27.306330460314484,27.197230024714415,27.202844018982276,0.18163863834009342,0.006678571243286042,27.054780797924504,27.329886579701288,27.104659308635362,27.306330460314484,8192.0,16384.0
libVentra_deque_concurrent_deque_benchmark.json,deque,mmap,PushBackPopFront,operations,16384.0,1,30,30,1196892.618213158,1196469.623711479,4748.312168965302,0.0039671998111694105,1194007.8874575263,1199666.2276644039,1194382.6288660513,1198592.2646046574,1196892.618213158,1196469.623711479,4748.312168965302,0.0039671998111694105,1194007.8874575263,1199666.2276644039,1194382.6288660513,1198592.2646046574,1193231.3989689774,1192849.6958762323,4606.282759002098,0.0038603432351698077,1190450.1116847512,1196166.1099649752,1190918.3178698928,1195067.18384866,36.52626398355585,36.51335521580441,0.14490698757828627,0.003967199811169396,36.43822898735126,36.61090782667248,36.4496651875626,36.578133075093305,27.377976601606047,27.387241644736005,0.10851797292732568,0.003963695875207951,27.314263966113543,27.443704880374185,27.338744502117496,27.4350942627539,27.377976601606047,27.387241644736005,0.10851797292732568,0.003963695875207951,27.314263966113543,27.443704880374185,27.338744502117496,27.4350942627539,16384.0,32768.0
libVentra_deque_concurrent_deque_benchmark.json,deque,mmap,PushBackPopFront,operations,32768.0,1,30,30,2385175.4891156224,2383147.190472164,7439.979144837921,0.0031192585949290147,2379666.9081641124,2388081.0748311337,2382244.4387764838,2387429.700679202,2385175.4891156224,2383147.190472164,7439.979144837921,0.0031192585949290147,2379666.9081641124,2388081.0748311337,2382244.4387764838,2387429.700679202,2378091.5598642738,2376031.8163267644,7475.646153406073,0.0031435484989622243,2372707.083333783,2381039.46428757,2375166.299320974,2380699.3775516665,36.394889665460546,36.36394028430426,0.11352507240048049,0.003119258594929001,36.31083539068775,36.43922538499655,36.35016538660407,36.42928620421146,27.47664307223487,27.49977016202785,0.08559293371359986,0.0031151161183911673,27.44295438554956,27.539989054198127,27.45044178298623,27.510191306495326,27.47664307223487,27.49977016202785,0.08559293371359986,0.0031151161183911673,27.44295438554956,27.539989054198127,27.45044178298623,27.510191306495326,32768.0,65536.0
libVentra_deque_concurrent_deque_benchmark.json,deque,mmap,PushBackPopFront,operations,49152.0,1,30,30,3590602.7783499835,3590835.881448246,12755.807281036616,0.0035525531696096965,3582754.0360824247,3600880.6701013865,3585753.695878123,3594899.489692664,3590602.7783499835,3590835.881448246,12755.807281036616,0.0035525531696096965,3582754.0360824247,3600880.6701013865,3585753.695878123,3594899.489692664,3579647.681099981,3579979.623711233,12414.524210703408,0.00346808549798079,3571387.6314430404,3589636.4690718176,3574905.8247441184,3584500.5515474225,36.525500268045896,36.52787151538336,0.129758781748827,0.0035525531696097164,36.44565873293482,36.630052389540474,36.4761728503227,36.56920867607283,27.378467039352664,27.376357742722895,0.09730468896641305,0.0035540590649780117,27.299997297805675,27.438110340144654,27.34540998908879,27.415170496018618,27.378467039352664,27.376357742722895,0.09730468896641305,0.0035540590649780117,27.299997297805675,27.438110340144654,27.34540998908879,27.415170496018618,49152.0,98304.0
libVentra_deque_concurrent_deque_benchmark.json,deque,mmap,PushBackPopFront,operations,61440.0,1,30,30,4468446.770511619,4468442.628206341,13868.797976768328,0.003103717844037428,4459551.391024574,4473266.134610662,4460351.685898226,4472308.397429842,4468446.770511619,4468442.628206341,13868.797976768328,0.003103717844037428,4459551.391024574,4473266.134610662,4460351.685898226,4472308.397429842,4455706.638034041,4455417.711538664,13875.935447203577,0.0031141941277637512,4447107.55128123,4460582.259616203,4448026.480767672,4459656.500000911,36.36431291106461,36.364279200897954,0.1128645668682317,0.0031037178440374235,36.29192212747862,36.403532996506044,36.29843494383322,36.39573891137566,27.499744239398073,27.49951407056679,0.08528303277891171,0.0031012300345953482,27.46986137376026,27.55434108132691,27.475744003996212,27.54939721323817,27.499744239398073,27.49951407056679,0.08528303277891171,0.0031012300345953482,27.46986137376026,27.55434108132691,27.475744003996212,27.54939721323817,61440.0,122880.0
libVentra_deque_concurrent_deque_benchmark.json,deque,mmap,PushFrontPopBack,operations,512.0,1,30,30,36587.08012070388,36569.56368340814,144.2509372500084,0.0039426742110633675,36459.39749097265,36694.084298979054,36508.591981428144,36648.628297975636,36587.08012070388,36569.56368340814,144.2509372500084,0.0039426742110633675,36459.39749097265,36694.084298979054,36508.591981428144,36648.628297975636,36500.92024142772,36483.17635799965,143.2013612321938,0.003923226052521917,36374.02946198979,36607.56417484033,36421.46140713925,36562.51438180138,35.729570430374885,35.71246453457826,0.14087005590821156,0.003942674211063374,35.60488036227798,35.83406669822173,35.65292185686342,35.78967607224183,27.988441827516738,28.001428008387933,0.1101795279003369,0.003936608139150293,27.906405643801197,28.08603736240174,27.941018657166843,28.04819654964048,27.988441827516738,28.001428008387933,0.1101795279003369,0.003936608139150293,27.906405643801197,28.08603736240174,27.941018657166843,28.04819654964048,512.0,1024.0
libVentra_deque_concurrent_deque_benchmark.json,deque,mmap,PushFrontPopBack,operations,1024.0,1,30,30,73256.44705672452,73313.60499992638,261.68763713665226,0.003572213063159072,73122.95021267075,73407.76771275644,73195.96542556805,73396.87744680556,73256.44705672452,73313.60499992638,261.68763713665226,0.003572213063159072,73122.95021267075,73407.76771275644,73195.96542556805,73396.87744680556,73081.29408512021,73140.08319152445,260.7275522131867,0.0035676373205639823,72953.30691491433,73235.06829788556,73022.62361705251,73217.99255321898,35.76974953941627,35.7976586913703,0.1277771665706313,0.0035722130631590803,35.70456553353064,35.843636578494355,35.74021749295314,35.83831906582303,27.956929290593283,27.934788528318066,0.10005584386503719,0.003578928244408557,27.89895499844402,28.007623155944888,27.903094417641825,27.979686059297947,27.956929290593283,27.934788528318066,0.10005584386503719,0.003578928244408557,27.89895499844402,28.007623155944888,27.903094417641825,27.979686059297947,1024.0,2048.0
libVentra_deque_concurrent_deque_benchmark.json,deque,mmap,PushFrontPopBack,operations,2048.0,1,30,30,146925.59029289935,147104.27677836298,644.2145990031144,0.004384631688182151,146311.5764645827,147318.71307547516,146680.82697172134,147229.96987447952,146925.59029289935,147104.27677836298,644.2145990031144,0.004384631688182151,146311.5764645827,147318.71307547516,146680.82697172134,147229.96987447952,146571.6591910665,146746.76569035253,638.4734132878764,0.0043560495720088785,145968.34707117334,146962.25648544688,146321.47719144364,146856.23410032998,35.87050544260237,35.914130072842525,0.15727895483474405,0.004384631688182134,35.72059972279851,35.96648268444218,35.810748772392905,35.9448168638866,27.878575624661437,27.84419473157168,0.12233175859523128,0.004388020401121798,27.80366413798076,27.995051437007046,27.82042272707226,27.924578323546417,27.878575624661437,27.84419473157168,0.12233175859523128,0.004388020401121798,27.80366413798076,27.995051437007046,27.82042272707226,27.924578323546417,2048.0,4096.0
libVentra_deque_concurrent_deque_benchmark.json,deque,mmap,PushFrontPopBack,operations,4096.0,1,30,30,294125.4290933788,293901.2903766049,1191.553294668468,0.004051174012193873,293450.21527173626,294438.5594139143,293512.2665270888,294295.1397485235,294125.4290933788,293901.2903766049,1191.553294668468,0.004051174012193873,293450.21527173626,294438.5594139143,293512.2665270888,294295.1397485235,293415.74736398674,293188.8451883682,1177.0509204996647,0.0040115465208468,292748.8939329154,293751.37907937873,292812.1853555502,293581.88702945464,35.903983043625345,35.8766223604254,0.14545328304058391,0.004051174012193857,35.82155948141312,35.94220695970633,35.82913409754502,35.92469967633343,27.85250159426894,27.873304232049016,0.11198312876464253,0.004020577052500186,27.822444505244224,27.916149458533656,27.836001731395953,27.910247522060857,27.85250159426894,27.873304232049016,0.11198312876464253,0.004020577052500186,27.822444505244224,27.916149458533656,27.836001731395953,27.910247522060857,4096.0,8192.0
libVentra_deque_concurrent_deque_benchmark.json,deque,mmap,PushFrontPopBack,operations,8192.0,1,30,30,589348.9157718552,589546.2147653282,1764.1410042249229,0.0029933727831067147,587838.0901850847,590728.4203024439,588682.1409393139,590465.1098990449,589348.9157718552,589546.2147653282,1764.1410042249229,0.0029933727831067147,587838.0901850847,590728.4203024439,588682.1409393139,590465.1098990449,587854.2712528153,588110.4454694204,1764.2308795958825,0.0030011364480452152,586341.4781878717,589244.2520971964,587226.9127517091,588898.8313756345,35.97100315990327,35.983045334797865,0.10767462183990113,0.002993372783106744,35.87878968414824,36.055201434475336,35.93030645381554,36.03913024286163,27.80041100747159,27.790866436052248,0.08331840847732164,0.0029970207438634313,27.735250597495057,27.871621421935828,27.747617507911006,27.83166283214601,27.80041100747159,27.790866436052248,0.08331840847732164,0.0029970207438634313,27.735250597495057,27.871621421935828,27.747617507911006,27.83166283214601,8192.0,16384.0
libVentra_deque_concurrent_deque_benchmark.json,deque,mmap,PushFrontPopBack,operations,16384.0,1,30,30,1178613.0884790102,1177709.9010050856,3984.1459544195645,0.003380367987904385,1176109.1149319387,1179891.6677851642,1176921.1661088923,1179440.9546986963,1178613.0884790102,1177709.9010050856,3984.1459544195645,0.003380367987904385,1176109.1149319387,1179891.6677851642,1176921.1661088923,1179440.9546986963,1175174.6965322245,1174264.4479865106,3907.028556045998,0.003324636386041233,1172738.393456757,1176585.7424497057,1173455.6761735352,1176062.20973107,35.96841700680573,35.940853912508715,0.12158648542540228,0.0033803679879044,35.89200179846004,36.007436150670294,35.91678363369422,35.99368147884205,27.802474564312018,27.82349083293466,0.09358273696451655,0.003365985885466533,27.77204174251723,27.86136202525731,27.78265403762316,27.842136976027096,27.802474564312018,27.82349083293466,0.09358273696451655,0.003365985885466533,27.77204174251723,27.86136202525731,27.78265403762316,27.842136976027096,16384.0,32768.0
libVentra_deque_concurrent_deque_benchmark.json,deque,mmap,PushFrontPopBack,operations,32768.0,1,30,30,2353381.606711833,2351978.889264684,6906.512693421549,0.0029347185657116587,2348824.8859055163,2357260.115774422,2349739.7248332547,2355611.463085155,2353381.606711833,2351978.889264684,6906.512693421549,0.0029347185657116587,2348824.8859055163,2357260.115774422,2349739.7248332547,2355611.463085155,2346648.3536914196,2345257.7785238894,6874.262814807293,0.0029293962190771626,2341831.728186119,2350493.4127524532,2342732.6409393763,2348978.0637585577,35.90975352038319,35.88834975074286,0.10538502034639831,0.002934718565711663,35.8402234787829,35.96893487204623,35.85418281300743,35.943778428423386,27.847819077733636,27.864196186398956,0.08166315193372055,0.0029324792618685247,27.801769589932213,27.901611840801916,27.82122648676205,27.890748673693793,27.847819077733636,27.864196186398956,0.08166315193372055,0.0029324792618685247,27.801769589932213,27.901611840801916,27.82122648676205,27.890748673693793,32768.0,65536.0
libVentra_deque_concurrent_deque_benchmark.json,deque,mmap,PushFrontPopBack,operations,49152.0,1,30,30,3536838.13905738,3535034.5959600285,10737.85704243721,0.0030360046516855897,3529760.9898990607,3541782.0151561694,3532423.5404041614,3539648.3585873744,3536838.13905738,3535034.5959600285,10737.85704243721,0.0030360046516855897,3529760.9898990607,3541782.0151561694,3532423.5404041614,3539648.3585873744,3526364.7276094067,3524593.2424252466,10604.254482177992,0.003007134911245221,3519292.8308062637,3531400.133835926,3522165.2323265644,3528987.409091048,35.97857807472107,35.96023148559599,0.10923113039588735,0.0030360046516856175,35.90658559060731,36.02886978308278,35.93367045495769,36.00716510607273,27.794564109716074,27.80849841851989,0.08424021120169327,0.0030308160570233817,27.755519941650128,27.85004477640431,27.772252950992474,27.829052487538714,27.794564109716074,27.80849841851989,0.08424021120169327,0.0030308160570233817,27.755519941650128,27.85004477640431,27.772252950992474,27.829052487538714,49152.0,98304.0
libVentra_deque_concurrent_deque_benchmark.json,deque,mmap,PushFrontPopBack,operations,61440.0,1,30,30,4430245.532500218,4430252.162501347,16830.29915568085,0.003798954038148454,4419214.587497322,4440334.375004795,4423871.350002173,4438033.500002803,4430245.532500218,4430252.162501347,16830.29915568085,0.003798954038148454,4419214.587497322,4440334.375004795,4423871.350002173,4438033.500002803,4417707.622917534,4417491.481251545,16779.930354415486,0.0037983342916056806,4406757.193748945,4427526.109377312,4411535.200000571,4425585.043750856,36.0534304402687,36.05348439535601,0.13696532516016346,0.0037989540381484625,35.96366038002378,36.13553365075517,36.00155721030414,36.11680908205406,27.736998668224594,27.736571489830297,0.10537968815971083,0.0037992462493944387,27.673592002267366,27.805845963746208,27.6879388135101,27.776576958362764,27.736998668224594,27.736571489830297,0.10537968815971083,0.0037992462493944387,27.673592002267366,27.805845963746208,27.6879388135101,27.776576958362764,61440.0,122880.0
libVentra_deque_concurrent_deque_benchmark.json,deque,new/delete,ConcurrentPhasedPushBackPopFront,total_operations,8192.0,1,30,30,763546.7877116351,762215.4713020144,5154.892502412472,0.00675124640084177,760740.5220748859,764954.9089399013,761074.8962480216,762935.2251652115,763546.7877116351,762215.4713020144,5154.892502412472,0.00675124640084177,760740.5220748859,764954.9089399013,761074.8962480216,762935.2251652115,761322.6043414006,760043.7119204672,5071.900508697808,0.006661959699837588,758585.9216335951,762651.1622515914,758782.7549668351,760680.2362028935,46.603197492165236,46.52194038708584,0.3146296693366971,0.006751246400841735,46.431916630547235,46.689142391351396,46.45232521045054,46.565870676587615,21.458681341802638,21.495234928416522,0.14193225697588732,0.006614211503266784,21.41825595010132,21.53690979544899,21.474958704395853,21.52744807988654,21.458681341802638,21.495234928416522,0.14193225697588732,0.006614211503266784,21.41825595010132,21.53690979544899,21.474958704395853,21.52744807988654,8192.0,16384.0
libVentra_deque_concurrent_deque_benchmark.json,deque,new/delete,ConcurrentPhasedPushBackPopFront,total_operations,8192.0,2,30,30,1104412.4890151804,1098856.8798698648,37518.79892590904,0.0339717264147973,1070982.2771913977,1141429.4638804186,1077298.038961107,1132154.4253249087,2208824.978030361,2197713.7597397296,75037.59785181808,0.0339717264147973,2141964.5543827955,2282858.927760837,2154596.077922214,2264308.8506498174,2184640.3621212183,2175835.8181817867,80168.45220316811,0.03669640714928796,2101263.371753078,2267407.6323051983,2127043.248376609,2236321.946428652,134.8159776629859,134.13780271848935,4.579931509510378,0.03397172641479728,130.73514125871554,139.33465135259016,131.5061082716195,138.20244449766952,7.42577801404104,7.455033395176041,0.2515876577773386,0.033880309551621905,7.176966805273813,7.6490556538689605,7.235819229939617,7.604314976254427,3.71288900702052,3.7275166975880203,0.1257938288886693,0.033880309551621905,3.5884834026369066,3.8245278269344802,3.6179096149698085,3.8021574881272135,8192.0,16384.0
libVentra_deque_concurrent_deque_benchmark.json,deque,new/delete,ConcurrentPhasedPushBackPopFront,total_operations,8192.0,4,30,30,885678.4545547223,872067.8860286996,31530.41593813644,0.03560029689780413,859747.8526352,918246.5767466119,861558.8207723758,903935.3869487362,3542713.818218889,3488271.5441147983,126121.66375254576,0.03560029689780413,3438991.4105408,3672986.3069864474,3446235.283089503,3615741.5477949446,3442648.1683006515,3409345.534313775,141150.26404724029,0.041000490653366535,3320695.8553922456,3586548.38296553,3331606.4142156225,3493979.1433822764,216.230091444024,212.90719873747545,7.697855453646597,0.03560029689780416,209.8993780847656,224.18129315102829,210.34150897763078,220.6873503292813,4.630255005291878,4.696948904467341,0.16135978337137488,0.03484900576468428,4.46093674289558,4.764189332980986,4.531309928646921,4.754178497807603,1.1575637513229695,1.1742372261168352,0.04033994584284372,0.03484900576468428,1.115234185723895,1.1910473332452465,1.1328274821617303,1.1885446244519007,8192.0,16384.0
libVentra_deque_concurrent_deque_benchmark.json,deque,new/delete,ConcurrentPhasedPushBackPopFront,total_operations,8192.0,8,30,30,536486.161621451,534498.1551202517,8432.846472544566,0.015718665411718208,532695.7660014404,537938.5564287354,533163.0000939702,536898.2996987156,4291889.292971608,4275985.240962014,67462.77178035653,0.015718665411718208,4261566.128011523,4303508.451429883,4265304.000751762,4295186.3975897245,3859168.936395579,3849103.8004517527,73683.86610592964,0.01909319527606624,3826466.8791414513,3879236.309864465,3830130.385542151,3869872.6596385166,261.95613360422414,260.9854273048104,4.1176008166721525,0.01571866541171821,260.1053544928908,262.6653107562184,260.3334961396339,262.15737289976346,3.8183341388201133,3.8316315688310705,0.05933211465226808,0.015538743466437967,3.807126863273476,3.84459617285848,3.8145032253577478,3.8412274257465793,0.47729176735251416,0.4789539461038838,0.00741651433153351,0.015538743466437967,0.4758908579091845,0.48057452160731,0.47681290316971847,0.4801534282183224,8192.0,16384.0
libVentra_deque_concurrent_deque_benchmark.json,deque,new/delete,ConcurrentPhasedPushBackPopFront,total_operations,8192.0,12,30,30,444956.42683737376,440523.3613824006,13628.919563627465,0.03062978471959159,435516.47905815113,455906.62985577836,436201.38102213386,453111.08539506746,5339477.122048484,5286280.336588807,163547.0347635296,0.030629784719591602,5226197.748697814,5470879.558269341,5234416.572265606,5437333.02474081,4788525.415190958,4732755.04882811,196051.2099446774,0.04094187520081465,4659808.709635414,4939541.1803385075,4689538.128255177,4906827.42838534,325.89582043752955,322.64894632500045,9.982118821016208,0.03062978471959159,318.98179618516934,333.9159886639002,319.4834333658207,331.8684707483404,3.0712305388235985,3.0993475993329556,0.09343202697365374,0.030421691173154936,2.994766632529147,3.134975773405318,3.0132426508388312,3.130053037740531,0.2559358782352999,0.25827896661107963,0.00778600224780448,0.03042169117315494,0.24956388604409557,0.26124798111710984,0.25110355423656927,0.26083775314504426,8192.0,16384.0
libVentra_deque_concurrent_deque_benchmark.json,deque,new/delete,ConcurrentPhasedPushBackPopFront,total_operations,8192.0,16,30,30,321496.09038108925,320045.74595625105,5533.639621697935,0.017212152145111837,317624.91274201096,326224.13286755356,318310.307548536,322136.6368011277,5143937.446097428,5120731.935300017,88538.23394716695,0.017212152145111837,5081998.603872175,5219586.125880857,5092964.920776576,5154186.188818043,3378244.5629108003,3383614.2486795653,67998.32983251275,0.020128302899989955,3340672.7229313594,3421014.026188362,3353405.834947226,3397901.8987676157,313.96102576278247,312.5446737854014,5.403944943064386,0.017212152145111827,310.18057884962013,318.5782547534703,310.8499097153672,314.58655937610126,3.1860142946692704,3.1995426100298507,0.05443376187699763,0.01708522211217769,3.1389941248093924,3.2239298237878353,3.1787757776366785,3.216986632139439,0.1991258934168294,0.19997141312686567,0.003402110117312352,0.01708522211217769,0.19618713280058703,0.2014956139867397,0.1986734861022924,0.20106166450871493,8192.0,16384.0
libVentra_deque_concurrent_deque_benchmark.json,deque,new/delete,ConcurrentPhasedPushBackPopFront,total_operations,8192.0,24,30,30,221752.91391660078,221567.66494277673,4210.228101686152,0.01898612301108061,219640.57195698775,224095.25394290502,220558.31675471464,222178.21434860837,5322069.933998418,5317623.958626641,101045.4744404675,0.018986123011080585,5271373.726967705,5378286.09462972,5293399.602113152,5332277.1443666015,2338901.8935837313,2350529.443955398,62704.59243349882,0.02680941539511137,2308393.714495323,2368871.497945999,2335584.416960122,2358996.5014671683,324.83336999502063,324.56200919352057,6.167326320829331,0.018986123011080634,321.73911907761874,328.2645321429273,323.08347180866406,325.4563686747192,3.0795914104699276,3.0810753755244797,0.0594259408478143,0.019296696518174224,3.04636536229448,3.1081087016071116,3.072608747676809,3.095180607938763,0.12831630876958033,0.12837814064685332,0.0024760808686589294,0.019296696518174224,0.12693189009560335,0.12950452923362965,0.12802536448653373,0.1289658586641151,8192.0,16384.0
libVentra_deque_concurrent_deque_benchmark.json,deque,new/delete,ConcurrentPhasedPushBackPopFront,total_operations,8192.0,32,30,30,167152.1646377481,167580.58218429712,1431.8311968795947,0.00856603442726965,166424.76481241905,168103.67616753728,166932.12177149445,167937.46675314635,5348869.268407939,5362578.629897508,45818.59830014703,0.00856603442726965,5325592.473997409,5379317.637361193,5341827.896687822,5373998.936100683,1773594.224098262,1781253.5970149233,27496.75327916381,0.015503407095917797,1761476.92968747,1793687.078474793,1766814.8369869683,1789191.8145989175,326.4690715581018,327.3058245787053,2.796545306405457,0.008566034427269643,325.04836877425595,328.3274925147212,326.0393003349501,328.0028647522389,3.06329623695553,3.055246657813125,0.026442036802502466,0.008631890211435116,3.0457396633872267,3.0764674682519497,3.048754757488988,3.0671195369390856,0.09572800740486032,0.09547645805666016,0.0008263136500782021,0.008631890211435116,0.09517936448085083,0.09613960838287343,0.09527358617153088,0.09584748552934642,8192.0,16384.0
libVentra_deque_concurrent_deque_benchmark.json,deque,new/delete,ConcurrentPhasedPushBackPopFront,total_operations,8192.0,48,30,30,111738.08922307008,112803.36521911313,5424.329627167586,0.04854503656616716,110762.56423001616,115348.13979821213,111157.83022789318,113790.24896689603,5363428.282707364,5414561.530517429,260367.82210404417,0.04854503656616717,5316603.083040776,5536710.710314182,5335575.850938873,5461931.950411009,1191861.023933884,1222969.6310152663,121849.4508690716,0.10223461328309277,1191160.56235328,1245543.2453785308,1199839.2922535145,1237739.5302230073,327.35768327071315,330.47860904037043,15.89159070459253,0.04854503656616714,324.4996998926255,337.9340033150746,325.6577057457808,333.36987002020317,3.062625687799934,3.0259182847714845,0.16803660964028183,0.05486684523990671,2.9591577435083494,3.0816720248142273,2.9996799452741696,3.070709192325343,0.06380470182916528,0.06303996426607258,0.0035007627008392037,0.0548668452399067,0.061649119656423945,0.06420150051696308,0.06249333219321186,0.06397310817344465,8192.0,16384.0
libVentra_deque_concurrent_deque_benchmark.json,deque,new/delete,ConcurrentPhasedPushBackPopFront,total_operations,8192.0,64,30,30,86840.83651886071,86947.40138244159,582.8957298660082,0.006712230711174814,86350.34976671799,87246.94858263781,86664.36315728568,87117.77872277664,5557813.537207086,5564633.688476262,37305.326711424525,0.006712230711174814,5526422.385069951,5583804.70928882,5546519.242066284,5575537.838257705,946656.6028564421,949278.9162597568,12105.159291596668,0.012787276035545048,940133.6083984447,954321.3009033081,942668.6672363083,951849.0219726482,339.22201765179966,339.63828665016246,2.2769364447890905,0.006712230711174802,337.30605377624215,340.80839290092894,338.53266858314714,340.30382313584624,2.9480505664434173,2.944309185265271,0.019837316007459888,0.0067289605657585416,2.9342005624373475,2.964669720441097,2.938550879178078,2.95392561049626,0.046063290100678396,0.04600483101976986,0.00030995806261656074,0.0067289605657585416,0.045846883788083555,0.04632296438189214,0.04591485748715747,0.046155087664004064,8192.0,16384.0
libVentra_deque_concurrent_deque_benchmark.json,deque,new/delete,ConcurrentPhasedPushBackPopFront,total_operations,32768.0,1,30,30,3132191.8264266793,3120697.193693772,26026.572111707672,0.00830937999777611,3112856.48423838,3149562.628382514,3113509.35135124,3133914.4324323703,3132191.8264266793,3120697.193693772,26026.572111707672,0.00830937999777611,3112856.48423838,3149562.628382514,3113509.35135124,3133914.4324323703,3112694.990390405,3110902.360360653,12312.008941141461,0.00395541772616701,3103220.7297296734,3120950.112612173,3103815.833333306,3117602.4459457267,47.79345438273132,47.61806020650897,0.397133973872492,0.008309379997776098,47.498420474828805,48.05851178562186,47.508382436389766,47.81973926440995,20.924753022697935,21.000441491594323,0.17252139801483724,0.008244847517564304,20.80798383590157,21.053331669342057,20.911866887754456,21.0489170778545,20.924753022697935,21.000441491594323,0.17252139801483724,0.008244847517564304,20.80798383590157,21.053331669342057,20.911866887754456,21.0489170778545,32768.0,65536.0
libVentra_deque_concurrent_deque_benchmark.json,deque,new/delete,ConcurrentPhasedPushBackPopFront,total_operations,32768.0,2,30,30,4313091.6414687205,4315407.199404338,63025.45978154873,0.014612594635268846,4287247.141369172,4345224.54314999,4301547.166665474,4331420.559521705,8626183.282937441,8630814.398808677,126050.91956309746,0.014612594635268846,8574494.282738345,8690449.08629998,8603094.333330948,8662841.11904341,8533372.353968343,8540492.54166643,142025.04980385982,0.01664348441771825,8449503.178571748,8635022.345238132,8471000.93452422,8599269.494048048,131.62511112880617,131.69577634900935,1.9233843927474565,0.01461259463526883,130.83639957791664,132.60572946624725,131.27280171708597,132.18446531743484,7.598913206387633,7.593258177196622,0.11178516195174744,0.014710677555545842,7.541152521656301,7.643148287922403,7.565189052598418,7.617730097044299,3.7994566031938164,3.796629088598311,0.05589258097587372,0.014710677555545842,3.7705762608281503,3.8215741439612017,3.782594526299209,3.8088650485221494,32768.0,65536.0
libVentra_deque_concurrent_deque_benchmark.json,deque,new/delete,ConcurrentPhasedPushBackPopFront,total_operations,32768.0,4,30,30,3582030.6663460317,3552418.282452025,152252.41821296842,0.04250449881499158,3441276.46213967,3758623.482571448,3509378.997598298,3592922.581729086,14328122.665384127,14209673.1298081,609009.6728518737,0.04250449881499158,13765105.84855868,15034493.930285793,14037515.990393192,14371690.326916344,13934980.655448737,13707200.394230107,728215.3949538289,0.05225808438198932,13339478.966346689,14824470.88461567,13541967.84615384,14072771.3846157,218.62980141272166,216.82240493481595,9.292750135068871,0.042504498814991576,210.03884656614196,229.40817154366744,214.1954954588805,219.2945911699882,4.581840320606085,4.612073415805125,0.19234298845580183,0.04197941765686822,4.359328516291373,4.76102524458431,4.560119143573904,4.668660691795791,1.1454600801515213,1.1530183539512813,0.04808574711395046,0.04197941765686822,1.0898321290728432,1.1902563111460776,1.140029785893476,1.1671651729489478,32768.0,65536.0
libVentra_deque_concurrent_deque_benchmark.json,deque,new/delete,ConcurrentPhasedPushBackPopFront,total_operations,32768.0,8,30,30,2220780.095783647,2210789.7172613125,50199.701628349394,0.02260453510172308,2173828.4734007204,2271302.578869322,2188975.3240322936,2264550.9174114275,17766240.766269177,17686317.7380905,401597.61302679515,0.02260453510172308,17390627.787205763,18170420.630954575,17511802.59225835,18116407.33929142,15939175.533730175,15886802.470237717,395398.2986638638,0.02480669704823374,15561697.30952417,16338754.764880735,15624896.88988122,16298101.803571604,271.0913202860898,269.87179165787506,6.127893265179373,0.022604535101723087,265.3599210694239,277.258615584634,267.20890185941084,276.43443816057464,3.690621407858321,3.7054748856694144,0.08364729463504651,0.022664826702879635,3.606742285225959,3.7684678163110097,3.6175004464033735,3.742522465141122,0.46132767598229013,0.4631843607086768,0.010455911829380814,0.022664826702879635,0.45084278565324487,0.4710584770388762,0.4521875558004217,0.4678153081426403,32768.0,65536.0
libVentra_deque_concurrent_deque_benchmark.json,deque,new/delete,ConcurrentPhasedPushBackPopFront,total_operations,32768.0,12,30,30,1841525.2651474886,1847684.24197025,61049.78932860503,0.033151752237141056,1803173.0605456214,1890333.085394127,1810780.2267793478,1877483.9737412366,22098303.18176987,22172210.903643,732597.47194326,0.03315175223714103,21638076.726547457,22683997.024729528,21729362.721352175,22529807.684894837,20327388.13750007,20322304.50260409,909571.9449879393,0.044746129647121574,19669454.940104336,21160364.316406302,19961249.802083544,20888086.794270698,337.19334688979905,338.32108922795106,11.178550292102976,0.033151752237141056,330.17084848857814,346.13032569472546,331.5637622276638,343.7775830825018,2.968844373525679,2.955788041258886,0.09949527223606873,0.03351313161555591,2.8890997665550877,3.028739250129272,2.908865721937028,3.016012699114353,0.24740369779380664,0.24631567010490718,0.008291272686339066,0.03351313161555593,0.24075831387959062,0.25239493751077263,0.24240547682808566,0.25133439159286275,32768.0,65536.0
libVentra_deque_concurrent_deque_benchmark.json,deque,new/delete,ConcurrentPhasedPushBackPopFront,total_operations,32768.0,16,30,30,1369285.354085307,1371740.6037595526,25072.84806056893,0.01831090063569531,1359433.138854782,1387243.9393925462,1362795.1046142338,1386149.967773309,21908565.665364914,21947849.66015284,401165.56896910287,0.01831090063569531,21750930.221676514,22195903.03028074,21804721.67382774,22178399.484372944,14828355.86718749,14855272.763671773,295040.15238952445,0.019897023987831025,14728337.429687606,14994967.930664169,14756020.199218567,14936750.425781315,334.2981821497332,334.8976083397345,6.121300796037332,0.018310900635695296,331.89285616571823,338.68260239075835,332.7136485874595,338.41551947590557,2.9923245862748304,2.9859873100611445,0.055557493128515975,0.01856666665887338,2.952617032300222,3.013025163455778,2.954947232075622,3.005587598021209,0.1870202866421769,0.18662420687882153,0.0034723433205322484,0.01856666665887338,0.18453856451876388,0.18831407271598613,0.18468420200472638,0.18784922487632555,32768.0,65536.0
libVentra_deque_concurrent_deque_benchmark.json,deque,new/delete,ConcurrentPhasedPushBackPopFront,total_operations,32768.0,24,30,30,931249.7926396414,927121.7529297123,20945.6652525013,0.02249199454115367,916675.661404002,950829.2508952662,921704.8401692412,941546.5843641218,22349995.023351394,22250922.070313096,502695.96606003115,0.022491994541153665,22000215.873696048,22819902.02148639,22120916.164061792,22597118.024738923,10378486.425086772,10376487.567708466,300573.9704782108,0.028961252938739353,10153849.610677091,10621299.662109267,10312113.053385334,10538084.569010463,341.03385960924373,339.5221263170333,7.67053170867967,0.02249199454115365,335.69665334619214,348.2040713727781,337.53839361666553,344.8046573599079,2.9336944473636017,2.9453181422387438,0.06598280982509759,0.022491370866653752,2.87190560750555,2.978889764662661,2.900202556770982,2.9626293433972313,0.12223726864015011,0.12272158925994767,0.002749283742712397,0.022491370866653725,0.11966273364606458,0.12412040686094421,0.12084177319879091,0.12344288930821798,32768.0,65536.0
libVentra_deque_concurrent_deque_benchmark.json,deque,new/delete,ConcurrentPhasedPushBackPopFront,total_operations,32768.0,32,30,30,705528.006707784,706322.310394275,16632.743485496485,0.023574887640690705,694281.116714407,720721.7382964592,695532.8532104455,719204.1455383324,22576896.21464909,22602313.9326168,532247.7915358875,0.023574887640690705,22216995.734861024,23063095.625486694,22257051.302734256,23014532.657226637,7934211.854882806,7943995.008789117,216747.56647324466,0.027318096672684093,7814165.232910148,8135699.156738256,7852185.003906339,8090521.518554666,344.49609702528517,344.88394062220465,8.12145678002756,0.023574887640690642,339.0044515207065,351.914911277568,339.61565098166284,351.17389918863887,2.9043669906066714,2.89965225197495,0.06919504789274394,0.023824485031173803,2.841596442039342,2.949813860949535,2.8475948684342725,2.9445066254739913,0.09076146845645848,0.09061413287421718,0.0021623452466482482,0.023824485031173803,0.08879988881372944,0.09218168315467297,0.08898733963857101,0.09201583204606223,32768.0,65536.0
libVentra_deque_concurrent_deque_benchmark.json,deque,new/delete,ConcurrentPhasedPushBackPopFront,total_operations,32768.0,48,30,30,474306.0205810542,471096.4442138489,9204.566899750444,0.019406388492548082,467553.7896796891,483938.2466702199,468301.58907061757,482617.5842828073,22766688.9878906,22612629.322264746,441819.2111880213,0.019406388492548082,22442581.904625077,23229035.840170555,22478476.27538964,23165644.04557475,5411574.690885424,5395423.372395804,115470.81942898844,0.021337748441959598,5335938.321614504,5509760.785481801,5367820.6191406995,5493778.766927181,347.3921049177643,345.0413409769401,6.741626147278155,0.019406388492548075,342.44662330055354,354.4469580104149,342.9943279325812,353.4796759883843,2.87964555771978,2.8982081698105873,0.05619223019625996,0.019513592582816076,2.821298302503937,2.9201636095991867,2.8290183876447226,2.9155018422206225,0.05999261578582875,0.0603793368710539,0.0011706714624220833,0.01951359258281609,0.05877704796883202,0.060836741866649724,0.058937883075931716,0.06073962171292964,32768.0,65536.0
libVentra_deque_concurrent_deque_benchmark.json,deque,new/delete,ConcurrentPhasedPushBackPopFront,total_operations,32768.0,64,30,30,356021.3797805694,358877.9556503302,6467.76041347701,0.018166775314065003,355378.84206009516,359746.3058776611,356473.81698615535,359470.36505889345,22785368.305956442,22968189.16162113,413936.66646252864,0.018166775314065003,22744245.89184609,23023763.57617031,22814324.287113942,23006103.36376918,4073364.8317382764,4103259.8027343536,83940.02573496947,0.020607048276387444,4027331.9055175735,4131722.785888656,4054509.9213867337,4126363.4150390835,347.6771286919623,350.46675356477556,6.316172278786143,0.018166775314065006,347.0496504493117,351.31475183365336,348.11896190054233,351.04527837782564,2.87717625114619,2.853339373059919,0.05379160278450111,0.01869597066327514,2.846450608639394,2.88143366526558,2.8486353885519433,2.872582395641852,0.04495587892415922,0.044583427704061235,0.0008404937935078299,0.01869597066327514,0.04447579075999053,0.045022401019774685,0.044509927946124114,0.04488409993190394,32768.0,65536.0
libVentra_deque_concurrent_deque_benchmark.json,deque,new/delete,ConcurrentPhasedPushBackPopFront,total_operations,61440.0,1,30,30,5861551.238334768,5862186.208340365,9757.091476229232,0.001664592030249174,5855322.4666714715,5867901.270831529,5857302.816669593,5866382.649999954,5861551.238334768,5862186.208340365,9757.091476229232,0.001664592030249174,5855322.4666714715,5867901.270831529,5857302.816669593,5866382.649999954,5843082.878888846,5843883.349999146,9611.40692978574,0.0016449205203834965,5836839.72083359,5849431.954167035,5838708.383333825,5847836.800000058,47.70142609321912,47.706593492353235,0.07940341370629216,0.001664592030249166,47.65073621965716,47.75310278997013,47.666852349199154,47.740744222004835,20.963790020619246,20.961463177452067,0.034919574538633515,0.0016657090394574573,20.941047849268738,20.98603468772672,20.946468642861333,20.978939547872194,20.963790020619246,20.961463177452067,0.034919574538633515,0.0016657090394574573,20.941047849268738,20.98603468772672,20.946468642861333,20.978939547872194,61440.0,122880.0
libVentra_deque_concurrent_deque_benchmark.json,deque,new/delete,ConcurrentPhasedPushBackPopFront,total_operations,61440.0,2,30,30,7873166.202651219,7855211.278405767,186252.43671071436,0.023656611827652704,7787204.1420386555,7905829.085222587,7794600.227276243,7888673.130682118,15746332.405302439,15710422.556811534,372504.8734214287,0.023656611827652704,15574408.284077311,15811658.170445174,15589200.454552487,15777346.261364236,15597600.372727236,15558167.931816213,399621.1285784315,0.025620680042372303,15388739.34090932,15694063.846590666,15443460.88636424,15667742.170454614,128.14398116294302,127.85174606780218,3.031452420421782,0.023656611827652694,126.74485908266041,128.67560360062802,126.8652380741576,128.39637256969593,7.807774848071879,7.821560663524053,0.17742068426973973,0.022723591256419692,7.771486723919272,7.889866598938205,7.788382251553921,7.882379882955318,3.9038874240359394,3.9107803317620267,0.08871034213486986,0.022723591256419692,3.885743361959636,3.9449332994691026,3.8941911257769606,3.941189941477659,61440.0,122880.0
libVentra_deque_concurrent_deque_benchmark.json,deque,new/delete,ConcurrentPhasedPushBackPopFront,total_operations,61440.0,4,30,30,6662466.0485576205,6636397.072113071,86584.13928020863,0.012995809456913258,6611872.969953171,6665791.629807508,6619433.002404443,6655198.391825934,26649864.194230482,26545588.288452283,346336.55712083454,0.012995809456913258,26447491.879812684,26663166.51923003,26477732.009617772,26620793.567303736,26063304.852563873,25971768.71153815,407282.90936080867,0.015626679412482254,25867232.245192457,26094086.63461613,25912478.894230586,26034337.201923408,216.87715001815167,216.028550524514,2.818494117194292,0.012995809456913263,215.23023990732977,216.9854046161298,215.4763347136863,216.6405726505838,4.611636621077922,4.629017794348833,0.058218045090655604,0.012624161414749053,4.608604934405148,4.64618756353357,4.615940563057042,4.64088145555421,1.1529091552694806,1.1572544485872083,0.014554511272663901,0.012624161414749053,1.152151233601287,1.1615468908833926,1.1539851407642605,1.1602203638885524,61440.0,122880.0
libVentra_deque_concurrent_deque_benchmark.json,deque,new/delete,ConcurrentPhasedPushBackPopFront,total_operations,61440.0,8,30,30,4181172.371249602,4190633.1609375514,84707.22515522718,0.020259204269521956,4112554.72968719,4247692.291405869,4135373.3617178537,4224003.944528932,33449378.969996817,33525065.28750041,677657.8012418174,0.020259204269521956,32900437.83749752,33981538.33124695,33082986.89374283,33792031.556231454,30036047.478749976,30275097.400000017,629628.5423381926,0.020962429986290464,29559253.896874342,30554439.343750305,29698681.575000525,30484564.70624964,272.2117429198959,272.82767974853846,5.5147933043767665,0.02025920426952195,267.7444485473431,276.54246688840294,269.23003657017273,275.0002568052689,3.6750721941954434,3.665317253512553,0.07463650274589718,0.020308853486954916,3.616099292435705,3.7349092349937463,3.6363625208559576,3.7143369155715353,0.4593840242744304,0.45816465668906914,0.009329562843237148,0.020308853486954916,0.45201241155446314,0.4668636543742183,0.4545453151069947,0.4642921144464419,61440.0,122880.0
libVentra_deque_concurrent_deque_benchmark.json,deque,new/delete,ConcurrentPhasedPushBackPopFront,total_operations,61440.0,12,30,30,3458235.7077315,3448385.4097212926,75342.84031099691,0.021786496548674983,3409862.580554722,3496659.294618117,3414603.0670140386,3480508.5399306617,41498828.492777996,41380624.91665551,904114.0837319631,0.02178649654867499,40918350.96665666,41959911.53541741,40975236.80416846,41766102.47916794,38119431.96083327,38125229.51666679,1207886.5392952869,0.031686897657246284,37251552.70000048,38900022.637499385,37366515.87083301,38739440.983333185,337.7183308331543,336.75638766809493,7.3576992491207855,0.021786496548674962,332.99439263229704,341.47063424005046,333.4573307630897,339.89341210260363,2.9623890581615013,2.9695132551651486,0.06372708659032826,0.021512058456588466,2.9285118677979542,3.0030535714099913,2.9420990737638215,2.9988875363485494,0.2468657548467917,0.24745943793042902,0.005310590549194015,0.021512058456588445,0.24404265564982952,0.2502544642841659,0.24517492281365177,0.24990729469571243,61440.0,122880.0
libVentra_deque_concurrent_deque_benchmark.json,deque,new/delete,ConcurrentPhasedPushBackPopFront,total_operations,61440.0,16,30,30,2534229.772757691,2541931.3044699896,42488.26744759731,0.016765751828952177,2512914.2424046416,2559165.4441190986,2524591.4739583004,2557437.1380210593,40547676.364123054,40670900.871519834,679812.279161557,0.016765751828952177,40206627.878474265,40946647.10590558,40393463.58333281,40918994.20833695,27645904.581018463,27785298.62847175,533948.5346451506,0.01931383844143617,27307251.173610784,28016698.001735874,27408277.621528115,27961922.77430505,329.97783499449105,330.9806386028632,5.532326490572571,0.016765751828952187,327.20237531310437,333.22466720300764,328.7228481716537,332.9996273464921,3.0313387166109007,3.0213249789711707,0.051371145008018884,0.01694668587397349,3.000978359420726,3.056219432227943,3.0030063911349867,3.0420763718141353,0.1894586697881813,0.18883281118569817,0.0032106965630011803,0.01694668587397349,0.18756114746379537,0.19101371451424642,0.18768789944593667,0.19012977323838345,61440.0,122880.0
libVentra_deque_concurrent_deque_benchmark.json,deque,new/delete,ConcurrentPhasedPushBackPopFront,total_operations,61440.0,24,30,30,1756157.5509194348,1751758.2429588982,38744.80247821122,0.022062258854808562,1732846.2798995199,1777485.7981288927,1739968.2825040626,1768258.9720292643,42147781.22206643,42042197.83101356,929875.2594770691,0.022062258854808562,41588310.71758848,42659659.15509342,41759238.7800975,42438215.328702345,19886616.287037022,19816194.530091945,527440.1676770836,0.026522368615363313,19494433.26620339,20092704.707175918,19598648.331018515,19990876.631944455,342.999521663952,342.1402818279098,7.567344234025627,0.022062258854808562,338.446539042875,347.1651949470493,339.8375551765747,345.3630804744657,2.916819743573815,2.9227810673488603,0.06396187974393157,0.02192863644894377,2.8804747557493604,2.9546770262431323,2.895520590529526,2.9425833455254367,0.12153415598224228,0.12178254447286918,0.002665078322663818,0.02192863644894379,0.12001978148955668,0.12311154276013052,0.1206466912720636,0.1226076393968932,61440.0,122880.0
libVentra_deque_concurrent_deque_benchmark.json,deque,new/delete,ConcurrentPhasedPushBackPopFront,total_operations,61440.0,32,30,30,1325977.3655670607,1322348.2381186339,18329.214055712742,0.01382317265112151,1314115.984347719,1334444.896484118,1316075.7284613745,1327980.5302571703,42431275.69814594,42315143.61979628,586534.8497828078,0.01382317265112151,42051711.49912701,42702236.687491775,42114423.310763985,42495376.96822945,15177141.614004605,15140506.729166558,260633.38179136807,0.01717275811348234,15027257.002603974,15285498.183159921,15068718.6736109,15251756.993055532,345.306605616422,344.3615203433942,4.773232827008531,0.013823172651121525,342.2177042572185,347.51169179273904,342.72805428681625,345.8282630878047,2.8965050458332824,2.9039260453404077,0.03951993620167133,0.013644007373134757,2.877607134011919,2.9221167425326047,2.891624422408069,2.9177653418613714,0.09051578268229007,0.09074768891688774,0.001234998006302229,0.013644007373134757,0.08992522293787247,0.0913161482041439,0.09036326320025216,0.09118016693316786,61440.0,122880.0
libVentra_deque_concurrent_deque_benchmark.json,deque,new/delete,ConcurrentPhasedPushBackPopFront,total_operations,61440.0,48,30,30,894210.3017939498,898451.6530429239,13864.324106725548,0.015504545271857384,890503.1129557875,902448.6851732316,892564.2690972988,900633.989245812,42922094.486109585,43125679.34606035,665487.5571228256,0.01550454527185737,42744149.421877794,43317536.88831511,42843084.91667035,43230431.48379897,10312041.291203674,10334743.844907392,210611.29332506433,0.020423821761140437,10175354.987846937,10465674.031828437,10300428.069444459,10447108.593750067,349.3008991382616,350.9576769698922,5.415751604189678,0.015504545271857415,347.85277849835444,352.51901764579367,348.6579176161324,351.81015204914536,2.863548580292241,2.8493485438528534,0.04587887576241462,0.01602168584747126,2.836726902334565,2.8747808232642544,2.8424422075041837,2.8681419986339955,0.059657262089421695,0.059361427996934446,0.0009558099117169714,0.01602168584747126,0.05909847713197011,0.059891267151338634,0.059217545989670495,0.059752958304874905,61440.0,122880.0
libVentra_deque_concurrent_deque_benchmark.json,deque,new/delete,ConcurrentPhasedPushBackPopFront,total_operations,61440.0,64,30,30,674236.821215038,680149.1910767176,16000.477421930915,0.02373124237429892,666228.8408447182,685029.5263307216,676927.3714355761,684720.3677124436,43151156.55776243,43529548.228909925,1024030.5550035785,0.02373124237429892,42638645.81406196,43841889.68516618,43323351.77187687,43822103.53359639,7815481.473645791,7882658.260937501,202287.47860647968,0.02588291959856901,7698193.340625144,7965499.66875018,7796741.899687553,7934429.187499988,351.16501104949907,354.2443703524571,8.333581990589016,0.023731242374298907,346.9941879399574,356.78621163058415,352.5663392893626,356.6251915168977,2.8492602339317856,2.8229162601438977,0.06959193951800072,0.02442456420415083,2.802798912577252,2.8820738390056233,2.8040645344267947,2.8363486258161794,0.04451969115518415,0.0441080665647484,0.0010873740549687612,0.02442456420415083,0.043793733009019564,0.045032403734462864,0.04381350835041867,0.0443179472783778,61440.0,122880.0
libVentra_deque_concurrent_deque_benchmark.json,deque,new/delete,ConcurrentSteadyPushBackPopFront,operations_per_thread,512.0,1,30,30,36188.851986659705,36177.17493299761,189.65269154968814,0.005240638515407999,36098.9714374042,36281.32983606809,36119.36172405331,36240.210868235314,36188.851986659705,36177.17493299761,189.65269154968814,0.005240638515407999,36098.9714374042,36281.32983606809,36119.36172405331,36240.210868235314,36099.67456520416,36093.063982262196,186.98467425213943,0.005179677559541511,36011.892452058244,36186.393869878055,36033.121983905425,36151.957465459986,35.34067576822237,35.32927239550548,0.18520770659149186,0.005240638515407986,35.25290179434004,35.43098616803525,35.272814183645814,35.390830926011056,28.29675674364661,28.305140157583203,0.14804952801092522,0.005232031690139413,28.22388323396048,28.36645918882128,28.255925387666167,28.350449487311977,28.29675674364661,28.305140157583203,0.14804952801092522,0.005232031690139413,28.22388323396048,28.36645918882128,28.255925387666167,28.350449487311977,512.0,1024.0
libVentra_deque_concurrent_deque_benchmark.json,deque,new/delete,ConcurrentSteadyPushBackPopFront,operations_per_thread,512.0,2,30,30,89531.37492262539,90033.9173761291,1240.1908269582761,0.013852024812866676,89140.2865388596,90264.77934734407,89721.23039228827,90225.53747430301,179062.74984525077,180067.8347522582,2480.3816539165523,0.013852024812866676,178280.5730777192,180529.55869468814,179442.46078457654,180451.07494860602,178493.88358273832,179604.6429308558,2732.926574308995,0.015311037663888272,177852.62029151683,180044.05463106025,178994.80147060662,180001.30585656688,87.43298332287632,87.92374743762608,1.2111238544514393,0.013852024812866655,87.05106107310507,88.14919858139069,87.61838905496901,88.11087643974903,11.439508692172124,11.373491857411206,0.1626245453084384,0.014216042811324565,11.34440267151986,11.487539261080151,11.34933683292697,11.413130675207352,5.719754346086062,5.686745928705603,0.0813122726542192,0.014216042811324565,5.67220133575993,5.743769630540076,5.674668416463485,5.706565337603676,1024.0,2048.0
libVentra_deque_concurrent_deque_benchmark.json,deque,new/delete,ConcurrentSteadyPushBackPopFront,operations_per_thread,512.0,4,30,30,179016.05322084372,179212.09905423396,1779.9066817846642,0.009942721056356196,177784.27080137297,180368.74472768075,178390.3688650137,179956.05655686936,716064.2128833749,716848.3962169358,7119.626727138657,0.009942721056356196,711137.0832054919,721474.978910723,713561.4754600548,719824.2262274774,713522.5706884986,714310.1697342178,7153.086645307525,0.010025032058068331,706544.1000766687,716986.6169479023,710968.5902351682,716537.1058282091,174.8203644734802,175.01181548265038,1.7381901189303337,0.009942721056356182,173.61745195446582,176.14135227312573,174.20934459473995,175.73833648131773,5.720705073327246,5.713899946101842,0.05698613212824203,0.009961382626407283,5.677258567725272,5.759789779677698,5.690306358234341,5.740262308049047,1.4301762683318116,1.4284749865254605,0.014246533032060507,0.009961382626407283,1.419314641931318,1.4399474449194245,1.4225765895585853,1.4350655770122618,2048.0,4096.0
libVentra_deque_concurrent_deque_benchmark.json,deque,new/delete,ConcurrentSteadyPushBackPopFront,operations_per_thread,512.0,8,30,30,223513.0092329422,222588.34248726582,5562.537322644669,0.02488686158239438,219414.27523275884,228247.29219932662,220697.75773368086,224985.51842635425,1788104.0738635375,1780706.7398981266,44500.29858115735,0.02488686158239438,1755314.2018620707,1825978.337594613,1765582.061869447,1799884.147410834,1781355.512626256,1771779.6849747372,43929.01280920487,0.02466044116283124,1750964.2948231916,1819129.6704545773,1761442.48547984,1792130.9251893358,218.2744230790451,217.37142821022053,5.432165354145183,0.024886861582394372,214.27175315699108,222.8977462884049,215.5251540367977,219.7124203382366,4.584096804197825,4.6004221736024125,0.11261386748093109,0.02456620623233926,4.486365099097406,4.666971878422411,4.5514824968634775,4.639843481697584,0.5730121005247282,0.5750527717003016,0.014076733435116387,0.02456620623233926,0.5607956373871757,0.5833714848028013,0.5689353121079347,0.579980435212198,4096.0,8192.0
libVentra_deque_concurrent_deque_benchmark.json,deque,new/delete,ConcurrentSteadyPushBackPopFront,operations_per_thread,512.0,12,30,30,338298.5956504366,348928.01397464937,21342.977692455606,0.06308917023855834,316942.2981394319,355297.06091394776,323677.7616169327,352476.78557958425,4059583.1478052386,4187136.167695792,256115.7323094673,0.06308917023855835,3803307.577673183,4263564.730967373,3884133.139403193,4229721.426955011,3989780.769135794,4112461.854423994,286323.16555871774,0.07176413495539925,3697647.0414093495,4220075.369855914,3770462.966563753,4198192.28806591,330.3697223148794,340.7500136471185,20.842751652788678,0.06308917023855835,309.513963026789,346.9697860487771,316.09156407903583,344.21561091756274,3.038924201748555,2.9349124172482175,0.19716211584634902,0.06487891857681237,2.8821250101142186,3.231127388030242,2.9051558624384795,3.1637302879155125,0.2532436834790463,0.2445760347706848,0.01643017632052909,0.06487891857681238,0.24017708417618489,0.26926061566918685,0.2420963218698733,0.2636441906596261,6144.0,12288.0
libVentra_deque_concurrent_deque_benchmark.json,deque,new/delete,ConcurrentSteadyPushBackPopFront,operations_per_thread,512.0,16,30,30,314825.2150987409,314953.8153483079,8633.924875123437,0.027424502425625333,309782.5651991521,321746.6150852166,310477.3393825225,318686.410264816,5037203.441579854,5039261.045572926,138142.798001975,0.027424502425625333,4956521.043186434,5147945.841363465,4967637.43012036,5098982.564237056,3903155.50081019,3901426.3988714693,115714.91800408054,0.029646504726768184,3822715.0147570455,4011450.308810773,3846016.6419271203,3959515.599826369,307.44649911986414,307.572085301082,8.431567260862733,0.02742450242562534,302.522036327297,314.2056787941568,303.2005267407445,311.21719752423445,3.254977889004396,3.25127137382278,0.08979689899641077,0.027587560364005132,3.1826307158301956,3.3055471852317515,3.2132097029447344,3.2981482358659786,0.20343611806277476,0.20320446086392374,0.005612306187275673,0.027587560364005132,0.19891441973938723,0.20659669907698447,0.2008256064340459,0.20613426474162366,8192.0,16384.0
libVentra_deque_concurrent_deque_benchmark.json,deque,new/delete,ConcurrentSteadyPushBackPopFront,operations_per_thread,512.0,24,30,30,308850.27436339867,307596.42635027505,12009.145054055984,0.03888338800672656,299114.3829474582,316162.87065004325,301343.2104744755,313001.46487267374,7412406.58472157,7382314.232406601,288219.48129734356,0.03888338800672655,7178745.1907389965,7587908.895601037,7232237.0513874125,7512035.156944169,4098045.468827173,4092430.359259289,123994.73433764375,0.030257042114549798,4025022.2041667,4184837.040046212,4064723.6546297017,4146239.353240735,301.6115960580065,300.3871351076905,11.727680716851548,0.03888338800672657,292.10388959712714,308.75280336918286,294.28047897897994,305.6654930397204,3.3203658805145175,3.32905394017575,0.1290254353151235,0.0388588004931342,3.238893455545054,3.423447114255123,3.2715749573070196,3.39814999378591,0.13834857835477157,0.13871058084065624,0.005376059804796815,0.03885880049313421,0.13495389398104393,0.14264362976063014,0.13631562322112578,0.1415895830744129,12288.0,24576.0
libVentra_deque_concurrent_deque_benchmark.json,deque,new/delete,ConcurrentSteadyPushBackPopFront,operations_per_thread,512.0,32,30,30,323739.95433627965,322303.017205448,14910.116438280047,0.04605584277927093,315569.9402112431,332509.272711533,316490.60157539445,327343.5199809534,10359678.538760949,10313696.550574336,477123.7260249615,0.04605584277927093,10098238.08675978,10640296.726769056,10127699.250412622,10474992.63939051,4296556.998574563,4288924.722861791,70590.75605613635,0.01642961005278313,4241103.25411187,4345428.998149586,4261654.038240207,4310959.661595378,316.1522991565231,314.7490402396953,14.56066058425786,0.04605584277927094,308.1737697375421,324.71608663235645,309.07285310097114,319.6714062313998,3.169465390017035,3.177134637339126,0.1447466636839172,0.04566911004607602,3.0798526476189343,3.244922542879098,3.128212265019135,3.235502889703562,0.09904579343803234,0.09928545741684769,0.0045233332401224124,0.04566911004607602,0.0962453952380917,0.10140382946497181,0.09775663328184797,0.1011094653032363,16384.0,32768.0
libVentra_deque_concurrent_deque_benchmark.json,deque,new/delete,ConcurrentSteadyPushBackPopFront,operations_per_thread,512.0,48,30,30,309632.4157931934,315194.2190212436,22461.880332936078,0.07254369758216335,299903.5900154938,327975.7679669729,303334.4065484274,322190.3265245892,14862355.958073277,15129322.513019696,1078170.255980932,0.07254369758216338,14395372.3207437,15742836.862414697,14560051.514324514,15465135.673180282,4225108.397048625,4290495.527343688,270761.5973148847,0.06408394101889088,4195810.4750432875,4364144.652560837,4228830.148003481,4340101.145833404,302.3754060480404,307.8068545129332,21.935430012632892,0.07254369758216335,292.8745996245056,320.28883590524697,296.22500639494865,314.63899074666915,3.3253430350870516,3.248790591835932,0.26040325156361804,0.078308688401767,3.1221902657055636,3.414476200115647,3.1784356509967386,3.3758248875427403,0.0692779798976469,0.06768313732991524,0.005425067740908709,0.078308688401767,0.06504563053553257,0.07113492083574263,0.06621740939576538,0.07032968515714041,24576.0,49152.0
libVentra_deque_concurrent_deque_benchmark.json,deque,new/delete,ConcurrentSteadyPushBackPopFront,operations_per_thread,512.0,64,30,30,299955.0980626774,302485.09377875214,23465.273644805267,0.07822928763791859,292680.88963769295,313060.2022274723,296481.5001148862,310484.90232938086,19197126.276011355,19359046.001840137,1501777.513267537,0.07822928763791859,18731576.93681235,20035852.94255823,18974816.007352717,19871033.749080375,4210426.668872562,4197424.264705757,82637.61914895457,0.019626899040871476,4166811.4310662206,4252150.899816088,4178615.773896969,4227525.411305172,292.9249004518334,295.39559939331264,22.91530629375515,0.0782292876379186,285.8211812868095,305.72285373776594,289.5327149559435,303.207912431036,3.438039067121252,3.385293320858341,0.3239366782126118,0.09422134882366281,3.2709372005322477,3.498718009399671,3.298184582796784,3.4538425910096127,0.05371936042376956,0.05289520813841158,0.005061510597072059,0.09422134882366281,0.05110839375831637,0.05466746889686986,0.05153413410619975,0.0539662904845252,32768.0,65536.0
libVentra_deque_concurrent_deque_benchmark.json,deque,new/delete,ConcurrentSteadyPushBackPopFront,operations_per_thread,2048.0,1,30,30,146275.77706520804,145321.26706651255,2852.6634264601503,0.019501953663787177,144847.55792305162,146292.70055849478,144934.56971465715,146129.47496891022,146275.77706520804,145321.26706651255,2852.6634264601503,0.019501953663787177,144847.55792305162,146292.70055849478,144934.56971465715,146129.47496891022,145920.23628465255,144971.39470419454,2846.3482319058603,0.01950619259109047,144500.28764995758,145928.22279686504,144574.40670247696,145771.80719904706,35.711859635060556,35.47882496741029,0.6964510318506216,0.01950195366378715,35.36317332105752,35.715991347288764,35.38441643424247,35.676141349831596,28.011793568676563,28.18582809290136,0.5247956841053432,0.01873481192193926,27.99866298589789,28.27800662238635,28.02995005444987,28.261029234135655,28.011793568676563,28.18582809290136,0.5247956841053432,0.01873481192193926,27.99866298589789,28.27800662238635,28.02995005444987,28.261029234135655,2048.0,4096.0
libVentra_deque_concurrent_deque_benchmark.json,deque,new/delete,ConcurrentSteadyPushBackPopFront,operations_per_thread,2048.0,2,30,30,364103.5312236529,370172.5242616346,12972.806294803364,0.03562944377717319,353296.4787707049,373947.31711503316,361100.23180354014,373697.1213079549,728207.0624473058,740345.0485232692,25945.612589606728,0.03562944377717319,706592.9575414098,747894.6342300663,722200.4636070803,747394.2426159098,725332.4248241809,738517.34757382,26559.715195247132,0.03661730026985234,703421.8370252503,746141.8626055233,715991.5501055773,745500.0901898344,88.89246367764963,90.37415143106314,3.1671890368172253,0.03562944377717316,86.25402313737912,91.2957317175374,88.15923628016115,91.23464875682491,11.26380621058861,11.065113036904467,0.4141466069156556,0.036767909459089816,10.953414735600985,11.595413343839725,10.96074807096445,11.343110982184747,5.631903105294305,5.532556518452234,0.2070733034578278,0.036767909459089816,5.4767073678004925,5.797706671919863,5.480374035482225,5.671555491092374,4096.0,8192.0
libVentra_deque_concurrent_deque_benchmark.json,deque,new/delete,ConcurrentSteadyPushBackPopFront,operations_per_thread,2048.0,4,30,30,756690.3968832926,750302.8919998086,22773.71346797282,0.030096474808950564,738058.3909997541,780289.4332504593,743078.8440003654,777748.4327498314,3026761.5875331704,3001211.5679992344,91094.85387189128,0.030096474808950564,2952233.5639990163,3121157.733001837,2972315.3760014614,3110993.7309993254,3012763.3037333298,2989057.89200003,88348.11164582928,0.02932461090997452,2942882.2964997594,3103357.375500081,2959586.484999859,3099406.753000008,184.73886642658513,183.17941699214083,5.559988639641803,0.030096474808950568,180.1900368651743,190.5003499146629,181.4157333985267,189.8799884643143,5.417845285665174,5.459160721262308,0.1650591288290529,0.03046582545754402,5.24933446053365,5.549698626717644,5.266484885296747,5.512237877020354,1.3544613214162935,1.364790180315577,0.04126478220726323,0.03046582545754402,1.3123336151334124,1.387424656679411,1.3166212213241868,1.3780594692550885,8192.0,16384.0
libVentra_deque_concurrent_deque_benchmark.json,deque,new/delete,ConcurrentSteadyPushBackPopFront,operations_per_thread,2048.0,8,30,30,874844.8423900533,872967.3464991094,18723.256535695014,0.02140180250082239,858765.7034142795,886830.4461808505,860981.074508226,881030.9500866253,6998758.739120427,6983738.771992875,149786.05228556012,0.02140180250082239,6870125.627314236,7094643.569446804,6887848.596065808,7048247.600693002,6971453.73487655,6952369.025462922,149141.38574361018,0.02139315434275792,6846162.048032664,7061273.323495129,6870909.968749762,7022728.98726847,213.5851665991341,213.12679357888413,4.5711075526599165,0.021401802500822395,209.65959556012683,216.5113393996217,210.20045764360987,215.0954467984925,4.684019700283963,4.692052391972167,0.09894921553110965,0.0211248504196323,4.618697572919101,4.769636450765583,4.649099564934179,4.7573778177373836,0.5855024625354954,0.5865065489965209,0.012368651941388706,0.0211248504196323,0.5773371966148876,0.5962045563456979,0.5811374456167724,0.5946722272171729,16384.0,32768.0
libVentra_deque_concurrent_deque_benchmark.json,deque,new/delete,ConcurrentSteadyPushBackPopFront,operations_per_thread,2048.0,12,30,30,1338508.897453781,1373960.1446765112,85875.60619891343,0.06415766556522179,1268669.0348051577,1395596.0038021067,1297317.7643849405,1391016.604497422,16062106.769445373,16487521.736118132,1030507.2743869614,0.0641576655652218,15224028.41766189,16747152.04562528,15567813.172619287,16692199.253969062,15806262.24470901,16304427.361111034,1127510.3655743604,0.07133314303650652,14863401.321428418,16605310.992063284,15194417.214285195,16526900.789682664,326.784398792427,335.4394884464138,20.965724169656603,0.0641576655652218,309.73365107547795,340.7216806157487,316.72796982054217,339.6036632073784,3.0729122181701745,2.9812326949406716,0.20658024211810838,0.067226210009058,2.9349474394829795,3.2288399292633523,2.9446096915767948,3.1572907734388904,0.2560760181808479,0.24843605791172263,0.017215020176509027,0.06722621000905797,0.24457895329024829,0.2690699941052794,0.24538414096473288,0.2631075644532409,24576.0,49152.0
libVentra_deque_concurrent_deque_benchmark.json,deque,new/delete,ConcurrentSteadyPushBackPopFront,operations_per_thread,2048.0,16,30,30,1263880.9984014176,1264198.9828560005,28797.16662980642,0.022784713644899843,1242178.2194009307,1283569.7895506255,1248512.508463584,1271822.6589628991,20222095.974422682,20227183.72569601,460754.6660769027,0.022784713644899843,19874851.51041489,20537116.632810008,19976200.135417342,20349162.543406386,15679180.662152762,15692910.951388609,389386.35844101245,0.024834611376150152,15333394.285590507,15931378.4236109,15454334.41145799,15898016.890625067,308.5646968753461,308.6423297988283,7.030558259230084,0.022784713644899847,303.26616684593034,313.3715306520082,304.81262413661716,310.5035788483641,3.242435810239066,3.2399962865298972,0.07377587069301698,0.02275322473926707,3.1911015303041133,3.2974379947506285,3.2205782524873063,3.2807336697605565,0.20265223813994163,0.20249976790811858,0.0046109919183135615,0.02275322473926707,0.19944384564400708,0.20608987467191428,0.20128614078045665,0.20504585436003478,32768.0,65536.0
libVentra_deque_concurrent_deque_benchmark.json,deque,new/delete,ConcurrentSteadyPushBackPopFront,operations_per_thread,2048.0,24,30,30,1255730.34451969,1274049.1139759058,77214.87331424061,0.061490011491101525,1219968.081206899,1298692.4987409054,1231851.0618923837,1297612.7770832432,30137528.268472552,30577178.735421743,1853156.9595417748,0.061490011491101546,29279233.94896557,31168619.969781734,29564425.48541721,31142706.649997838,16526870.086250043,16574547.443750069,632686.351603753,0.03828228504864529,16161890.581249788,16784939.92291677,16412032.252083033,16713046.529166615,306.5747911425024,311.0471469667739,18.851287430234525,0.061490011491101525,297.843769825903,317.06359832541636,300.74488815732025,316.7999944050887,3.2744515797302696,3.2149917439994073,0.21270333088556553,0.06495845967069906,3.1539414647251705,3.357477636570893,3.156565720021459,3.3250996748196915,0.1364354824887612,0.13395798933330866,0.008862638786898563,0.06495845967069906,0.1314142276968821,0.13989490152378722,0.1315235716675608,0.1385458197841538,49152.0,98304.0
libVentra_deque_concurrent_deque_benchmark.json,deque,new/delete,ConcurrentSteadyPushBackPopFront,operations_per_thread,2048.0,32,30,30,1247700.5673430143,1246048.9034285475,58066.97926578527,0.04653919440738834,1215931.4772949663,1280580.6187338794,1230799.8620332642,1261243.1458334979,39926418.15497646,39873564.90971352,1858143.3365051285,0.04653919440738834,38909807.27343892,40978579.79948414,39385595.585064456,40359780.66667193,16558502.072106529,16549050.23958356,321698.16851292923,0.019427975254769143,16339005.692708286,16819112.592014037,16384027.803819591,16789943.824652895,304.6143963239781,304.21115806361024,14.17650860981085,0.046539194407388323,296.8582708239664,312.641752620576,300.4882475667149,307.9206899007563,3.2899100198825812,3.2872213091500075,0.15765808888253247,0.04792170239603069,3.1985657423212137,3.3686112510713127,3.2475895983770213,3.3281200086251825,0.10280968812133066,0.10272566591093774,0.0049268152775791395,0.04792170239603069,0.09995517944753793,0.10526910159597852,0.10148717494928192,0.10400375026953695,65536.0,131072.0
libVentra_deque_concurrent_deque_benchmark.json,deque,new/delete,ConcurrentSteadyPushBackPopFront,operations_per_thread,2048.0,48,30,30,1239775.8232081323,1257576.7354599508,82346.05577414321,0.06642011743789186,1202244.4949312843,1296726.8465402385,1219912.7925657232,1291999.5509671858,59509239.513990335,60363683.302077636,3952610.6771588726,0.06642011743789186,57707735.75670165,62242888.63393145,58555814.04315472,62015978.446424924,16855201.113789696,16866003.2991073,355993.3596771492,0.02112068300305841,16717661.80431543,17025471.556547493,16758082.058035731,16927531.61607121,302.6796443379229,307.02557018065204,20.104017522984176,0.06642011743789185,293.5167223953331,316.5837027686129,297.830271622491,315.4295778728481,3.3189722553328935,3.257721879403255,0.23664874330645969,0.07130181426681549,3.158722348543587,3.4069856025446996,3.1703144934933047,3.357944895202147,0.0691452553194353,0.06786920582090114,0.004930182152217912,0.07130181426681549,0.06580671559465806,0.07097886671968125,0.06604821861444385,0.06995718531671138,98304.0,196608.0
libVentra_deque_concurrent_deque_benchmark.json,deque,new/delete,ConcurrentSteadyPushBackPopFront,operations_per_thread,2048.0,64,30,30,1229247.3531461803,1242079.1820800358,69395.19517828895,0.05645340215756932,1193438.2677731835,1267193.6333374046,1209986.983911171,1260568.8805420678,78671830.60135554,79493067.65312229,4441292.491410493,0.05645340215756932,76380049.13748375,81100392.5335939,77439166.97031495,80676408.35469234,17052321.818541672,16901187.004687577,452698.90803762095,0.026547640424272507,16814176.40468793,17067307.92343724,16866563.21718758,16981129.784375187,300.10921707670417,303.24198781250874,16.94218632282445,0.05645340215756932,291.3667645930624,309.3734456390148,295.40697849393825,307.7560743510908,3.3428616132398528,3.297700830574871,0.19729959633860583,0.05902116783930698,3.2323401260657496,3.432128880613183,3.2493487332974356,3.3852066694949094,0.0522322127068727,0.05152657547773236,0.003082806192790716,0.05902116783930698,0.05050531446977734,0.05362701375958098,0.05077107395777243,0.05289385421085796,131072.0,262144.0
libVentra_deque_concurrent_deque_benchmark.json,deque,new/delete,ConcurrentSteadyPushBackPopFront,operations_per_thread,8192.0,1,30,30,595281.2685523938,593505.6006651673,12172.063855654183,0.020447584190334486,583702.3976700206,602539.4388523004,585857.5623959724,599856.4650586732,595281.2685523938,593505.6006651673,12172.063855654183,0.020447584190334486,583702.3976700206,602539.4388523004,585857.5623959724,599856.4650586732,590631.1563505306,591113.2171379824,9376.621116988004,0.015875595142873098,582120.7583194457,596926.954243034,582453.4251249243,595982.2296172403,36.333085238793565,36.2247070718486,0.7429238193148311,0.0204475841903345,35.62636704528934,36.776088797137476,35.7579078610823,36.61233307242878,27.534096667577224,27.605490961126428,0.5552885913544884,0.02016730739557432,27.191611382858206,28.069098715238084,27.313341847034728,27.966127529659655,27.534096667577224,27.605490961126428,0.5552885913544884,0.02016730739557432,27.191611382858206,28.069098715238084,27.313341847034728,27.966127529659655,8192.0,16384.0
libVentra_deque_concurrent_deque_benchmark.json,deque,new/delete,ConcurrentSteadyPushBackPopFront,operations_per_thread,8192.0,2,30,30,1411695.8930988112,1419822.7675787932,45308.943925093576,0.032095399686710144,1365954.0986310502,1435826.7163077088,1414689.3261717253,1429566.8857426946,2823391.7861976223,2839645.5351575864,90617.88785018715,0.032095399686710144,2731908.1972621004,2871653.4326154175,2829378.6523434506,2859133.771485389,2806604.049739519,2828397.576171727,97184.44114159167,0.03462705797442691,2723166.465819907,2850769.2578126406,2818018.789062497,2833592.617187711,86.16307941276924,86.65910446647908,2.7654384719905747,0.032095399686710144,83.37122184027407,87.63590797776541,86.34578406809845,87.25383824113126,11.617622783406723,11.539469309982156,0.37802558433652816,0.03253897904797326,11.41090186713867,11.99628480627221,11.460814558333071,11.581360726088768,5.808811391703362,5.769734654991078,0.18901279216826408,0.03253897904797326,5.705450933569335,5.998142403136105,5.730407279166536,5.790680363044384,16384.0,32768.0
libVentra_deque_concurrent_deque_benchmark.json,deque,new/delete,ConcurrentSteadyPushBackPopFront,operations_per_thread,8192.0,4,30,30,2852002.0241665454,2863984.117707711,48460.90967635156,0.016991891753833355,2816419.5244779456,2888349.2734370483,2825741.835416314,2886208.360416731,11408008.096666181,11455936.470830845,193843.63870540625,0.016991891753833355,11265678.097911783,11553397.093748193,11302967.341665257,11544833.441666923,11351346.361111047,11385342.462499019,196998.47854374064,0.017354635501093,11194935.4729168,11480607.429166064,11236147.904166795,11472006.158333607,174.07238917032137,174.80371812180854,2.9578191941132514,0.016991891753833338,171.90060574206214,176.29084920880422,172.46959444679652,176.16017824809148,5.746349543222637,5.720711453384267,0.0982183412618089,0.017092301908026047,5.672444174105761,5.817316853545313,5.67665343664829,5.7981240603604975,1.4365873858056593,1.4301778633460667,0.024554585315452224,0.017092301908026047,1.4181110435264404,1.4543292133863281,1.4191633591620725,1.4495310150901244,32768.0,65536.0
libVentra_deque_concurrent_deque_benchmark.json,deque,new/delete,ConcurrentSteadyPushBackPopFront,operations_per_thread,8192.0,8,30,30,3501924.5385818286,3502871.8173065316,83008.4807025497,0.023703674875919963,3434465.4564301562,3559746.355768731,3452124.6171862045,3553832.757813342,28015396.30865463,28022974.538452253,664067.8456203976,0.023703674875919963,27475723.65144125,28477970.846149847,27616996.937489636,28430662.062506735,27911861.272756226,27919845.30769173,675321.2321306433,0.02419477603200186,27364716.79567133,28387583.84615492,27506767.72596112,28324295.524038076,213.74051138805106,213.7983286930256,5.066435589755233,0.023703674875919976,209.62313576844218,217.26967503471258,210.70096540443143,216.90873765950576,4.681118291770975,4.677309656298204,0.11123718855665786,0.023762951846827664,4.602575411280255,4.770467902354363,4.610234942283152,4.746064402270115,0.5851397864713719,0.5846637070372755,0.013904648569582232,0.023762951846827664,0.5753219264100319,0.5963084877942953,0.576279367785394,0.5932580502837643,65536.0,131072.0
libVentra_deque_concurrent_deque_benchmark.json,deque,new/delete,ConcurrentSteadyPushBackPopFront,operations_per_thread,8192.0,12,30,30,5256138.17675919,5440367.434722601,348059.9084174909,0.06621970289070604,4912389.805553769,5491578.684378043,5193080.349999314,5470088.515278349,63073658.12111029,65284409.21667121,4176718.901009891,0.06621970289070603,58948677.66664523,65898944.21253652,62316964.19999177,65641062.18334018,61996873.75444492,64686987.49999975,4716650.7094172705,0.07607884758994168,57530188.64166641,65187320.38749898,60654984.24999936,65122897.00833177,320.8092148900872,332.05367643570565,21.243890894622254,0.06621970289070607,299.8284793428814,335.1793630601833,316.9604705810128,333.8677072313445,3.131262667301683,3.0115617955275695,0.22130778475766813,0.07067685092939734,2.983482237437203,3.3352402655927764,2.995198953036178,3.1604439227351895,0.26093855560847357,0.2509634829606308,0.018442315396472352,0.07067685092939736,0.2486235197864336,0.27793668879939804,0.2495999127530148,0.2633703268945991,98304.0,196608.0
libVentra_deque_concurrent_deque_benchmark.json,deque,new/delete,ConcurrentSteadyPushBackPopFront,operations_per_thread,8192.0,16,30,30,5069825.257519096,5034562.449706126,167778.6642819112,0.03309357931677771,4948686.162838723,5220929.821044162,5000604.617187321,5165102.175291203,81117204.12030554,80552999.19529802,2684458.628510579,0.03309357931677771,79178978.60541956,83534877.13670659,80009673.87499714,82641634.80465925,62859996.668750785,62831066.343751535,2228597.8975945315,0.035453356915343605,61378960.1210955,64766476.85547143,61698271.601562805,64071462.52343726,309.4375767528745,307.28530576819617,10.240396989862745,0.03309357931677771,302.0438331810743,318.66026739771496,305.2126841544996,315.25281831611346,3.2350879328697264,3.254316819457823,0.10691409929729134,0.033048282308188084,3.138140808625879,3.3107989071341564,3.172082202898751,3.2764066786685584,0.2021929958043579,0.20339480121611395,0.006682131206080709,0.033048282308188084,0.19613380053911744,0.20692493169588477,0.19825513768117195,0.2047754174167849,131072.0,262144.0
libVentra_deque_concurrent_deque_benchmark.json,deque,new/delete,ConcurrentSteadyPushBackPopFront,operations_per_thread,8192.0,24,30,30,5041842.743711389,5077856.895543624,257662.9381422805,0.05110491366746007,4812415.344908193,5220610.9249141,4954374.906539798,5197053.966433885,121004225.84907332,121868565.49304695,6183910.5154147325,0.051104913667460075,115497968.27779661,125294662.1979384,118904997.75695516,124729295.19441323,66482718.536110714,66522263.833332725,2373395.3887959043,0.03569943349273198,64471263.11458364,68334758.68055312,64877010.50000021,67177914.72916707,307.7296596503533,309.92778903464495,15.726497689348175,0.05110491366746007,293.7265225163692,318.6408035225891,302.3910465417357,317.2030008809744,3.2579370561181675,3.2265807278561356,0.16889480536375662,0.05184102775914118,3.1383304095681797,3.404533301500705,3.152583668393049,3.307336493207151,0.13574737733825695,0.13444086366067232,0.007037283556823189,0.051841027759141164,0.13076376706534082,0.14185555422919605,0.13135765284971038,0.13780568721696462,196608.0,393216.0
libVentra_deque_concurrent_deque_benchmark.json,deque,new/delete,ConcurrentSteadyPushBackPopFront,operations_per_thread,8192.0,32,30,30,5209865.000824671,5250113.600260657,206982.45266459495,0.03972894741645544,5102322.648111427,5345253.192219865,5168523.4069018075,5316985.891276863,166715680.02638948,168003635.20834103,6623438.485267038,0.03972894741645544,163274324.73956567,171048102.15103567,165392749.02085784,170143548.52085963,68573987.07951407,69176760.05208352,1839203.7038530996,0.02682071995785333,67876092.08593647,69775531.43750176,68534904.5833336,69650189.54166707,317.9849243667402,320.4415039221592,12.633206339391776,0.039728947416455426,311.4210600653948,326.2483637829507,315.46163372203415,324.5230646531289,3.149841837761744,3.1207008821280304,0.13153339067232495,0.04175872867502188,3.0651494744785284,3.2110940622362616,3.0814853849042545,3.1699576264491327,0.0984325574300545,0.09752190256650095,0.0041104184585101546,0.04175872867502188,0.09578592107745401,0.10034668944488317,0.09629641827825795,0.0990611758265354,262144.0,524288.0
libVentra_deque_concurrent_deque_benchmark.json,deque,new/delete,ConcurrentSteadyPushBackPopFront,operations_per_thread,8192.0,48,30,30,5155398.583680514,5141065.482313658,258149.4800979061,0.05007362203090986,4982568.634439873,5361578.695258059,5048693.292426422,5311343.873155078,247459132.0166647,246771143.1510556,12391175.044699492,0.050073622030909856,239163294.45311388,257355777.37238678,242337278.03646827,254944505.91144377,68984660.42083323,69732553.81249958,3438448.409053818,0.0498436665206141,67750408.20312524,71632362.64583223,68425237.69791627,71479979.68229216,314.6605580859689,313.7857350044957,15.756193853631963,0.050073622030909856,304.11185512938675,327.24479341174674,308.1477839615736,324.1787031955004,3.1858574633989374,3.1868951226270514,0.16196338714768785,0.05083824025664094,3.0558483273924044,3.2883664136424144,3.0847544026649265,3.2452084738696083,0.06637203048747788,0.06639364838806358,0.003374237232243498,0.050838240256640944,0.06366350682067509,0.0685076336175503,0.06426571672218598,0.0676085098722835,393216.0,786432.0
libVentra_deque_concurrent_deque_benchmark.json,deque,new/delete,ConcurrentSteadyPushBackPopFront,operations_per_thread,8192.0,64,30,30,4858312.196126277,4904846.377318473,337637.35328763135,0.06949684163089455,4714627.385742743,5018996.147155952,4790867.729859149,4978159.621215839,310931980.5520817,313910168.14838225,21608790.610408407,0.06949684163089455,301736152.6875355,321215753.4179809,306615534.71098554,318602215.7578137,68407128.06197952,68046467.89843604,1709009.507636006,0.02498291561206278,66892356.62890775,70101394.92578161,67384846.66406384,69085278.98437504,296.52784400184794,299.36806502187943,20.60774861374703,0.06949684163089455,287.7580191493373,306.3352140598115,292.41136046503595,303.84275031834954,3.389079061102012,3.3403739759792312,0.2501477627770342,0.07380995198609935,3.2644045002823048,3.475202645635772,3.291206604419717,3.4198640309980677,0.05295436032971894,0.05219334337467549,0.0039085587933911595,0.07380995198609935,0.05100632031691101,0.054300041338058935,0.051425103194058075,0.05343537548434481,524288.0,1048576.0
libVentra_deque_concurrent_deque_benchmark.json,deque,new/delete,ConcurrentSteadyPushFrontPopBack,operations_per_thread,512.0,1,30,30,36446.48811657461,36204.173368529155,579.8061123034403,0.015908421970559198,36089.61170152662,36541.16423480002,36097.78394989484,36317.604434742214,36446.48811657461,36204.173368529155,579.8061123034403,0.015908421970559198,36089.61170152662,36541.16423480002,36097.78394989484,36317.604434742214,36359.14572610501,36117.40647978338,578.3441568559468,0.01590642863868799,36003.45240693885,36451.78619025939,36012.23184743371,36231.2134650701,35.592273551342394,35.355638055204246,0.5662169065463277,0.01590842197055918,35.24376142727209,35.68473069804689,35.25174213856918,35.46641058080294,28.102650035321563,28.284038372993727,0.43345206450538815,0.015423885788727838,28.023219505351577,28.373816327329994,28.195692312758176,28.367392356513697,28.102650035321563,28.284038372993727,0.43345206450538815,0.015423885788727838,28.023219505351577,28.373816327329994,28.195692312758176,28.367392356513697,512.0,1024.0
libVentra_deque_concurrent_deque_benchmark.json,deque,new/delete,ConcurrentSteadyPushFrontPopBack,operations_per_thread,512.0,2,30,30,88760.7751149117,89261.61772214202,1604.4365356731591,0.018075963550295945,87924.72615542359,90047.06629850258,88495.68667009182,89789.66930539103,177521.5502298234,178523.23544428404,3208.8730713463183,0.018075963550295945,175849.45231084718,180094.13259700517,176991.37334018364,179579.33861078206,176729.70525196087,178070.59754851786,3725.6283268658526,0.021080940080527383,174552.90755871288,179657.18501019818,176566.08950458415,179135.55503066682,86.68044444815595,87.16954855677932,1.5668325543683181,0.01807596355029593,85.86399038615586,87.93658818213143,86.42156901376156,87.68522393104593,11.540328340457863,11.471898179275389,0.21182087578681227,0.018354839614416748,11.37183681853481,11.646384855193276,11.404434639846485,11.571193107107844,5.770164170228932,5.735949089637694,0.10591043789340614,0.018354839614416748,5.685918409267405,5.823192427596638,5.702217319923243,5.785596553553922,1024.0,2048.0
libVentra_deque_concurrent_deque_benchmark.json,deque,new/delete,ConcurrentSteadyPushFrontPopBack,operations_per_thread,512.0,4,30,30,187905.0502609353,186173.03503398254,6402.209597230754,0.03407151424796882,184098.1720707019,195617.7113453908,185320.9052061314,191228.47436060198,751620.2010437412,744692.1401359302,25608.838388923017,0.03407151424796882,736392.6882828076,782470.8453815632,741283.6208245256,764913.8974424079,748874.9383785576,741983.9702504983,25924.218368818456,0.03461755366650248,732342.812369532,779138.9131002435,737161.7181628721,762498.7716597291,183.50102564544463,181.80960452537357,6.252157809795658,0.034071514247968816,179.78337116279482,191.0329212357332,180.9774464903627,186.74655699277537,5.455631668098959,5.500262868651516,0.18438297635061388,0.03379681539513884,5.23470549310785,5.562273996089589,5.357228434723872,5.525551355066353,1.3639079170247397,1.375065717162879,0.04609574408765347,0.03379681539513884,1.3086763732769624,1.3905684990223972,1.339307108680968,1.3813878387665883,2048.0,4096.0
libVentra_deque_concurrent_deque_benchmark.json,deque,new/delete,ConcurrentSteadyPushFrontPopBack,operations_per_thread,512.0,8,30,30,221768.83240173658,221323.2506040771,6394.6434528964965,0.02883472570804058,216756.73975108517,227087.25837625205,218223.6788015919,225620.80247251882,1774150.6592138926,1770586.0048326168,51157.14762317197,0.02883472570804058,1734053.9180086814,1816698.0670100164,1745789.430412735,1804966.4197801505,1766749.377942433,1762790.796713953,50615.14094977339,0.028648738514751925,1727581.8843427317,1810946.2611146376,1737215.4326675376,1795764.2960696295,216.57112539232088,216.135986918044,6.244768996969236,0.028834725708040583,211.67650366316914,221.76490075805864,213.10906132967958,220.33281491456916,4.621146312765109,4.626935282835273,0.13372125535275384,0.028936814872831926,4.509293981515476,4.724203224501359,4.538589804282822,4.692436247110828,0.5776432890956387,0.5783669103544091,0.01671515691909423,0.028936814872831926,0.5636617476894344,0.5905254030626699,0.5673237255353527,0.5865545308888535,4096.0,8192.0
libVentra_deque_concurrent_deque_benchmark.json,deque,new/delete,ConcurrentSteadyPushFrontPopBack,operations_per_thread,512.0,12,30,30,348178.7626274896,351137.12132648786,9664.14919456719,0.027756285655212966,340463.20877361926,354669.8439765526,341969.217215169,354342.92172405694,4178145.1515298756,4213645.455917855,115969.79033480624,0.027756285655212955,4085558.505283431,4256038.127718631,4103630.6065820283,4252115.060688684,4116859.417673098,4142038.125000027,138195.1411285449,0.03356809818068905,4006948.5532910186,4223171.314311614,4032737.321859805,4211350.363828449,340.01832287840784,342.9073450453983,9.437645697819526,0.02775628565521298,332.48360231798756,346.35726950835215,333.9543136866885,346.03800949614936,2.9432195436173356,2.916257933727465,0.08208129592618262,0.027888268173600596,2.8871924407315155,3.0076733505445565,2.8898559551053795,2.994424737448481,0.24526829530144456,0.2430214944772887,0.0068401079938485545,0.027888268173600617,0.24059937006095963,0.250639445878713,0.24082132959211497,0.2495353947873734,6144.0,12288.0
libVentra_deque_concurrent_deque_benchmark.json,deque,new/delete,ConcurrentSteadyPushFrontPopBack,operations_per_thread,512.0,16,30,30,313875.1815913412,311817.50900021684,9887.258187972393,0.03150060523372438,306521.15723980934,319854.7768158152,308773.4137194095,317069.64582447964,5022002.905461459,4989080.1440034695,158196.1310075583,0.03150060523372438,4904338.515836949,5117676.429053043,4940374.619510552,5073114.333191674,3898976.740146402,3870523.5485642212,130955.88524581623,0.03358724454480819,3810539.797930675,3978827.628589624,3833202.369932498,3955718.458614922,306.51873202279415,304.50928613302426,9.655525574191788,0.031500605233724374,299.3370676170013,312.35818048419446,301.53653683536083,309.6383260004684,3.265517753753504,3.2839724384683793,0.10103586097469568,0.03094022712280814,3.201455394552936,3.3407307179027863,3.22957438213858,3.3163536339363087,0.204094859609594,0.2052482774042737,0.00631474131091848,0.03094022712280814,0.2000909621595585,0.20879566986892414,0.20184839888366124,0.2072721021210193,8192.0,16384.0
libVentra_deque_concurrent_deque_benchmark.json,deque,new/delete,ConcurrentSteadyPushFrontPopBack,operations_per_thread,512.0,24,30,30,312451.81000888627,309609.9510053201,18963.80436677496,0.060693533400352585,303341.4021419356,324082.03468168573,305645.8568314232,317098.07669174817,7498843.44021327,7430638.824127683,455131.3048025991,0.0606935334003526,7280193.651406455,7777968.832360458,7335500.563954156,7610353.8406019565,4129178.7336240364,4145707.2088178056,125503.63345262787,0.030394333001535562,4084382.232315752,4207954.135174528,4098050.2151163747,4203734.643895349,305.128720711803,302.35346777863293,18.519340201928667,0.06069353340035257,296.231838029234,316.4863619938337,298.4822820619367,309.66609051928526,3.289760349742632,3.307389252207943,0.21393306354619107,0.06502998419411544,3.1596956637204263,3.3757352833964123,3.229284840874686,3.3502851164376266,0.13707334790594303,0.1378078855086643,0.008913877647757962,0.06502998419411544,0.1316539859883511,0.14065563680818383,0.13455353503644527,0.1395952131849011,12288.0,24576.0
libVentra_deque_concurrent_deque_benchmark.json,deque,new/delete,ConcurrentSteadyPushFrontPopBack,operations_per_thread,512.0,32,30,30,324838.0555290914,332116.9315400444,22998.317078967193,0.07079933119753434,314208.79504399677,338643.35416186776,323644.4535989774,335836.77289180073,10394817.776930925,10627741.80928142,735946.1465269502,0.07079933119753434,10054681.441407897,10836587.333179768,10356622.515167277,10746776.732537623,4369803.829718132,4399236.90624994,128282.3354389264,0.029356543322724186,4329195.884880554,4458085.369944964,4350194.499540526,4438559.463235317,317.22466360262837,324.3329409570746,22.4592940224289,0.07079933119753433,306.8445264101531,330.7064005486989,316.0590367177514,327.96559852714915,3.168849612146189,3.083257833514068,0.24203317827728796,0.07637887811071112,3.023834053798911,3.259802361975907,3.049224618189969,3.1639661212215198,0.09902655037956841,0.09635180729731463,0.007563536821165249,0.07637887811071112,0.09449481418121597,0.1018688238117471,0.09528826931843654,0.09887394128817249,16384.0,32768.0
libVentra_deque_concurrent_deque_benchmark.json,deque,new/delete,ConcurrentSteadyPushFrontPopBack,operations_per_thread,512.0,48,30,30,311985.93978391454,316646.5157434088,19665.958994280874,0.06303476050203342,309538.16304652835,326277.5414990055,311421.2580294869,321994.54695390305,14975325.109627895,15199032.755683623,943966.031725482,0.06303476050203344,14857831.82623336,15661321.991952265,14948220.385415372,15455738.253787344,4317636.364488658,4325616.558238566,69067.49397055013,0.015996598170844308,4273119.77698868,4375160.0215435885,4280124.218750146,4362649.582859952,304.67376932022904,309.2251130306727,19.205038080352427,0.06303476050203347,302.28336235012534,318.6304116201226,304.1223222944208,314.44779975967094,3.2959556774699212,3.233890024142284,0.22632293766195194,0.06866686321330769,3.138443275035361,3.3081546948995135,3.180346256011557,3.288174983444109,0.06866574328062337,0.06737270883629758,0.004715061201290665,0.06866686321330767,0.06538423489657001,0.0689198894770732,0.06625721366690743,0.06850364548841895,24576.0,49152.0
libVentra_deque_concurrent_deque_benchmark.json,deque,new/delete,ConcurrentSteadyPushFrontPopBack,operations_per_thread,512.0,64,30,30,309728.7821375232,312836.04587695847,18158.811952474847,0.05862810626495837,301393.7237979883,317464.5568021919,304914.3819508526,316175.92585302517,19822642.056801483,20021506.93612534,1162163.9649583902,0.05862810626495837,19289198.323071253,20317731.63534028,19514520.444854565,20235259.25459361,4317318.67509192,4317793.829044128,140507.53010372457,0.032545091219316355,4212165.3940717215,4380098.660156349,4241087.327665437,4364454.901194903,302.4695138061749,305.5039510517172,17.733214797338714,0.05862810626495837,294.32980839647297,310.0239812521405,297.76795112387947,308.7655525908449,3.3180286954075466,3.2732831239239157,0.21130756010617566,0.06368466927324785,3.225559606994168,3.397566103432177,3.2387078412724026,3.358319779632608,0.051844198365742916,0.05114504881131118,0.0033016806266589946,0.06368466927324785,0.05039936885928387,0.053086970366127764,0.05060481001988129,0.0524737465567595,32768.0,65536.0
libVentra_deque_concurrent_deque_benchmark.json,deque,new/delete,ConcurrentSteadyPushFrontPopBack,operations_per_thread,2048.0,1,30,30,148333.93637890014,148592.16282464983,2243.169989766809,0.015122432833150987,146971.7050503798,149627.96427095827,147520.69446773175,149216.94803012436,148333.93637890014,148592.16282464983,2243.169989766809,0.015122432833150987,146971.7050503798,149627.96427095827,147520.69446773175,149216.94803012436,146111.09938530752,145946.38243923744,1647.7585607089454,0.01127743592130304,144906.71081309178,147066.15632859574,145149.2196144297,146524.08759425007,36.214339936254916,36.277383502111775,0.5476489232829123,0.015122432833150984,35.88176392831538,36.53026471458942,36.01579454778607,36.42991895266708,27.619488143709088,27.565386079991086,0.41854067928635685,0.015153817373754923,27.374587222334412,27.869320496350138,27.44999643909957,27.76561739378071,27.619488143709088,27.565386079991086,0.41854067928635685,0.015153817373754923,27.374587222334412,27.869320496350138,27.44999643909957,27.76561739378071,2048.0,4096.0
libVentra_deque_concurrent_deque_benchmark.json,deque,new/delete,ConcurrentSteadyPushFrontPopBack,operations_per_thread,2048.0,2,30,30,343040.8434775537,342113.7055290466,7158.327913179657,0.020867275863167153,336339.6137015247,348527.86346146575,337098.28413464036,347158.44374991674,686081.6869551074,684227.4110580932,14316.655826359314,0.020867275863167153,672679.2274030494,697055.7269229315,674196.5682692807,694316.8874998335,680496.6146154212,682054.5153846992,15145.215496806417,0.022256121737454417,665540.8985577571,689618.4800479684,667097.7975961299,687020.5028846221,83.75020592713713,83.52385388892739,1.747638650678626,0.020867275863167136,82.1141635013488,85.08981041539691,82.2993857750587,84.75547943113202,11.945208335653291,11.972645908416563,0.24495160135035823,0.020506264475877112,11.752288750894133,12.178170407418554,11.798741766353206,12.15076136839771,5.9726041678266455,5.986322954208282,0.12247580067517912,0.020506264475877112,5.876144375447066,6.089085203709277,5.899370883176603,6.075380684198855,4096.0,8192.0
libVentra_deque_concurrent_deque_benchmark.json,deque,new/delete,ConcurrentSteadyPushFrontPopBack,operations_per_thread,2048.0,4,30,30,706676.3133546539,704369.346687986,9623.94635547063,0.01361860610522648,699624.4110583472,709313.2597487606,701866.543803372,705142.1287189118,2826705.2534186156,2817477.386751944,38495.78542188252,0.01361860610522648,2798497.644233389,2837253.0389950424,2807466.175213488,2820568.514875647,2817239.581267775,2805687.908119837,39320.78039972381,0.013957201461023494,2790208.47275628,2831067.976495495,2793351.517093902,2814015.0566236987,172.52839681510105,171.9651725312466,2.3495962781910693,0.013618606105226465,170.8067409810418,173.17218255584976,171.3541366707451,172.15384001926557,5.79717157957423,5.815131018140784,0.07781279377935062,0.013422544548020008,5.774618650918407,5.854575923607385,5.808759754837873,5.835879358029045,1.4492928948935575,1.453782754535196,0.019453198444837654,0.013422544548020008,1.4436546627296019,1.4636439809018462,1.4521899387094683,1.4589698395072612,8192.0,16384.0
libVentra_deque_concurrent_deque_benchmark.json,deque,new/delete,ConcurrentSteadyPushFrontPopBack,operations_per_thread,2048.0,8,30,30,895592.0087083674,896681.1482814308,6687.515205977564,0.007467144794673159,891177.0544535357,900776.3948438452,893220.1223433367,898620.9579684612,7164736.069666939,7173449.186251447,53500.12164782051,0.007467144794673159,7129416.435628286,7206211.158750761,7145760.978746694,7188967.66374769,7136300.925916625,7143242.566249899,53670.303439794974,0.007520745551085525,7097705.9837498255,7180208.538749875,7122361.0824998915,7157237.481250056,218.65039275106625,218.9162959671462,1.6326941420843644,0.00746714479467315,217.57252305994527,219.91611202242314,218.0713189314787,219.38988231651885,4.573758233201792,4.5679560157481,0.03423707482241923,0.007485545382326007,4.547192324344226,4.596170782059358,4.558095646425995,4.585656391864527,0.571719779150224,0.5709945019685125,0.004279634352802404,0.007485545382326007,0.5683990405430283,0.5745213477574197,0.5697619558032494,0.5732070489830658,16384.0,32768.0
libVentra_deque_concurrent_deque_benchmark.json,deque,new/delete,ConcurrentSteadyPushFrontPopBack,operations_per_thread,2048.0,12,30,30,1342806.852061412,1378496.1049934519,78217.76054720559,0.05824944996901786,1282330.23321742,1406708.8806222852,1308117.5770505778,1405601.8940147813,16113682.224736948,16541953.259921424,938613.126566467,0.05824944996901785,15387962.798609043,16880506.56746742,15697410.924606934,16867222.728177376,15796752.979497196,16169373.728174355,1100579.2988451407,0.06967123561871205,15045261.69444415,16743887.83730118,15290238.563491724,16678471.001984004,327.8337041165557,336.546900633167,19.096132946095125,0.05824944996901789,313.0689045940967,343.4347853081751,319.36464283461373,343.1645249059525,3.060779425709128,2.971531412370644,0.18589375746287579,0.06073412409318176,2.911761082233765,3.1942285118245852,2.914054274563687,3.131782165555969,0.2550649521424274,0.24762761769755365,0.015491146455239647,0.060734124093181734,0.24264675685281376,0.26618570931871544,0.2428378562136406,0.2609818471296641,24576.0,49152.0
libVentra_deque_concurrent_deque_benchmark.json,deque,new/delete,ConcurrentSteadyPushFrontPopBack,operations_per_thread,2048.0,16,30,30,1265608.3476779507,1258172.658962763,42600.540642026455,0.0336601293126637,1237243.377604052,1281500.5772570665,1247696.9726557108,1274591.632052729,20249733.562847212,20130762.543404207,681608.6502724233,0.0336601293126637,19795894.04166483,20504009.236113064,19963151.562491372,20393466.112843663,15715552.621875016,15588669.508680865,565544.2125649116,0.03598627589956405,15381095.379340436,15946218.407985855,15516762.725694664,15844440.579861086,308.9864130073122,307.1710593170808,10.40052261768224,0.0336601293126637,302.06137148536425,312.866351869401,304.6135187147732,311.17959766912327,3.239885378821423,3.2555157100059597,0.10756926344942923,0.033201564522186845,3.1962642461630772,3.310590524165831,3.213586187930132,3.282848391690575,0.20249283617633893,0.20346973187537248,0.006723078965589327,0.033201564522186845,0.19976651538519233,0.20691190776036444,0.20084913674563326,0.20517802448066094,32768.0,65536.0
libVentra_deque_concurrent_deque_benchmark.json,deque,new/delete,ConcurrentSteadyPushFrontPopBack,operations_per_thread,2048.0,24,30,30,1274307.9357416576,1289957.3301279484,88429.12621252694,0.06939384408766196,1240365.376302024,1324136.9905517558,1252939.0257077976,1315318.6627270514,30583390.45779979,30958975.923070762,2122299.029100647,0.06939384408766197,29768769.031248573,31779287.773242135,30070536.616987146,31567647.905449234,16618722.227884468,16940373.035256125,1218172.7199486857,0.07330122636653257,16618686.70352548,17146840.330929182,16713017.985577181,17077931.147435945,311.11033587442813,314.93098880076866,21.589142141730214,0.06939384408766197,302.8235781987363,323.2756324589247,305.8933168231928,321.12272039234654,3.2316218384368454,3.175302036827776,0.2605477649776397,0.08062445979250722,3.0933516056003105,3.3022560122919433,3.1140832051960174,3.2691944514517894,0.13465090993486853,0.13230425153449066,0.010856156874068323,0.08062445979250725,0.12888965023334628,0.1375940005121643,0.1297534668831674,0.1362164354771579,49152.0,98304.0
libVentra_deque_concurrent_deque_benchmark.json,deque,new/delete,ConcurrentSteadyPushFrontPopBack,operations_per_thread,2048.0,32,30,30,1276189.151602306,1289893.453504535,62097.71975593711,0.04865871150680992,1243837.7592230616,1318766.7414009674,1252531.4097223808,1308107.017741052,40838052.85127379,41276590.51214512,1987127.0321899876,0.04865871150680992,39802808.29513797,42200535.724830955,40081005.111116186,41859424.56771366,16984024.258564826,16829536.737847093,462604.6183770141,0.027237632926938888,16643972.56163204,17454518.034722444,16748791.85763887,17228101.66145847,311.5696170904067,314.91539392200565,15.160576112289332,0.048658711506809914,303.6713279353178,321.96453647484554,305.7938012017531,319.3620648781866,3.2172086552850687,3.1756495624539838,0.16314705963767476,0.050710748701258454,3.1059503212968522,3.293036204131876,3.1312906291676734,3.270181589173289,0.1005377704776584,0.09923904882668699,0.005098345613677336,0.050710748701258454,0.09706094754052663,0.10290738137912113,0.0978528321614898,0.10219317466166528,65536.0,131072.0
libVentra_deque_concurrent_deque_benchmark.json,deque,new/delete,ConcurrentSteadyPushFrontPopBack,operations_per_thread,2048.0,48,30,30,1252961.0146966234,1255192.0018445365,81423.7995955889,0.06498510220232499,1205591.314271892,1303214.1988751683,1227608.483941018,1292643.1583477121,60142128.705437906,60249216.088537745,3908342.380588267,0.064985102202325,57868383.08505082,62554281.54600809,58925207.22916888,62046871.600690186,17092541.520138886,17055522.633680716,451883.01263626677,0.026437438347237375,16825577.07899302,17508376.601562202,16847232.168402657,17332650.4479172,305.89868522866783,306.4433598253263,19.878857323141826,0.064985102202325,294.3338169609111,318.16752902225795,299.7091025246626,315.58670858098446,3.2829511683624397,3.2633010684913666,0.2220912776814542,0.06764988764430357,3.142998411749417,3.3975160414299457,3.168718344520956,3.3365717473062553,0.06839481600755083,0.06798543892690348,0.004626901618363629,0.06764988764430356,0.06547913357811286,0.07078158419645719,0.06601496551085324,0.06951191140221366,98304.0,196608.0
libVentra_deque_concurrent_deque_benchmark.json,deque,new/delete,ConcurrentSteadyPushFrontPopBack,operations_per_thread,2048.0,64,30,30,1221190.3710969866,1243742.923828184,81593.08205199675,0.06681438372192722,1184357.9892455102,1271639.2742554871,1206646.6739501627,1267607.2724118638,78156183.75020714,79599547.12500377,5221957.251327792,0.06681438372192722,75798911.31171265,81384913.55235118,77225387.13281041,81126865.43435928,16937998.910416648,16953565.848437257,203037.41401944656,0.011987095706717823,16813727.782031015,17060471.367968652,16878966.021874875,17036151.606249817,298.1421804436002,303.64817476274015,19.920186047850766,0.06681438372192722,289.14989971814214,310.45880719128104,294.5914731323639,309.4744317411777,3.3697433767016327,3.29333376353917,0.24298244271233072,0.07210710595718017,3.221040169356748,3.458431716654208,3.2312847126732667,3.3945789268167417,0.05265224026096301,0.051458340055299534,0.0037966006673801674,0.07210710595718017,0.05032875264619919,0.054037995572722,0.05048882363551979,0.05304029573151159,131072.0,262144.0
libVentra_deque_concurrent_deque_benchmark.json,deque,new/delete,ConcurrentSteadyPushFrontPopBack,operations_per_thread,8192.0,1,30,30,592112.2602498777,591768.76405433,5832.604107325659,0.00985050386368328,589767.9318562334,593304.458261953,590830.0945482015,592562.8637130244,592112.2602498777,591768.76405433,5832.604107325659,0.00985050386368328,589767.9318562334,593304.458261953,590830.0945482015,592562.8637130244,581665.9277115315,580619.8432706983,4849.870077052639,0.008337896111834591,578826.39395224,582501.6337308863,579833.4471891979,581624.3356047282,36.13966432189195,36.11869897792541,0.35599390303501477,0.009850503863683318,35.99657787208456,36.2124303138399,36.06140713795175,36.1671669746719,27.6729930575205,27.686490144195574,0.2693928246178315,0.009734864026376808,27.614828345976854,27.7804249612006,27.64940827662998,27.730476717636865,27.6729930575205,27.686490144195574,0.2693928246178315,0.009734864026376808,27.614828345976854,27.7804249612006,27.64940827662998,27.730476717636865,8192.0,16384.0
libVentra_deque_concurrent_deque_benchmark.json,deque,new/delete,ConcurrentSteadyPushFrontPopBack,operations_per_thread,8192.0,2,30,30,1431381.437674984,1423531.2478978597,40988.524221570166,0.028635640467818618,1408206.9732139376,1440265.9485284393,1413786.702730876,1434237.0493695012,2862762.875349968,2847062.4957957193,81977.04844314033,0.028635640467818618,2816413.946427875,2880531.8970568785,2827573.405461752,2868474.0987390024,2851265.067086818,2839030.7142855413,86583.96019565038,0.030366857573194538,2809277.8476888426,2873314.881302034,2820792.310924963,2859019.449579723,87.36458970184228,86.88545214220336,2.5017409803204456,0.02863564046781863,85.95013264245225,87.90685720998775,86.2906923053513,87.53888240780648,11.455229833790769,11.509410380133337,0.32328774321066434,0.02822184695561729,11.375697831885821,11.634669262080314,11.42349876656429,11.588768806201866,5.7276149168953845,5.754705190066669,0.16164387160533217,0.02822184695561729,5.687848915942911,5.817334631040157,5.711749383282145,5.794384403100933,16384.0,32768.0
libVentra_deque_concurrent_deque_benchmark.json,deque,new/delete,ConcurrentSteadyPushFrontPopBack,operations_per_thread,8192.0,4,30,30,3146587.5446430338,3142093.2354911156,16609.70253839797,0.005278639892500518,3135723.3973230743,3155498.15513145,3139983.4107160373,3148207.7031240254,12586350.178572135,12568372.941964462,66438.81015359188,0.005278639892500518,12542893.589292297,12621992.6205258,12559933.642864149,12592830.812496101,12521547.90238093,12508661.361606758,75494.58759727905,0.006029173724034871,12481891.598213743,12549718.874998938,12488159.20089399,12531994.651784949,192.05246244159136,191.7781515802683,1.0137757896971413,0.005278639892500517,191.38936751239467,192.59632294503479,191.64937809546126,192.1513490676285,5.207050222539239,5.214358319558272,0.02736554749464545,0.0052554798446519555,5.192208189412261,5.22495148847778,5.204230960918446,5.217861964136754,1.3017625556348098,1.303589579889568,0.0068413868736613625,0.0052554798446519555,1.2980520473530652,1.306237872119445,1.3010577402296115,1.3044654910341884,32768.0,65536.0
libVentra_deque_concurrent_deque_benchmark.json,deque,new/delete,ConcurrentSteadyPushFrontPopBack,operations_per_thread,8192.0,8,30,30,3703160.4815703863,3702694.2067321595,57227.24885011667,0.015453623772159211,3671685.7313714093,3721026.7022229116,3684967.0618983926,3707524.4429079117,29625283.85256309,29621553.653857276,457817.9908009334,0.015453623772159211,29373485.850971274,29768213.617783293,29479736.49518714,29660195.543263294,29505873.41602565,29486172.88461559,453363.90741247253,0.015365208852493588,29242192.824519895,29633593.451922785,29363745.99519325,29536824.216347016,226.02297861147377,225.9945194538671,3.4928740753245053,0.015453623772159216,224.10191231514952,227.1134461805976,224.91254039907184,226.2893336735786,4.425329057225908,4.42488669615296,0.06697276950936143,0.015133963744459815,4.403089817835234,4.462257810295659,4.419122690520123,4.44617511370169,0.5531661321532385,0.55311083701912,0.008371596188670179,0.015133963744459815,0.5503862272294042,0.5577822262869574,0.5523903363150153,0.5557718892127113,65536.0,131072.0
libVentra_deque_concurrent_deque_benchmark.json,deque,new/delete,ConcurrentSteadyPushFrontPopBack,operations_per_thread,8192.0,12,30,30,5640873.173710406,5804747.088790109,259697.6810583483,0.046038560531494195,5449344.69196406,5828023.4258442465,5550752.501983696,5815002.14434437,67690478.08452487,69656965.06548132,3116372.17270018,0.04603856053149421,65392136.30356871,69936281.11013095,66609030.02380435,69780025.73213243,66647034.68849209,68520037.61904755,3584801.181393577,0.05378785715146848,64192596.91666809,69286481.57737966,65477280.17857137,69161618.13095339,344.291575543848,354.29364555603695,15.850688541158947,0.046038560531494174,332.6016047341345,355.7143204250638,338.79104626365324,354.9195644741436,2.910766285635536,2.8225174933485278,0.14060297635472527,0.04830445407059745,2.8112451226298445,3.006684194363151,2.817540073528045,2.951699040401053,0.2425638571362946,0.2352097911123773,0.011716914696227109,0.04830445407059747,0.23427042688582034,0.2505570161969292,0.23479500612733706,0.24597492003342109,98304.0,196608.0
libVentra_deque_concurrent_deque_benchmark.json,deque,new/delete,ConcurrentSteadyPushFrontPopBack,operations_per_thread,8192.0,16,30,30,5097586.881041873,5104433.04453112,156786.87268417087,0.03075707709215657,4940178.462694788,5212939.554688845,5021986.846092475,5195044.282423211,81561390.09666997,81670928.71249792,2508589.962946734,0.03075707709215657,79042855.40311661,83407032.87502152,80351789.5374796,83120708.51877138,63046711.4095836,62976194.862500876,1961595.3239383304,0.03111336467963898,61202455.68125076,64653190.72187294,62016935.59999871,64440216.925001055,311.13201178234084,311.5498684406201,9.569511272227226,0.030757077092156578,301.5245643734612,318.172580242239,306.5177518366989,317.0803395033698,3.217014193675877,3.2098090427097117,0.09907254863021028,0.030796428820541323,3.142949912141146,3.3165095648686185,3.15378436630253,3.262567397313411,0.2010633871047423,0.20061306516935698,0.006192034289388143,0.030796428820541323,0.19643436950882162,0.20728184780428865,0.19711152289390813,0.20391046233208818,131072.0,262144.0
libVentra_deque_concurrent_deque_benchmark.json,deque,new/delete,ConcurrentSteadyPushFrontPopBack,operations_per_thread,8192.0,24,30,30,5046549.8514271965,5028183.933448184,229517.10403596083,0.04548000332763025,4920314.073061017,5255169.523726162,4939630.6310766945,5196282.766783243,121117196.43425271,120676414.40275641,5508410.49686306,0.04548000332763025,118087537.75346442,126124068.56942786,118551135.14584066,124710786.40279782,66955383.620370336,66946414.79861124,1751674.2581035823,0.026161813485161743,66199153.017361864,67846449.45833206,66504105.45138813,67708375.4930552,308.01695870527317,306.8959920317495,14.008612306882378,0.04548000332763027,300.3121382483531,320.75009300086435,301.4911273850521,317.15593058979755,3.253195912796869,3.2584382381450085,0.15084706863501082,0.04636888545249743,3.117696268351963,3.3298713514272515,3.153061790234233,3.316853541413326,0.13554982969986953,0.1357682599227087,0.006285294526458785,0.046368885452497434,0.1299040111813318,0.13874463964280215,0.13137757459309302,0.1382022308922219,196608.0,393216.0
libVentra_deque_concurrent_deque_benchmark.json,deque,new/delete,ConcurrentSteadyPushFrontPopBack,operations_per_thread,8192.0,32,30,30,5143858.034277289,5196393.780028563,291645.2891652892,0.05669777183231794,5036892.651611224,5311060.082396568,5065227.080810253,5281529.186278888,164603457.09687325,166284600.96091402,9332649.253289254,0.05669777183231794,161180564.85155916,169953922.63669017,162087266.58592808,169008933.96092442,68883201.38072912,69193383.72656175,2315979.547479192,0.03362183378612705,67344750.476562,70611580.8242198,68190414.89062458,70243093.5156245,313.9561788499322,317.1627063005715,17.80061579377986,0.05669777183231794,307.42753000556786,324.16138198221245,309.15692631898514,322.3589591234673,3.195490122600948,3.1530749653901005,0.18903020001072585,0.059155307248099386,3.0848953357960873,3.2528028836432394,3.102140122861558,3.2346034970662445,0.09985906633127963,0.09853359266844064,0.005907193750335183,0.059155307248099386,0.09640297924362773,0.10165009011385123,0.09694187883942369,0.10108135928332014,262144.0,524288.0
libVentra_deque_concurrent_deque_benchmark.json,deque,new/delete,ConcurrentSteadyPushFrontPopBack,operations_per_thread,8192.0,48,30,30,4942112.712080489,4962941.6417092085,339428.73110422323,0.068680896385573,4765978.5549046695,5191378.249133392,4818697.459852453,5148109.354165579,237221410.17986348,238221198.802042,16292579.093002712,0.06868089638557298,228766970.63542414,249186155.9584028,231297478.07291776,247109248.9999478,68578659.03472258,68306933.906248,1275772.0789011815,0.018603047899423575,67853771.53125155,69437199.28645775,67995234.80208465,69058962.83333571,301.6426215869439,302.91391856135306,20.7170856386855,0.068680896385573,290.8922457827557,316.856582588708,294.10995238357265,314.21565882358266,3.3309315285597774,3.3012682652860814,0.2378351033106884,0.0714019790774634,3.1560072577948786,3.437715225185226,3.1825277420629545,3.4002247409788273,0.06939440684499537,0.06877642219346003,0.004954897985639342,0.07140197907746339,0.06575015120405997,0.07161906719135887,0.06630266129297822,0.0708380154370589,393216.0,786432.0
libVentra_deque_concurrent_deque_benchmark.json,deque,new/delete,ConcurrentSteadyPushFrontPopBack,operations_per_thread,8192.0,64,30,30,4933406.015087811,5035678.487182671,414551.7695444097,0.08402952610764006,4942244.478576107,5179871.298706062,4987352.571777625,5148487.4122322835,315737984.9656199,322283423.17969096,26531313.25084222,0.08402952610764006,316303646.62887084,331511763.117188,319190564.593768,329503194.38286614,68937889.89322911,68873342.94531322,1101860.057745865,0.015983373721656174,68288884.55859381,69739556.08203076,68378808.81250125,69683575.71093792,301.1112069755744,307.35342328995796,25.302232027857038,0.08402952610764006,301.65066397559247,316.1542540714149,304.4038434922867,314.2387336567556,3.346578793363642,3.2536509843226877,0.31547676378841777,0.09426844047838255,3.1630129506931537,3.3150942706325517,3.1822946673541543,3.285110490594901,0.052290293646306905,0.050838296630041996,0.004929324434194028,0.09426844047838255,0.049422077354580526,0.05179834797863362,0.04972335417740866,0.05132985141554533,524288.0,1048576.0
libVentra_deque_concurrent_deque_benchmark.json,deque,new/delete,ConstructDestroy,,,1,30,30,145660.19748168727,145570.78559568312,314.4819792766225,0.0021590110731255865,145466.7279991379,145808.76068903768,145498.9584889891,145708.54005814085,145660.19748168727,145570.78559568312,314.4819792766225,0.0021590110731255865,145466.7279991379,145808.76068903768,145498.9584889891,145708.54005814085,145168.48964992724,145102.31631382415,291.79953961445017,0.0020100749158314083,144981.30583231067,145263.8074927418,145021.9238273007,145203.18908262538,145660.1974816873,145570.78559568312,314.48197927662204,0.002159011073125583,145466.7279991379,145808.76068903768,145498.9584889891,145708.54005814088,0.006865324320840685,0.006869510224899504,1.4790725420901118e-05,0.0021544102987242322,0.006858299528790056,0.006874424267837539,0.006863015713498869,0.006872901439110067,0.006865324320840685,0.006869510224899504,1.4790725420901118e-05,0.0021544102987242322,0.006858299528790056,0.006874424267837539,0.006863015713498869,0.006872901439110067,1.0,1.0
libVentra_deque_concurrent_deque_benchmark.json,deque,new/delete,PushBackPopFront,operations,512.0,1,30,30,44641.57087159965,44593.24266582714,152.79102460771315,0.0034226175652998063,44527.89052933201,44715.4120216453,44553.23163266113,44682.66275511946,44641.57087159965,44593.24266582714,152.79102460771315,0.0034226175652998063,44527.89052933201,44715.4120216453,44553.23163266113,44682.66275511946,44522.38949404734,44470.24355867014,146.9978137001984,0.0033016604762386363,44421.113775507765,44588.070153065266,44437.07066325904,44564.60497449046,43.595284054296535,43.54808854084682,0.1492099849684715,0.003422617565299843,43.484268095050794,43.66739455238799,43.50901526627064,43.635412846796356,22.93851988354794,22.96312041723848,0.07827574304656744,0.0034124147261440653,22.900382066182946,22.996823035998688,22.917170228211297,22.983744307587052,22.93851988354794,22.96312041723848,0.07827574304656744,0.0034124147261440653,22.900382066182946,22.996823035998688,22.917170228211297,22.983744307587052,512.0,1024.0
libVentra_deque_concurrent_deque_benchmark.json,deque,new/delete,PushBackPopFront,operations,1024.0,1,30,30,89675.47703610614,89660.18038220328,401.23552508467424,0.0044743060014403304,89312.51649680414,89935.14178345536,89418.09184715607,89761.60063692911,89675.47703610614,89660.18038220328,401.23552508467424,0.0044743060014403304,89312.51649680414,89935.14178345536,89418.09184715607,89761.60063692911,89457.30312526894,89447.95668790542,392.856597845167,0.004391554228893327,89099.17254778046,89690.58318473127,89207.59312103117,89549.56815287122,43.7868540215362,43.779384952247696,0.19591578373275176,0.004474306001440346,43.609627195705144,43.91364344895281,43.661177659744176,43.82890656100055,22.8383446748149,22.841801623112175,0.10172285175848013,0.004454037856371242,22.771981104485995,22.930717880001364,22.815992821683032,22.903653652404362,22.8383446748149,22.841801623112175,0.10172285175848013,0.004454037856371242,22.771981104485995,22.930717880001364,22.815992821683032,22.903653652404362,1024.0,2048.0
libVentra_deque_concurrent_deque_benchmark.json,deque,new/delete,PushBackPopFront,operations,2048.0,1,30,30,178450.67230693199,178022.4738313133,794.4895644136116,0.0044521522622627254,177928.82024905088,178839.31046735303,177956.16895339632,178321.58028452305,178450.67230693199,178022.4738313133,794.4895644136116,0.0044521522622627254,177928.82024905088,178839.31046735303,177956.16895339632,178321.58028452305,177997.79827235467,177557.89100608762,766.8901694100309,0.004308425030272628,177494.71925813207,178378.31707315973,177523.8381605578,177850.33714430226,43.56705866868457,43.46251802522298,0.19396717881191697,0.004452152262262727,43.43965338111594,43.66194103206861,43.44633031088778,43.53554206165113,22.953559115002296,23.00833126542591,0.10163499534208664,0.004427853424947013,22.903302101499943,23.0204415300922,22.96973812878676,23.016903735604664,22.953559115002296,23.00833126542591,0.10163499534208664,0.004427853424947013,22.903302101499943,23.0204415300922,22.96973812878676,23.016903735604664,2048.0,4096.0
libVentra_deque_concurrent_deque_benchmark.json,deque,new/delete,PushBackPopFront,operations,4096.0,1,30,30,362196.32748301607,362265.6846940173,1024.5858022808798,0.002828813338337684,361455.85025511833,362791.8038264443,361690.8943879991,362575.5785712815,362196.32748301607,362265.6846940173,1024.5858022808798,0.002828813338337684,361455.85025511833,362791.8038264443,361690.8943879991,362575.5785712815,361071.59517007327,361173.41887756065,1029.5467222078112,0.0028513644827776337,360376.76045919757,361706.78010203305,360550.52551022044,361507.28826530155,44.21341888220411,44.22188533862516,0.12507150906748885,0.0028288133383376534,44.1230285955955,44.28610886553275,44.15172050634753,44.25971418106464,22.61774282112257,22.61323760853268,0.06399848018659078,0.002829569718461163,22.580445578456924,22.663902232510917,22.593910092206265,22.649175164956866,22.61774282112257,22.61323760853268,0.06399848018659078,0.002829569718461163,22.580445578456924,22.663902232510917,22.593910092206265,22.649175164956866,4096.0,8192.0
libVentra_deque_concurrent_deque_benchmark.json,deque,new/delete,PushBackPopFront,operations,8192.0,1,30,30,732865.4528521735,732053.1927839464,3161.385236147653,0.004313732109821988,730732.9458767199,735107.3463918436,731216.7319586356,734043.2092785273,732865.4528521735,732053.1927839464,3161.385236147653,0.004313732109821988,730732.9458767199,735107.3463918436,731216.7319586356,734043.2092785273,730482.9074914433,729663.6587628988,3127.246010205042,0.004281066645274891,728395.5675258823,732580.1948454259,728896.7886599081,731625.8865979686,44.730557425059416,44.68098100487954,0.19295564185471487,0.004313732109821982,44.600399528608385,44.86739174754904,44.62992748770969,44.80244197256636,22.356482212750922,22.380887292780805,0.0960296832489192,0.004295384324558408,22.287906027265144,22.421326041997396,22.32021427970022,22.40648954872562,22.356482212750922,22.380887292780805,0.0960296832489192,0.004295384324558408,22.287906027265144,22.421326041997396,22.32021427970022,22.40648954872562,8192.0,16384.0
libVentra_deque_concurrent_deque_benchmark.json,deque,new/delete,PushBackPopFront,operations,16384.0,1,30,30,1482344.296265556,1485309.3112037168,14938.948986233125,0.010077921184618551,1467396.4979251216,1495528.1462662204,1470892.0954361856,1490047.0414941232,1482344.296265556,1485309.3112037168,14938.948986233125,0.010077921184618551,1467396.4979251216,1495528.1462662204,1470892.0954361856,1490047.0414941232,1470530.7452282337,1469032.2676347778,9087.304247426733,0.00617960846919684,1462429.8112036875,1477864.7354771607,1466020.489626762,1474256.641078835,45.23755786943225,45.328042944449365,0.4559005427927578,0.010077921184618527,44.7813872657813,45.63989704181581,44.88806443591876,45.47262699872202,22.10769418820915,22.061398557728133,0.22259365040701345,0.010068605459800997,21.91073780558527,22.330738723236372,21.991252072469265,22.277638052374186,22.10769418820915,22.061398557728133,0.22259365040701345,0.010068605459800997,21.91073780558527,22.330738723236372,21.991252072469265,22.277638052374186,16384.0,32768.0
libVentra_deque_concurrent_deque_benchmark.json,deque,new/delete,PushBackPopFront,operations,32768.0,1,30,30,2935612.209444495,2933658.7208338943,12273.541389056347,0.004180913728853467,2928609.6833336237,2942715.102084511,2930699.4416685943,2940838.4833326787,2935612.209444495,2933658.7208338943,12273.541389056347,0.004180913728853467,2928609.6833336237,2942715.102084511,2930699.4416685943,2940838.4833326787,2925806.118333267,2924092.337500402,11965.770445849002,0.00408973457635173,2918846.387499485,2932951.106249959,2921286.216666867,2930857.3624997316,44.79388747321312,44.764079602567975,0.1872793791054741,0.004180913728853468,44.687037404382686,44.9022690137407,44.7189245860076,44.873634084055766,22.324851383933023,22.339340145187904,0.09324593745221843,0.0041767775224397065,22.27058978236039,22.377856080121155,22.284800897278004,22.361897361324267,22.324851383933023,22.339340145187904,0.09324593745221843,0.0041767775224397065,22.27058978236039,22.377856080121155,22.284800897278004,22.361897361324267,32768.0,65536.0
libVentra_deque_concurrent_deque_benchmark.json,deque,new/delete,PushBackPopFront,operations,49152.0,1,30,30,4371015.139506213,4373792.419755774,18721.0539860636,0.004282999117724055,4353605.635800042,4385805.524690775,4355110.858027111,4384192.283952062,4371015.139506213,4373792.419755774,18721.0539860636,0.004282999117724055,4353605.635800042,4385805.524690775,4355110.858027111,4384192.283952062,4357645.446502164,4360325.808642144,18747.470654574376,0.0043022019310044535,4340713.327160807,4372823.351851705,4341275.037037531,4371557.456789998,44.46426533514622,44.49251729080987,0.19044040920067978,0.0042829991177240605,44.28716670532269,44.614720913602454,44.30247861762605,44.59831018017641,22.490368706787713,22.47569654054135,0.09626545155738131,0.004280296726675179,22.414126595644902,22.57990475963507,22.42237433111508,22.572101147450454,22.490368706787713,22.47569654054135,0.09626545155738131,0.004280296726675179,22.414126595644902,22.57990475963507,22.42237433111508,22.572101147450454,49152.0,98304.0
libVentra_deque_concurrent_deque_benchmark.json,deque,new/delete,PushBackPopFront,operations,61440.0,1,30,30,5449232.93492122,5442534.682540806,18700.30237846075,0.0034317311448773848,5435572.234122201,5462788.694448107,5435795.142855365,5455011.833332503,5449232.93492122,5442534.682540806,18700.30237846075,0.0034317311448773848,5435572.234122201,5462788.694448107,5435795.142855365,5455011.833332503,5432994.639682626,5426439.380952406,18625.086692592682,0.003428143763764266,5418745.440476779,5445834.230159555,5419663.650794547,5438829.087301388,44.34597115007503,44.2914606326563,0.1521834503455445,0.003431731144877341,44.23480008237468,44.4562882035165,44.23661411828911,44.39299994573977,22.55021891447528,22.577715714823654,0.07720344775739127,0.0034236229834484384,22.494005695367992,22.606635457592176,22.526074006389074,22.605708414722717,22.55021891447528,22.577715714823654,0.07720344775739127,0.0034236229834484384,22.494005695367992,22.606635457592176,22.526074006389074,22.605708414722717,61440.0,122880.0
libVentra_deque_concurrent_deque_benchmark.json,deque,new/delete,PushFrontPopBack,operations,512.0,1,30,30,43773.63201362185,43620.973605588224,348.65448243952943,0.007964942966830629,43545.318444995995,43941.82663099028,43557.42797561374,43856.45219120517,43773.63201362185,43620.973605588224,348.65448243952943,0.007964942966830629,43545.318444995995,43941.82663099028,43557.42797561374,43856.45219120517,43668.03409279683,43513.70405877421,346.05070857991797,0.00792457722838043,43443.240102089636,43834.966882469846,43455.78716383778,43750.981884967085,42.74768751330259,42.59860703670724,0.34048289300735246,0.007964942966830618,42.5247250439414,42.91194006932645,42.536550757435286,42.8285665929738,23.394481953131017,23.474946796064614,0.18233010128530713,0.007793722538955596,23.303537551359888,23.515731128292988,23.348915499711374,23.50919346462088,23.394481953131017,23.474946796064614,0.18233010128530713,0.007793722538955596,23.303537551359888,23.515731128292988,23.348915499711374,23.50919346462088,512.0,1024.0
libVentra_deque_concurrent_deque_benchmark.json,deque,new/delete,PushFrontPopBack,operations,1024.0,1,30,30,87436.09535662657,87314.89791296501,305.86277727634933,0.0034981294170196354,87219.05814677694,87566.10271549298,87253.58913753871,87423.89238120202,87436.09535662657,87314.89791296501,305.86277727634933,0.0034981294170196354,87219.05814677694,87566.10271549298,87253.58913753871,87423.89238120202,87224.62478417189,87104.7958260112,304.04486766734635,0.0034857687083168685,87004.48604475579,87349.75678903032,87045.52250438699,87209.05582097043,42.69340593585282,42.63422749656495,0.14934705921696795,0.0034981294170196462,42.587430735730926,42.756886091549305,42.604291571063825,42.6874474517588,23.42309693474181,23.455333284096184,0.08163641549478663,0.0034852955491850935,23.38805555030715,23.481106606647394,23.42609067299319,23.47181384101102,23.42309693474181,23.455333284096184,0.08163641549478663,0.0034852955491850935,23.38805555030715,23.481106606647394,23.42609067299319,23.47181384101102,1024.0,2048.0
libVentra_deque_concurrent_deque_benchmark.json,deque,new/delete,PushFrontPopBack,operations,2048.0,1,30,30,175056.5215596896,174867.1321375342,521.3199725916284,0.0029780094334495967,174732.8936330147,175217.3273118209,174750.5649319304,174983.87417890303,175056.5215596896,174867.1321375342,521.3199725916284,0.0029780094334495967,174732.8936330147,175217.3273118209,174750.5649319304,174983.87417890303,174616.43464712385,174412.42950986634,514.4738294704343,0.0029463081783230555,174299.88567459895,174783.76339058793,174315.6076301022,174532.49671550933,42.738408583908594,42.69217093201519,0.12727538393350415,0.0029780094334496236,42.65939785962273,42.777667800737525,42.66371214158457,42.72067240695875,23.398356912865314,23.42349850453637,0.06939580503567923,0.002965840947469382,23.37668828025305,23.441493561016884,23.40787126368148,23.439123182773844,23.398356912865314,23.42349850453637,0.06939580503567923,0.002965840947469382,23.37668828025305,23.441493561016884,23.40787126368148,23.439123182773844,2048.0,4096.0
libVentra_deque_concurrent_deque_benchmark.json,deque,new/delete,PushFrontPopBack,operations,4096.0,1,30,30,353046.1335683549,352868.5055388554,1570.7001212020919,0.0044489939751683515,351765.02039341535,353598.0025178901,352141.2965760083,353277.31520582165,353046.1335683549,352868.5055388554,1570.7001212020919,0.0044489939751683515,351765.02039341535,353598.0025178901,352141.2965760083,353277.31520582165,352149.8193689194,351970.3655588974,1561.8803645557305,0.004435272371727308,350890.4305135214,352677.48867068486,351239.29909368395,352379.57351459074,43.09645185160582,43.07476874253606,0.19173585463892617,0.004448993975168326,42.940065965993085,43.163818666734635,42.985998117188515,43.12467226633565,23.20420707562711,23.21544700252304,0.10247602613400554,0.004416269248072811,23.167551689028954,23.288274163051565,23.18858213897868,23.26338936721689,23.20420707562711,23.21544700252304,0.10247602613400554,0.004416269248072811,23.167551689028954,23.288274163051565,23.18858213897868,23.26338936721689,4096.0,8192.0
libVentra_deque_concurrent_deque_benchmark.json,deque,new/delete,PushFrontPopBack,operations,8192.0,1,30,30,712233.9298033792,712142.6680253788,812.1997493740149,0.001140355317807216,711694.7922612226,712552.8584523832,711948.1395109543,712430.9582491012,712233.9298033792,712142.6680253788,812.1997493740149,0.001140355317807216,711694.7922612226,712552.8584523832,711948.1395109543,712430.9582491012,710270.2475220584,710239.0498981038,801.0244538855834,0.0011277741911337859,709716.039714843,710616.373217899,709979.1670060158,710408.6079429386,43.47130919210078,43.465739015220876,0.049572738609252674,0.0011403553178071892,43.43840284797501,43.49077505202534,43.45386593694789,43.48333485407112,23.003706924209396,23.006626006042396,0.02621578004783986,0.0011396328484888684,22.993381911328083,23.02110495335963,22.997316424797894,23.012912224292474,23.003706924209396,23.006626006042396,0.02621578004783986,0.0011396328484888684,22.993381911328083,23.02110495335963,22.997316424797894,23.012912224292474,8192.0,16384.0
libVentra_deque_concurrent_deque_benchmark.json,deque,new/delete,PushFrontPopBack,operations,16384.0,1,30,30,1438746.8411923125,1436654.0995920296,4323.589812783841,0.0030051081183961543,1436014.3760171465,1439399.191058587,1436357.9410559677,1438686.7073178694,1438746.8411923125,1436654.0995920296,4323.589812783841,0.0030051081183961543,1436014.3760171465,1439399.191058587,1436357.9410559677,1438686.7073178694,1434433.1968834868,1432478.8394310046,4280.355532535673,0.0029840047914642264,1431718.913617874,1434958.1920734313,1432040.5630079089,1434400.6483740276,43.907069128183366,43.84320372290129,0.1319454898920841,0.003005108118396134,43.82368090872639,43.926977266192225,43.83416568163964,43.90523398797209,22.775573721343964,22.808552194386642,0.06813047346186521,0.0029913834134512813,22.765053783541713,22.818713111300603,22.77632793120428,22.813255302019144,22.775573721343964,22.808552194386642,0.06813047346186521,0.0029913834134512813,22.765053783541713,22.818713111300603,22.77632793120428,22.813255302019144,16384.0,32768.0
libVentra_deque_concurrent_deque_benchmark.json,deque,new/delete,PushFrontPopBack,operations,32768.0,1,30,30,2869503.952845891,2868725.154472279,9892.122428356704,0.0034473283852932083,2860792.7764236284,2876737.7256080057,2862286.0365830115,2873991.321138885,2869503.952845891,2868725.154472279,9892.122428356704,0.0034473283852932083,2860792.7764236284,2876737.7256080057,2862286.0365830115,2873991.321138885,2860156.056639577,2859271.918699354,9612.878660516517,0.0033609629929811503,2851744.9085365487,2866772.4085366675,2853257.5894309143,2864235.3373984443,43.7851555304854,43.77327201038023,0.15094180951471908,0.0034473283852931823,43.65223352697187,43.895534143188556,43.67501886875933,43.85362733671394,22.83905254191967,22.844996451406903,0.07859469443771898,0.0034412414566437582,22.781361520034082,22.908335249069406,22.80313496408219,22.896389900353075,22.83905254191967,22.844996451406903,0.07859469443771898,0.0034412414566437582,22.781361520034082,22.908335249069406,22.80313496408219,22.896389900353075,32768.0,65536.0
libVentra_deque_concurrent_deque_benchmark.json,deque,new/delete,PushFrontPopBack,operations,49152.0,1,30,30,4276028.863822335,4273452.987806705,10724.095909714328,0.0025079568569909222,4269932.146343774,4278143.124998323,4271954.792684704,4276082.323175194,4276028.863822335,4273452.987806705,10724.095909714328,0.0025079568569909222,4269932.146343774,4278143.124998323,4271954.792684704,4276082.323175194,4262868.480487961,4260762.140244363,10079.115390800991,0.002364397456063964,4257085.201220019,4264939.9390245015,4258802.500000162,4263182.823171142,43.49801497215103,43.47181180630193,0.10909114491489978,0.0025079568569909175,43.43599595483168,43.519522349022665,43.45657137740788,43.49855878881016,22.98969385945647,23.003412062579955,0.05734942317571759,0.0024945709815151697,22.978194150970573,23.022380544041706,22.989267411848925,23.01147946798833,22.98969385945647,23.003412062579955,0.05734942317571759,0.0024945709815151697,22.978194150970573,23.022380544041706,22.989267411848925,23.01147946798833,49152.0,98304.0
libVentra_deque_concurrent_deque_benchmark.json,deque,new/delete,PushFrontPopBack,operations,61440.0,1,30,30,5341801.335380761,5335756.115374142,16608.757943668956,0.003109205472255754,5330955.215381786,5346038.307687615,5331849.676916206,5344248.584613244,5341801.335380761,5335756.115374142,16608.757943668956,0.003109205472255754,5330955.215381786,5346038.307687615,5331849.676916206,5344248.584613244,5325627.671794768,5319154.346154147,16739.537707565356,0.003143204658526951,5314140.646153366,5330677.646153303,5315921.115384124,5328101.807692047,43.47169055485646,43.42249442850051,0.13516241816136856,0.003109205472255756,43.383424604343965,43.506171123759884,43.39070375094568,43.49160632009476,23.003690468114243,23.02953833451406,0.07128348271834105,0.0030987846414099575,22.985244997435895,23.050278114588743,22.992942615863996,23.046411275555506,23.003690468114243,23.02953833451406,0.07128348271834105,0.0030987846414099575,22.985244997435895,23.050278114588743,22.992942615863996,23.046411275555506,61440.0,122880.0
libVentra_deque_concurrent_deque_benchmark.json,deque,std::allocator,ConcurrentPhasedPushBackPopFront,total_operations,8192.0,1,30,30,836156.4669671638,806614.7770273141,55396.87570338497,0.06625180560322141,804990.4420040384,812633.6086709606,805398.4020264309,812051.8952702761,836156.4669671638,806614.7770273141,55396.87570338497,0.06625180560322141,804990.4420040384,812633.6086709606,805398.4020264309,812051.8952702761,821764.81051055,794532.7939190471,53356.59600558464,0.06492927821092143,790486.7528155778,798801.1965094015,791050.2590089247,796742.4864867646,51.03494061078881,49.231858949421024,3.3811569643179302,0.06625180560322141,49.13271740747305,49.59921927923343,49.15761731118353,49.56371431092994,19.67164155357457,20.312054598283613,1.2058702933380852,0.061299932191930584,20.16160767991893,20.353037599188742,20.176050844593362,20.342727413412778,19.67164155357457,20.312054598283613,1.2058702933380852,0.061299932191930584,20.16160767991893,20.353037599188742,20.176050844593362,20.342727413412778,8192.0,16384.0
libVentra_deque_concurrent_deque_benchmark.json,deque,std::allocator,ConcurrentPhasedPushBackPopFront,total_operations,8192.0,2,30,30,1097850.8819191966,1093762.567424247,32687.672905503663,0.02977423750697458,1074187.3071972143,1122533.6454548128,1079198.5969703863,1112931.14924303,2195701.763838393,2187525.134848494,65375.345811007326,0.02977423750697458,2148374.6143944287,2245067.2909096256,2158397.1939407727,2225862.29848606,2161203.3733333247,2147579.0621212516,74158.6126923265,0.03431357437590346,2099552.314394065,2219739.159091173,2119053.5727272816,2203996.492424297,134.01500023427693,133.51593840628016,3.9901944464726182,0.029774237506974603,131.12638027309742,137.0280328924332,131.7381099817366,135.8558531790808,7.468237139824606,7.489749481664576,0.22198741154093085,0.029724204974313963,7.29780860259925,7.626230805644022,7.3608426486736835,7.590857474293901,3.734118569912303,3.744874740832288,0.11099370577046543,0.029724204974313963,3.648904301299625,3.813115402822011,3.6804213243368418,3.7954287371469504,8192.0,16384.0
libVentra_deque_concurrent_deque_benchmark.json,deque,std::allocator,ConcurrentPhasedPushBackPopFront,total_operations,8192.0,4,30,30,911967.8345429151,910872.5688847284,36150.49362020175,0.039640097217157486,874295.3109881443,945479.1236558466,900575.3329973998,936112.3602148122,3647871.3381716604,3643490.2755389134,144601.974480807,0.039640097217157486,3497181.243952577,3781916.4946233863,3602301.3319895994,3744449.440859249,3560576.5118279364,3562859.9973118817,155647.33518466004,0.0437140824435629,3426208.9099462074,3704560.3870970043,3490304.69758056,3657030.401881745,222.64839710520386,222.3809982628731,8.825804106494566,0.039640097217157486,213.4510036592149,230.82986417379067,219.86702465756832,228.5430566930694,4.498268335265199,4.496805513808345,0.17968794502040447,0.03994602625452553,4.332216572920117,4.684939171050882,4.375570753646157,4.548225676952805,1.1245670838162998,1.1242013784520863,0.04492198625510112,0.03994602625452553,1.0830541432300294,1.1712347927627205,1.0938926884115392,1.1370564192382013,8192.0,16384.0
libVentra_deque_concurrent_deque_benchmark.json,deque,std::allocator,ConcurrentPhasedPushBackPopFront,total_operations,8192.0,8,30,30,554258.7077256498,555972.3377403386,8020.862295243138,0.01447133294153558,552616.2359774827,558116.1007111946,553517.2176484283,556863.2132411612,4434069.6618051985,4447778.701922709,64166.8983619451,0.01447133294153558,4420929.887819862,4464928.8056895565,4428137.741187426,4454905.70592929,4006059.643536322,4026998.186698572,64636.31259128339,0.016134635612720466,3995260.470753053,4033573.8505607643,4002720.96153838,4031275.0977565814,270.63413463166495,271.4708680372747,3.9164366675991884,0.01447133294153558,269.83214647338025,272.51762730038797,270.2720789298966,271.9058658404108,3.6957920191352382,3.683636511732308,0.0548185129427792,0.014832683402895041,3.6694886575440737,3.706008170422109,3.677743388429677,3.69997632052109,0.4619740023919048,0.4604545639665385,0.0068523141178474,0.014832683402895041,0.4586860821930092,0.46325102130276363,0.4597179235537096,0.46249704006513626,8192.0,16384.0
libVentra_deque_concurrent_deque_benchmark.json,deque,std::allocator,ConcurrentPhasedPushBackPopFront,total_operations,8192.0,12,30,30,454669.28511167434,455703.2778880105,11072.598516070128,0.024353082292221506,448206.5506230267,462763.30373657594,450572.5394621495,458527.24972442165,5456031.421340092,5468439.334656126,132871.18219284152,0.024353082292221502,5378478.60747632,5553159.6448389115,5406870.473545793,5502326.99669306,4904452.675132283,4913803.3207672695,175742.36177072028,0.03583322613383769,4810455.875992147,5005071.063161336,4853068.645502682,4986953.275132386,333.0097303064021,333.76704923438274,8.109813366262294,0.024353082292221488,328.2762821945996,338.9379666039374,330.009184176379,335.83538798175414,3.004646917019914,2.9961056095284597,0.07358865018627496,0.024491613230636124,2.9504598917895226,3.0462251376067147,2.9776493107100577,3.0302188139496398,0.2503872430849928,0.249675467460705,0.006132387515522915,0.024491613230636127,0.24587165764912686,0.25385209480055954,0.24813744255917147,0.2525182344958033,8192.0,16384.0
libVentra_deque_concurrent_deque_benchmark.json,deque,std::allocator,ConcurrentPhasedPushBackPopFront,total_operations,8192.0,16,30,30,330261.92490376916,331948.84932631516,6196.809976595429,0.01876331938173327,327824.31714206695,334063.27999044425,328480.9995188073,333178.5454313096,5284190.798460307,5311181.589221043,99148.95962552687,0.01876331938173327,5245189.074273071,5345012.479847108,5255695.992300916,5330856.726900954,3460239.949365931,3480930.0987318847,80026.34278865842,0.02312739693191589,3395089.803894844,3516136.4866394973,3416114.4678442124,3507937.4542572135,322.5214110388371,324.1687981702297,6.051572242768973,0.018763319381733267,320.14093470904976,326.2336718656682,320.78222609258523,325.3696732727633,3.101638139974426,3.0848128276717177,0.05894091556612449,0.01900315668887489,3.0652876688338937,3.123624347470038,3.0734276740842774,3.1173825043326047,0.19385238374840164,0.19280080172948236,0.0036838072228827807,0.01900315668887489,0.19158047930211836,0.19522652171687738,0.19208922963026734,0.1948364065207878,8192.0,16384.0
libVentra_deque_concurrent_deque_benchmark.json,deque,std::allocator,ConcurrentPhasedPushBackPopFront,total_operations,8192.0,24,30,30,218274.19370738592,218888.54990109112,5180.069868515247,0.02373193908327774,214941.07905320846,220910.10996574373,216794.30838882364,220261.16383345576,5238580.648977262,5253325.197626187,124321.6768443659,0.02373193908327773,5158585.897277003,5301842.6391778495,5203063.401331767,5286267.932002938,2301492.449691353,2319125.714988461,71786.31597467653,0.031191202032534848,2260010.329427043,2342200.8628472155,2279752.102430578,2333400.31931424,319.7375884385536,320.6375242691764,7.587992971457879,0.02373193908327773,314.85509626934834,323.5987938951324,317.5697876789409,322.6481892091637,3.129277941246788,3.1187953437396105,0.0747188663245256,0.023877350534978557,3.0902494867545096,3.1760659573485563,3.099353943525479,3.1489749891594814,0.13038658088528282,0.12994980598915046,0.0031132860968552333,0.023877350534978563,0.1287603952814379,0.13233608155618984,0.12913974764689495,0.13120729121497837,8192.0,16384.0
libVentra_deque_concurrent_deque_benchmark.json,deque,std::allocator,ConcurrentPhasedPushBackPopFront,total_operations,8192.0,32,30,30,167074.48826153376,167650.6123734536,3260.6377432121135,0.019516072005607475,166349.59974002515,168612.83049075355,166947.14509514038,168094.8934761158,5346383.62436908,5364819.595950515,104340.40778278763,0.019516072005607475,5323187.191680805,5395610.575704114,5342308.643044492,5379036.591235706,1775545.2979606749,1778702.5585387826,41338.281290394945,0.023282020085815074,1759346.8736795106,1802188.469520296,1767096.809859178,1793402.4894365962,326.3173598858082,327.4426022919016,6.368433092211157,0.019516072005607465,324.9015619922366,329.32193455225297,326.06864276394606,328.3103388205387,3.065639942150413,3.053970475337693,0.06036895334909957,0.019692121217194665,3.0365444090760523,3.0778569207562385,3.0458988798139073,3.0668406654489537,0.0958012481922004,0.0954365773543029,0.0018865297921593616,0.019692121217194665,0.09489201278362663,0.09618302877363245,0.0951843399941846,0.0958387707952798,8192.0,16384.0
libVentra_deque_concurrent_deque_benchmark.json,deque,std::allocator,ConcurrentPhasedPushBackPopFront,total_operations,8192.0,48,30,30,111475.08142510608,109861.69962724335,2675.003426572377,0.023996424962197165,109460.25983424693,114094.38058812305,109588.66589117586,113674.3048406927,5350803.908405093,5273361.582107681,128400.16447547407,0.023996424962197158,5254092.472043852,5476530.268229906,5260255.962776441,5456366.63235325,1204955.759252453,1191104.0912990128,32649.39350417203,0.027095927176967485,1183414.3832720676,1234730.6839001318,1185942.2288603089,1216874.0845588436,326.5871526126155,321.86044812668945,7.836924101286269,0.023996424962197185,320.68435498314534,334.26088062926675,321.06054460305427,333.03018996296686,3.0636551469348374,3.1069369109100857,0.07266159629702211,0.02371728958127662,2.9916785006646167,3.1183317284252725,3.0027395668179917,3.1146773422963205,0.06382614889447577,0.06472785231062678,0.0015137832561879607,0.023717289581276623,0.06232663543051284,0.06496524434219317,0.06255707430870816,0.06488911129784,8192.0,16384.0
libVentra_deque_concurrent_deque_benchmark.json,deque,std::allocator,ConcurrentPhasedPushBackPopFront,total_operations,8192.0,64,30,30,86471.60204427122,86388.61660158225,1453.1399549317184,0.016804822861819405,85916.4929067799,87070.35646596891,86069.75427057137,86752.38298529496,5534182.530833358,5528871.462501264,93000.95711562998,0.016804822861819405,5498655.546033913,5572502.8138220105,5508464.273316568,5552152.511058877,942490.1584535231,941582.0618990264,19239.84521032862,0.0204138420308793,936810.9805889098,951742.9958533684,939084.4037259547,947662.185576956,337.77969548543444,337.4555335999307,5.6763279489520215,0.016804822861819394,335.61130041710896,340.1185799451911,336.2099776194194,338.8764960363084,2.96132117338182,2.9633553849990886,0.04998086439958614,0.016877893843074154,2.940160288777819,2.9796396827118725,2.95092758481797,2.974331723728006,0.046270643334090936,0.04630242789061076,0.0007809510062435335,0.016877893843074154,0.04594000451215342,0.04655687004237301,0.04610824351278078,0.04647393318325009,8192.0,16384.0
libVentra_deque_concurrent_deque_benchmark.json,deque,std::allocator,ConcurrentPhasedPushBackPopFront,total_operations,32768.0,1,30,30,3155259.7586315167,3153230.8526810277,18582.64088755047,0.005889417134901768,3138049.852678039,3173787.3705342934,3143854.8928609374,3169416.794638177,3155259.7586315167,3153230.8526810277,18582.64088755047,0.005889417134901768,3138049.852678039,3173787.3705342934,3143854.8928609374,3169416.794638177,3145262.68214303,3143596.803571061,18260.30140531464,0.005805652262046664,3128416.9107149546,3163133.3370545986,3134109.1607158333,3159252.339286362,48.14544309435296,48.114484446426815,0.2835485975273197,0.005889417134901755,47.8828407696234,48.42815201620931,47.97141865327358,48.36146232052882,20.77109438443967,20.78376817191141,0.12237648690366651,0.005891672563740448,20.649146497014563,20.88431435736999,20.677621535829815,20.84574582269019,20.77109438443967,20.78376817191141,0.12237648690366651,0.005891672563740448,20.649146497014563,20.88431435736999,20.677621535829815,20.84574582269019,32768.0,65536.0
libVentra_deque_concurrent_deque_benchmark.json,deque,std::allocator,ConcurrentPhasedPushBackPopFront,total_operations,32768.0,2,30,30,4387635.339529351,4400738.169870704,72276.19052418326,0.016472697690491322,4373020.133010495,4431079.176282099,4379984.471151706,4419323.516027035,8775270.679058703,8801476.339741409,144552.38104836651,0.016472697690491322,8746040.26602099,8862158.352564199,8759968.942303412,8838647.03205407,8712795.441025829,8746581.833332947,160989.8978874389,0.018477410490941613,8672558.259615805,8819513.746795846,8691917.532050313,8785096.403844511,133.90000425809788,134.29987090669874,2.2056942908991433,0.016472697690491294,133.4539835513457,135.22580494024965,133.66651828465902,134.86705066000474,7.470291235772146,7.4460264799877365,0.1276275830025181,0.017084686389650005,7.395045342002856,7.493222009524081,7.414709621926251,7.481306029424919,3.735145617886073,3.7230132399938682,0.06381379150125906,0.017084686389650005,3.697522671001428,3.7466110047620407,3.7073548109631256,3.7406530147124597,32768.0,65536.0
libVentra_deque_concurrent_deque_benchmark.json,deque,std::allocator,ConcurrentPhasedPushBackPopFront,total_operations,32768.0,4,30,30,3610633.9490032303,3566003.42255359,138302.15082195448,0.03830411854963444,3544476.237767368,3712994.559102827,3551935.720108561,3682225.633152415,14442535.796012921,14264013.69021436,553208.6032878179,0.03830411854963444,14177904.951069472,14851978.236411309,14207742.880434245,14728902.53260966,14121312.219203077,13917483.67391409,624037.9003054698,0.04419121188021482,13734065.456522975,14582287.073369343,13840714.98913169,14408997.679347444,220.3756072389667,217.65157608359314,8.441293385129066,0.038304118549634475,216.33766099654343,226.62320307024095,216.7929516667823,224.74521686721283,4.544149884651987,4.594501016853569,0.17414059694026396,0.03832193069344597,4.412635753112335,4.622407540362909,4.449490685055078,4.612696096536087,1.1360374711629968,1.1486252542133923,0.04353514923506599,0.03832193069344597,1.1031589382780838,1.1556018850907273,1.1123726712637696,1.1531740241340218,32768.0,65536.0
libVentra_deque_concurrent_deque_benchmark.json,deque,std::allocator,ConcurrentPhasedPushBackPopFront,total_operations,32768.0,8,30,30,2257255.272861919,2271070.8379933247,46255.889170091104,0.020492094857948607,2237772.9917764105,2283103.1352793807,2255712.860608427,2282094.067435923,18058042.18289535,18168566.703946598,370047.11336072884,0.020492094857948607,17902183.934211284,18264825.082235046,18045702.884867415,18256752.539487384,16215863.611842074,16329755.901315812,325067.00918502954,0.020046234783797797,16064473.81249981,16411175.345395258,16248787.148026634,16383636.898026671,275.5438565505272,277.230326903482,5.646470845958383,0.020492094857948593,273.16564841020624,278.69911319328384,275.3555738047396,278.5759359662992,3.6306880564750723,3.6071099200392425,0.0758248374511773,0.020884426387430648,3.588098966514109,3.660820835155599,3.5896856704770834,3.631687865859063,0.45383600705938404,0.4508887400049053,0.009478104681397162,0.020884426387430648,0.44851237081426365,0.4576026043944499,0.44871070880963543,0.4539609832323829,32768.0,65536.0
libVentra_deque_concurrent_deque_benchmark.json,deque,std::allocator,ConcurrentPhasedPushBackPopFront,total_operations,32768.0,12,30,30,1820433.19382706,1818639.3567126053,52771.23377747629,0.02898828364392565,1777102.1663185768,1856669.7656248615,1788709.5506946733,1847811.564582529,21845198.325924717,21823672.280551262,633254.8053297156,0.028988283643925656,21325225.99582292,22280037.18749834,21464514.608336076,22173738.774990346,20044181.22666673,20049166.772222765,785451.5808611155,0.03918601473310133,19478173.74722121,20539663.54583372,19727060.90277771,20381566.89340308,333.3312732837634,333.00281189806003,9.662701497340636,0.028988283643925673,325.39712518040346,339.9663877486929,327.52250073755005,338.3444026945549,3.0024605667355866,3.002981773696673,0.08718152951084959,0.02903669426227881,2.941471101660989,3.073169335580441,2.9555739087705906,3.053244932127055,0.25020504722796555,0.2502484811413894,0.007265127459237463,0.029036694262278798,0.24512259180508245,0.2560974446317034,0.24629782573088255,0.2544370776772546,32768.0,65536.0
libVentra_deque_concurrent_deque_benchmark.json,deque,std::allocator,ConcurrentPhasedPushBackPopFront,total_operations,32768.0,16,30,30,1349998.6760570148,1353758.659581839,30947.45307131093,0.022924061793675357,1322117.7840072727,1369577.8563301906,1323949.2899819706,1363821.5296413638,21599978.816912238,21660138.553309426,495159.2491409749,0.022924061793675357,21153884.544116363,21913245.70128305,21183188.63971153,21821144.47426182,14614112.767279414,14658294.98161763,375089.10427315783,0.025666224850335886,14291516.411764305,14844376.344669282,14373191.323529217,14773348.783088148,329.58952052173214,330.50748524947244,7.555530534988029,0.022924061793675385,322.78266211115056,334.369593830613,323.22980712450453,332.9642406350986,3.035608474736241,3.025671051383207,0.06912382285102474,0.02277099416025013,2.9907132048357212,3.0980605495089253,3.003325528215465,3.0937745670199286,0.18972552967101505,0.18910444071145044,0.004320238928189046,0.02277099416025013,0.18691957530223258,0.19362878434430783,0.18770784551346656,0.19336091043874554,32768.0,65536.0
libVentra_deque_concurrent_deque_benchmark.json,deque,std::allocator,ConcurrentPhasedPushBackPopFront,total_operations,32768.0,24,30,30,919585.3535987993,923934.8069118611,16339.299203498917,0.017768115966130857,912992.4822046665,929101.6064723046,917499.3924696315,927531.7324218454,22070048.486371186,22174435.365884665,392143.18088397407,0.01776811596613086,21911819.572911993,22298438.55533531,22019985.419271156,22260761.57812429,10261523.069878452,10322756.614583435,239969.5811748953,0.02338537657039422,10149365.569010332,10448131.81575535,10157390.944010263,10410811.157551985,336.76221445268527,338.3550318280741,5.983630079406336,0.017768115966130843,334.347832838623,340.2471703389788,335.9983126719842,339.6722652912031,2.9703712531589814,2.9554756362267494,0.0534011946162422,0.017977952944249035,2.9390399260023163,2.9909076109491264,2.944014821191699,2.9762062922869563,0.12376546888162422,0.12314481817611456,0.002225049775676757,0.01797795294424902,0.12245999691676318,0.12462115045621361,0.12266728421632081,0.1240085955119565,32768.0,65536.0
libVentra_deque_concurrent_deque_benchmark.json,deque,std::allocator,ConcurrentPhasedPushBackPopFront,total_operations,32768.0,32,30,30,693445.8329285297,694166.971282828,11697.690271291476,0.016868931524024463,690657.7084962034,700316.3749847857,692467.6202392788,697758.0909424131,22190266.65371295,22213343.081050497,374326.08868132724,0.016868931524024463,22101046.67187851,22410123.99951314,22158963.84765692,22328258.91015722,7788299.599153666,7819062.829101836,156531.0479694431,0.020098231453044377,7699398.379882573,7884181.7597656865,7737017.845703056,7862687.374023459,338.59659810963365,338.94871644669337,5.7117628277790375,0.016868931524024453,337.2352092266618,341.9513549730399,338.11895519496034,340.70219284297514,2.9541866639354604,2.950299904933975,0.05028334533577058,0.01702104540299594,2.9243940215910125,2.9652894968566788,2.9351146573361975,2.957539009971793,0.09231833324798314,0.09219687202918672,0.0015713545417428306,0.01702104540299594,0.09138731317471914,0.09266529677677121,0.09172233304175617,0.09242309406161853,32768.0,65536.0
libVentra_deque_concurrent_deque_benchmark.json,deque,std::allocator,ConcurrentPhasedPushBackPopFront,total_operations,32768.0,48,30,30,465621.79911838874,465608.792005782,3575.33291156619,0.007678620112580099,463339.1573757861,467021.14835614176,464157.23371040495,466820.01555729983,22349846.357682664,22349222.016277537,171615.97975517748,0.0076786201125801125,22240279.554037735,22417015.121094804,22279547.218099438,22407360.746750392,5299955.896397594,5300686.906901088,72751.69574346725,0.013726849273013183,5256395.597330659,5343082.486979137,5263647.018229362,5328849.544270767,341.0315911511637,341.0220644573599,2.618652034838524,0.007678620112580114,339.35973440609337,342.05650514365846,339.958911408988,341.9091910820067,2.9324454186954463,2.9323615984243028,0.022333008804785004,0.007615831027034176,2.9234935900354686,2.946725794168464,2.924753200503254,2.9415333242116195,0.06109261288948848,0.06109086663383964,0.00046527101676635465,0.0076158310270341804,0.06090611645907226,0.06139012071184301,0.06093235834381779,0.061281944254408735,32768.0,65536.0
libVentra_deque_concurrent_deque_benchmark.json,deque,std::allocator,ConcurrentPhasedPushBackPopFront,total_operations,32768.0,64,30,30,340996.59717407206,339571.5518951792,4377.4239458822485,0.012837148470568636,338255.8700294851,343755.6920013983,338621.88922879205,341994.51831814356,21823782.21914061,21732579.32129147,280155.1325364639,0.012837148470568636,21648375.681887046,22000364.28808949,21671800.91064269,21887649.172361188,3894408.4200846674,3885913.2167970138,57589.3131614735,0.01478769223702055,3867889.053466775,3915311.9101563348,3878203.0170899127,3901647.493652383,333.00448942780474,331.61284364763594,4.274828072150626,0.012837148470568615,330.32799807566903,335.69891797011553,330.68543869999223,333.97902179506207,3.003438015476574,3.0155647925013165,0.03832104381376286,0.012759059323447442,2.9788598476782764,3.0272943576143865,2.9942622862009127,3.0240218795689886,0.046928718991821466,0.04711819988283307,0.0005987663095900447,0.012759059323447442,0.04654468511997307,0.04730147433772479,0.04678534822188926,0.04725034186826545,32768.0,65536.0
libVentra_deque_concurrent_deque_benchmark.json,deque,std::allocator,ConcurrentPhasedPushBackPopFront,total_operations,61440.0,1,30,30,5905552.38587528,5909511.211862313,29042.65640663905,0.004917856029200992,5884432.203390396,5924487.26695431,5893836.618640107,5918674.983057194,5905552.38587528,5909511.211862313,29042.65640663905,0.004917856029200992,5884432.203390396,5924487.26695431,5893836.618640107,5918674.983057194,5887698.976271116,5892346.347457656,28467.87434611632,0.0048351443341191356,5866945.165252473,5905861.004237067,5876324.322033633,5901105.355931932,48.0595083485944,48.091725356952416,0.23634974289257035,0.004917856029200991,47.88763186352861,48.21360080529224,47.96416519075608,48.16630031784826,20.808023850061637,20.793597954437118,0.10240371738525111,0.00492135717082753,20.741037017045517,20.88221871045776,20.761403604062135,20.848899260755157,20.808023850061637,20.793597954437118,0.10240371738525111,0.00492135717082753,20.741037017045517,20.88221871045776,20.761403604062135,20.848899260755157,61440.0,122880.0
libVentra_deque_concurrent_deque_benchmark.json,deque,std::allocator,ConcurrentPhasedPushBackPopFront,total_operations,61440.0,2,30,30,8160524.208730589,8153518.011909,102946.89681336787,0.012615230857746795,8105035.348215832,8238784.806537968,8128124.285711974,8204646.333340514,16321048.417461177,16307036.023818,205893.79362673574,0.012615230857746795,16210070.696431665,16477569.613075936,16256248.571423948,16409292.666681029,16102915.834921125,16076886.03571145,279574.35878454667,0.017361722662566227,15917252.482145645,16327424.36309551,15962946.761907153,16228654.309524864,132.82103204314112,132.70699889174807,1.675567981988411,0.012615230857746806,131.91789303736707,134.09480479391223,132.29368954609333,133.5391655817141,7.530092691376197,7.535397796072436,0.09551356881675371,0.012684248751166128,7.457426863718648,7.580472815244837,7.48844220278741,7.558939597798879,3.7650463456880985,3.767698898036218,0.04775678440837686,0.012684248751166128,3.728713431859324,3.7902364076224186,3.744221101393705,3.7794697988994397,61440.0,122880.0
libVentra_deque_concurrent_deque_benchmark.json,deque,std::allocator,ConcurrentPhasedPushBackPopFront,total_operations,61440.0,4,30,30,6755169.027499618,6856879.48437419,225111.44513263143,0.03332432456038113,6613835.843748461,6890991.393748891,6629581.743752055,6885986.315620584,27020676.109998472,27427517.93749676,900445.7805305257,0.03332432456038113,26455343.374993846,27563965.574995562,26518326.97500822,27543945.262482338,26390176.59333334,26977907.762500353,1121071.4202592329,0.042480633515064724,25528323.149996947,27140441.781252593,25601417.400004104,27107566.51249867,219.8948251139199,223.20571238197232,7.327846521244512,0.03332432456038112,215.2941355386869,224.31612609859673,215.80669738776223,224.15320037827422,4.552607937710803,4.480174231240827,0.15466095310958983,0.033971946459188905,4.457994337412046,4.644809112594857,4.461234627931397,4.633776526255485,1.1381519844277008,1.1200435578102068,0.03866523827739746,0.033971946459188905,1.1144985843530115,1.1612022781487144,1.1153086569828492,1.1584441315638712,61440.0,122880.0
libVentra_deque_concurrent_deque_benchmark.json,deque,std::allocator,ConcurrentPhasedPushBackPopFront,total_operations,61440.0,8,30,30,4233917.366809305,4231150.951704102,36487.04559170168,0.008617798230483286,4212281.451704572,4239310.500356844,4216766.025570771,4236666.2706519095,33871338.93447444,33849207.61363281,291896.36473361345,0.008617798230483286,33698251.613636576,33914484.00285475,33734128.204566166,33893330.165215276,30548812.08446988,30555925.715909343,223889.68734864268,0.007328916316928134,30423720.389204066,30622149.9857966,30471932.414773446,30601970.4147712,275.64566190164743,275.46555675156907,2.3754586973764154,0.0086177982304833,274.2370736786831,275.996777366982,274.52903812309705,275.8246269955671,3.62810395463976,3.630217933036425,0.03097210922003949,0.008536720448825938,3.6232307302613758,3.6464809800051112,3.6254921843062125,3.6426019164968846,0.45351299432997,0.45377724162955313,0.0038715136525049364,0.008536720448825938,0.45290384128267197,0.4558101225006389,0.45318652303827656,0.4553252395621106,61440.0,122880.0
libVentra_deque_concurrent_deque_benchmark.json,deque,std::allocator,ConcurrentPhasedPushBackPopFront,total_operations,61440.0,12,30,30,3437906.0080249547,3448374.761959794,77412.51634081053,0.02251734519795185,3393594.6722612735,3503537.5582568636,3405441.9675922915,3481686.929399145,41254872.096299455,41380497.143517524,928950.1960897263,0.02251734519795185,40723136.067135274,42042450.69908236,40865303.6111075,41780243.15278974,37835319.60740756,37682886.106481746,1237798.9748669837,0.03271543593950881,37105075.78009344,38506088.615741916,37351570.9537044,38453959.36574039,335.733008596187,336.75534784763613,7.559816048907275,0.02251734519795184,331.4057297130149,342.14233967352186,332.56269214768474,340.0084891991352,2.9800333415399125,2.969522996474929,0.06783455492800053,0.022763018783188337,2.922766886093255,3.017451805834445,2.9411037967420652,3.0069519759805976,0.2483361117949928,0.24746024970624408,0.00565287957733338,0.02276301878318834,0.24356390717443793,0.2514543171528704,0.24509198306183877,0.25057933133171645,61440.0,122880.0
libVentra_deque_concurrent_deque_benchmark.json,deque,std::allocator,ConcurrentPhasedPushBackPopFront,total_operations,61440.0,16,30,30,2521955.0324218143,2495690.935329383,63687.37554201678,0.025253176493340676,2472744.6105688876,2565188.7993702143,2476448.3661018726,2560161.3886709153,40351280.51874903,39931054.965270124,1018998.0086722685,0.025253176493340676,39563913.7691022,41043020.78992343,39623173.85762996,40962582.218734644,27420588.57291658,27214114.50694406,757711.7143820358,0.02763294859142559,26967991.732638653,28006245.00868123,26984149.277778268,27940005.885416806,328.37956151325704,324.9597572043467,8.292627023700105,0.025253176493340686,321.9719545011572,334.00895825132994,322.45421433618134,333.3543474831921,3.047114146679706,3.077323740447995,0.07611198367037958,0.02497838282603071,2.9939320552295596,3.105861895897065,2.999816079855601,3.1012156022634336,0.1904446341674816,0.1923327337779997,0.004756998979398724,0.02497838282603071,0.18712075345184748,0.19411636849356656,0.18748850499097505,0.1938259751414646,61440.0,122880.0
libVentra_deque_concurrent_deque_benchmark.json,deque,std::allocator,ConcurrentPhasedPushBackPopFront,total_operations,61440.0,24,30,30,1773941.2310570723,1790005.9196566218,46452.06584059398,0.026185797492802906,1761348.6378280201,1811146.5388214244,1762825.6525848643,1806253.2966822616,42574589.54536972,42960142.071758926,1114849.5801742559,0.02618579749280292,42272367.30787249,43467516.931714185,42307815.66203675,43350079.12037428,20079945.36203714,20140877.90740763,636313.1770282877,0.031688989464647266,19661378.730324794,20589408.79745368,20023831.99074075,20500856.861111123,346.4728966908344,349.6105311829339,9.072669109491027,0.02618579749280295,344.0134058257852,353.73955836355947,344.3018852704813,352.7838470082542,2.888192929767719,2.8603277260925912,0.07762500479368371,0.0268766687964736,2.826941734807626,2.9068634929269277,2.834597111303162,2.9044282524889917,0.12034137207365497,0.11918032192052463,0.003234375199736822,0.0268766687964736,0.11778923895031776,0.12111931220528865,0.11810821297096508,0.12101784385370798,61440.0,122880.0
libVentra_deque_concurrent_deque_benchmark.json,deque,std::allocator,ConcurrentPhasedPushBackPopFront,total_operations,61440.0,32,30,30,1329315.006857758,1333413.6793079488,27069.574426139232,0.02036355136780291,1315158.6886938196,1345154.182753161,1327134.248698039,1342390.15375432,42538080.21944825,42669237.73785436,866226.3816364554,0.02036355136780291,42085078.038202226,43044933.848101154,42468295.95833725,42956484.92013824,15210172.928935261,15263984.180555359,361222.2366107593,0.02374872648052434,14898090.827257227,15459317.564236017,15180645.239583302,15412185.704861518,346.17578303587453,347.2431456531117,7.049368340140422,0.020363551367802896,342.4892418473488,350.30056842530234,345.60787726511427,349.58076920685414,2.8898784695889503,2.8798300866068427,0.059587527694257444,0.020619388780986708,2.854691351119219,2.9198711409068734,2.86056952062611,2.893452834949473,0.0903087021746547,0.08999469020646383,0.0018621102404455451,0.020619388780986708,0.08920910472247559,0.0912459731533398,0.08939279751956594,0.09042040109217103,61440.0,122880.0
libVentra_deque_concurrent_deque_benchmark.json,deque,std::allocator,ConcurrentPhasedPushBackPopFront,total_operations,61440.0,48,30,30,894826.4022167533,889131.6764804792,19572.329431996306,0.021872767034488226,881514.9178483051,912625.9742959994,886204.2132524014,910970.5257039419,42951667.30640415,42678320.471063,939471.8127358232,0.021872767034488243,42312716.05671865,43806046.76620798,42537802.23611527,43726585.23378921,10307507.349922875,10322082.804398112,260614.15973325,0.025283916943818627,10135313.009838117,10532258.993634276,10201582.346064912,10429244.957176164,349.5415633659193,347.31706112518714,7.645441184373559,0.021872767034488233,344.3417647844942,356.49452120937474,346.1735208017194,355.8478616031023,2.8622177023455992,2.8792137959489454,0.06280027771856132,0.021941125466136358,2.805092366693083,2.904099993570971,2.8101916333854082,2.8887251244527485,0.059629535465533325,0.059983620748936366,0.0013083391191366935,0.021941125466136344,0.05843942430610591,0.06050208319939523,0.058545659028862676,0.06018177342609893,61440.0,122880.0
libVentra_deque_concurrent_deque_benchmark.json,deque,std::allocator,ConcurrentPhasedPushBackPopFront,total_operations,61440.0,64,30,30,663369.2758797298,671015.9278686345,22851.25257784667,0.03444725797338502,665047.496539406,672840.7016295956,668031.8928711237,672274.3531616615,42455633.656302705,42945019.383592606,1462480.1649821869,0.03444725797338502,42563039.778521985,43061804.90429412,42754041.14375192,43025558.60234634,7628335.71531244,7805072.94453116,521845.43468927406,0.06840881866824085,7644724.839843831,7845063.534375081,7711468.4312500395,7828822.845312349,345.50483118735923,349.4874624315805,11.90169405096181,0.034447257973385034,346.3789044476073,350.437865432081,347.93327753704364,350.1428922716987,2.898038584630603,2.861333020863607,0.1119553034151671,0.03863140539567295,2.853572913881342,2.887016624398811,2.8559774369521467,2.874115691154921,0.045281852884853174,0.04470832845099386,0.001749301615861986,0.03863140539567295,0.04458707677939597,0.04510963475623142,0.04462464745237729,0.04490805767429564,61440.0,122880.0
libVentra_deque_concurrent_deque_benchmark.json,deque,std::allocator,ConcurrentSteadyPushBackPopFront,operations_per_thread,512.0,1,30,30,37131.92820179231,37177.12023663477,172.4889274890184,0.004645299499439746,36999.34271526311,37257.86323416459,37081.46992726927,37225.18016504214,37131.92820179231,37177.12023663477,172.4889274890184,0.004645299499439746,36999.34271526311,37257.86323416459,37081.46992726927,37225.18016504214,37035.67538450286,37082.04272064643,172.46261265810284,0.004656661742160851,36902.043019211196,37156.948295512935,36986.14184126946,37133.40967322018,36.26164863456281,36.305781481088644,0.1684462182509939,0.004645299499439728,36.13217062037413,36.38463206461386,36.21237297584889,36.352715004923965,27.577921929221738,27.543824719119925,0.1284475582188332,0.004657622809597172,27.484132278084655,27.67618162230333,27.5082617783299,27.61489076343568,27.577921929221738,27.543824719119925,0.1284475582188332,0.004657622809597172,27.484132278084655,27.67618162230333,27.5082617783299,27.61489076343568,512.0,1024.0
libVentra_deque_concurrent_deque_benchmark.json,deque,std::allocator,ConcurrentSteadyPushBackPopFront,operations_per_thread,512.0,2,30,30,92499.20537792606,92727.15267327418,1574.7636767511078,0.01702461843122934,92011.24277937003,93211.71362845502,92410.51061260165,93030.06837722435,184998.41075585212,185454.30534654835,3149.5273535022156,0.01702461843122934,184022.48555874007,186423.42725691004,184821.0212252033,186060.1367544487,184219.51446354782,184998.74073079135,3594.4701967852297,0.019511886171518927,182551.49610421798,185941.34887160844,184370.2835840953,185595.53412143883,90.33125525188093,90.55386003249431,1.5378551530772533,0.01702461843122933,89.85472927672855,91.0270640902881,90.2446392701188,90.84967614963315,11.073502958905186,11.043151780613554,0.19070296615178547,0.017221557339127662,10.985748942167735,11.129135603054893,11.007195108826512,11.08099063470867,5.536751479452593,5.521575890306777,0.09535148307589274,0.017221557339127662,5.4928744710838675,5.5645678015274465,5.503597554413256,5.540495317354335,1024.0,2048.0
libVentra_deque_concurrent_deque_benchmark.json,deque,std::allocator,ConcurrentSteadyPushBackPopFront,operations_per_thread,512.0,4,30,30,186365.5869254121,186593.22085526536,7570.489798444786,0.040621715217599025,178533.8808223227,193107.72391457632,184914.98256570307,192785.30934205887,745462.3477016484,746372.8834210614,30281.959193779145,0.040621715217599025,714135.5232892908,772430.8956583053,739659.9302628123,771141.2373682355,741817.7384210393,744736.1792105587,29863.509472996604,0.040257205950023724,710534.2884210723,767529.8092105503,734956.7807894619,766245.7968420438,181.99764348184775,182.21994224147008,7.393056443793733,0.040621715217599004,174.34949299054952,188.5817616353284,180.58103766181938,188.26690365435437,5.5035479993643115,5.487924621941588,0.2285552507996124,0.041528710356666595,5.302739775238205,5.737463833856106,5.311616729923411,5.537684471628874,1.3758869998410779,1.371981155485397,0.0571388126999031,0.041528710356666595,1.3256849438095513,1.4343659584640265,1.3279041824808528,1.3844211179072186,2048.0,4096.0
libVentra_deque_concurrent_deque_benchmark.json,deque,std::allocator,ConcurrentSteadyPushBackPopFront,operations_per_thread,512.0,8,30,30,226074.79722054215,228632.53769062145,6188.947730538637,0.027375664190029767,219680.74700849314,231396.160365813,225464.06985519413,229953.83467987517,1808598.3777643372,1829060.3015249716,49511.5818443091,0.027375664190029767,1757445.9760679451,1851169.282926504,1803712.558841553,1839630.6774390014,1802194.6725813043,1822488.3387195203,49503.877344207656,0.027468662568679487,1751544.412652408,1843845.5338415327,1795674.292378006,1835470.5768292963,220.7761691606857,223.2739625884975,6.043894268104136,0.02737566419002976,214.53197950048158,225.97281285723926,220.17975571796302,224.5642916795656,4.532822979379007,4.478802832917132,0.1265578629238439,0.027920318860804542,4.425313241489394,4.661310350653899,4.453068306283458,4.54182444207291,0.5666028724223758,0.5598503541146415,0.01581973286548049,0.027920318860804542,0.5531641551861742,0.5826637938317374,0.5566335382854323,0.5677280552591137,4096.0,8192.0
libVentra_deque_concurrent_deque_benchmark.json,deque,std::allocator,ConcurrentSteadyPushBackPopFront,operations_per_thread,512.0,12,30,30,331261.5669416992,340844.7928512231,20631.66919404758,0.062282109526091436,312683.4343955316,345336.39752859087,320475.8295343331,344420.22160937486,3975138.80330039,4090137.514214677,247580.03032857095,0.06228210952609144,3752201.212746379,4144036.7703430904,3845709.9544119975,4133042.6593124988,3913954.349640521,4039639.4352940028,272618.72336334677,0.06965301559748277,3667694.878186303,4114188.0183822634,3769858.96813734,4103321.1848039087,323.4976239665031,332.8562430187726,20.148114447312093,0.06228210952609145,305.3549164018863,337.2425757115145,312.96467727962215,336.34787266540513,3.1031213905529706,3.0043015363341734,0.19805818083060353,0.06382546987480561,2.9652251699409633,3.275009684618302,2.9731148417725466,3.1954122508114806,0.2585934492127475,0.2503584613611811,0.016504848402550298,0.06382546987480564,0.24710209749508028,0.27291747371819186,0.24775957014771227,0.26628435423429003,6144.0,12288.0
libVentra_deque_concurrent_deque_benchmark.json,deque,std::allocator,ConcurrentSteadyPushBackPopFront,operations_per_thread,512.0,16,30,30,315971.27283331385,315526.6608332852,9361.14206919162,0.029626560621319385,309010.03533844097,320805.1546224056,310340.65070315363,319295.5988019719,5055540.365333022,5048426.573332563,149778.2731070659,0.029626560621319385,4944160.5654150555,5132882.4739584895,4965450.411250458,5108729.58083155,3922002.4213055745,3903980.471249989,115632.2058244153,0.02948295115685398,3847294.934583404,3983351.698541646,3882846.608750013,3961368.179583296,308.56569612628306,308.13150472000507,9.141740301944946,0.029626560621319402,301.7676126351963,313.2862838109429,303.06704170229847,311.81210820505066,3.2435271418719682,3.2453758052490573,0.09524587112586662,0.029364906461333464,3.191969095179574,3.3138096353114666,3.207087162315853,3.299600039655883,0.20272044636699801,0.20283598782806608,0.005952866945366664,0.029364906461333464,0.19949806844872336,0.20711310220696666,0.2004429476447408,0.20622500247849268,8192.0,16384.0
libVentra_deque_concurrent_deque_benchmark.json,deque,std::allocator,ConcurrentSteadyPushBackPopFront,operations_per_thread,512.0,24,30,30,318784.32438705565,320148.3017466853,13859.705275706441,0.04347674655068209,311744.3126417856,326523.0940954211,314885.8748405425,324075.29644980386,7650823.785289337,7683559.241920447,332632.9266169546,0.04347674655068208,7481863.503402855,7836554.258290106,7557260.99617302,7777807.114795293,4217532.78134922,4232328.387755174,133906.61211657006,0.031749987269507916,4106079.5397534827,4312651.623086725,4163918.6879251753,4292779.331207443,311.31281678423403,312.64482592449735,13.534868433307064,0.043476746550682066,304.43780531424375,318.87020907755965,307.5057371489673,316.4797816892616,3.21809745298567,3.198517851309666,0.14044040415477207,0.043640817659041056,3.1360876885219358,3.2848001252149057,3.159760209276657,3.251972905047274,0.13408739387440294,0.13327157713790277,0.005851683506448835,0.04364081765904104,0.13067032035508067,0.1368666718839544,0.13165667538652737,0.1354988710436364,12288.0,24576.0
libVentra_deque_concurrent_deque_benchmark.json,deque,std::allocator,ConcurrentSteadyPushBackPopFront,operations_per_thread,512.0,32,30,30,320078.1894828174,324284.7843951418,19649.978380810604,0.0613911819876295,306865.75285073207,333245.2858455711,314355.7656106482,329440.08978634945,10242502.063450158,10377113.100644538,628799.3081859393,0.0613911819876295,9819704.091223426,10663849.147058275,10059384.499540742,10542082.873163182,4296607.468872569,4295162.897058808,112486.66987064894,0.02618034593236079,4233172.330193017,4353199.451746293,4237884.747702237,4345510.41911762,312.57635691681384,316.6843597608807,19.18943201251035,0.06139118198762949,299.673586768293,325.4348494585655,306.98805235414864,321.7188376819818,3.211350801630209,3.1577183149735033,0.20491271288135254,0.0638088846529413,3.0729081223307384,3.337231012569237,3.108308090111067,3.257617545527359,0.10035471255094403,0.09867869734292198,0.006403522277542267,0.0638088846529413,0.09602837882283558,0.10428846914278865,0.09713462781597085,0.10180054829772997,16384.0,32768.0
libVentra_deque_concurrent_deque_benchmark.json,deque,std::allocator,ConcurrentSteadyPushBackPopFront,operations_per_thread,512.0,48,30,30,320644.02558876696,320677.3685839592,16317.798966142058,0.05089070016564099,309066.00394870806,332847.3603326878,316118.2350448499,327621.9609846906,15390913.228260817,15392513.692030039,783254.3503748188,0.050890700165640984,14835168.189537989,15976673.295969013,15173675.282152794,15725854.127265146,4296624.880132846,4318913.48097829,80802.37655870726,0.018806011418946344,4229767.812047202,4361424.114583415,4270409.540307929,4338497.829257226,313.12893123903024,313.16149275777263,15.93535055287309,0.05089070016564095,301.8222694811602,325.0462503248904,308.70921391098625,319.9433212741119,3.2018889259263177,3.1932433890607936,0.16963186348329054,0.052978684585136084,3.0765076250115353,3.313425323160967,3.1256925101454947,3.239326743808178,0.06670601929013163,0.06652590393876653,0.0035339971559018874,0.05297868458513609,0.06409390885440698,0.06902969423252014,0.06511859396136448,0.06748597382933702,24576.0,49152.0
libVentra_deque_concurrent_deque_benchmark.json,deque,std::allocator,ConcurrentSteadyPushBackPopFront,operations_per_thread,512.0,64,30,30,306317.54036416934,306484.90513306425,16735.697469954564,0.05463512618330026,296165.65789181425,317749.7588867484,299430.63483881543,312196.88228151796,19604322.583306838,19615033.928516112,1071084.6380770921,0.05463512618330026,18954602.10507611,20335984.568751898,19163560.629684187,19980600.46601715,4319855.713307309,4343846.762890659,106614.38151872666,0.024680079288366328,4214717.020898552,4410616.804101464,4232116.0753905885,4398160.442968829,299.1382230118841,299.30166516900806,16.3434545605025,0.054635126183300256,289.22427528497485,310.30249891284024,292.4127293347807,304.8797678530449,3.3528245151525735,3.341110713515682,0.1877328226337333,0.055992439146547564,3.2227411466157356,3.457524951967935,3.2799923499775128,3.4199018705941033,0.05238788304925896,0.05220485489868253,0.002933325353652083,0.055992439146547564,0.05035533041587087,0.054023827374498984,0.05124988046839864,0.053435966728032865,32768.0,65536.0
libVentra_deque_concurrent_deque_benchmark.json,deque,std::allocator,ConcurrentSteadyPushBackPopFront,operations_per_thread,2048.0,1,30,30,148617.73519601868,148190.49874915936,2338.85657356349,0.01573739884058027,146205.57151805144,150946.1592994458,147023.72143462696,150709.97748118953,148617.73519601868,148190.49874915936,2338.85657356349,0.01573739884058027,146205.57151805144,150946.1592994458,147023.72143462696,150709.97748118953,146665.07094800202,146238.1232277517,1466.6164905630317,0.009999766686663926,145232.95829854364,148129.58694746508,145443.92910754267,148024.85842364805,36.2836267568405,36.17932098368149,0.5710099056551501,0.015737398840580303,35.69471960889928,36.85208967271626,35.89446324087572,36.79442809599354,27.567247587849188,27.640134325032122,0.43431913389577687,0.0157548965493099,27.135503592261557,28.015394035847237,27.178030445976855,27.859578510169786,27.567247587849188,27.640134325032122,0.43431913389577687,0.0157548965493099,27.135503592261557,28.015394035847237,27.178030445976855,27.859578510169786,2048.0,4096.0
libVentra_deque_concurrent_deque_benchmark.json,deque,std::allocator,ConcurrentSteadyPushBackPopFront,operations_per_thread,2048.0,2,30,30,367609.32605003886,369173.3582500092,6402.0199878918065,0.017415281752183747,364126.71949995006,371766.28275017266,366046.1612500967,370683.9792500887,735218.6521000777,738346.7165000184,12804.039975783613,0.017415281752183747,728253.4389999001,743532.5655003453,732092.3225001934,741367.9585001774,732503.027466694,736280.0435000447,14328.424383402162,0.019560908072907123,725405.4472500542,741597.7737499692,730322.6610000532,739477.675500124,89.74837061768527,90.13021441650615,1.5629931611063976,0.01741528175218374,88.89812487791748,90.76325262455387,89.36673858644939,90.49901837160368,11.145586270659543,11.095058492074624,0.19741902755083177,0.017712753977826366,11.01768704034396,11.24884614811201,11.04984536921032,11.189897916283286,5.572793135329771,5.547529246037312,0.09870951377541588,0.017712753977826366,5.50884352017198,5.624423074056005,5.52492268460516,5.594948958141643,4096.0,8192.0
libVentra_deque_concurrent_deque_benchmark.json,deque,std::allocator,ConcurrentSteadyPushBackPopFront,operations_per_thread,2048.0,4,30,30,701717.1919077361,717186.7396691088,23685.384618754477,0.03375346206690729,676713.1385591638,720220.8969524953,678169.1461781497,719804.7334709316,2806868.7676309445,2868746.958676435,94741.53847501791,0.03375346206690729,2706852.554236655,2880883.5878099813,2712676.584712599,2879218.9338837266,2796214.001997225,2850597.74380187,92416.38844547281,0.03305054204701909,2695155.4705579123,2866778.1446280596,2706633.913223063,2862446.0661158124,171.31767380559964,175.0944188645285,5.782564604188107,0.03375346206690731,165.21316859354584,175.8351799200428,165.56863920364984,175.73357750755164,5.843605355560301,5.711206558056288,0.1991098732425898,0.03407312115167616,5.687144122072668,6.0527873955605145,5.690432376842797,6.039797181555559,1.4609013388900753,1.427801639514072,0.04977746831064745,0.03407312115167616,1.421786030518167,1.5131968488901286,1.4226080942106993,1.5099492953888898,8192.0,16384.0
libVentra_deque_concurrent_deque_benchmark.json,deque,std::allocator,ConcurrentSteadyPushBackPopFront,operations_per_thread,2048.0,8,30,30,892041.1872595879,885153.0686599428,23705.19303446457,0.026574101479875115,869759.5848856483,913719.4439600576,872638.6298076359,910523.4568808329,7136329.498076703,7081224.549279543,189641.54427571656,0.026574101479875115,6958076.679085187,7309755.551680461,6981109.038461087,7284187.655046663,7108607.804727575,7058125.617788486,191959.66033699102,0.02700383332575028,6929305.818509525,7285514.138221116,6950501.131009802,7256030.074519145,217.78349298329783,216.10182340330635,5.787400643179828,0.02657410147987512,212.34364865372274,223.07603612306093,213.04654048037986,222.29576584004712,4.594836253847647,4.627466437309371,0.12148077225036648,0.026438542211083216,4.482777089575423,4.709347405331073,4.498518079122186,4.693810825525489,0.5743545317309559,0.5784333046636714,0.01518509653129581,0.026438542211083216,0.5603471361969279,0.5886684256663841,0.5623147598902732,0.5867263531906861,16384.0,32768.0
libVentra_deque_concurrent_deque_benchmark.json,deque,std::allocator,ConcurrentSteadyPushBackPopFront,operations_per_thread,2048.0,12,30,30,1348156.751284638,1387290.1680553835,116341.5607091407,0.08629676081678232,1252448.4133680384,1450919.1786456672,1320819.6414931687,1420883.9864584396,16177881.015415652,16647482.016664602,1396098.7285096887,0.08629676081678236,15029380.96041646,17411030.143748008,15849835.697918024,17050607.837501276,15888414.216111235,16524849.895833582,1566543.2177024367,0.098596574610569,14525066.03333405,17228192.910416886,15595125.547916993,16798231.650000203,329.13983185660106,338.69388868539636,28.40370134500505,0.08629676081678231,305.77353841993124,354.22831509903983,322.46573278641813,346.895504506455,3.061832281754136,2.9526095131583068,0.28388480847310665,0.09271729551119237,2.8231399628237113,3.2704201253892604,2.8828533666128937,3.102085429295901,0.25515269014617803,0.24605079276319225,0.02365706737275888,0.09271729551119233,0.23526166356864264,0.27253501044910505,0.24023778055107448,0.25850711910799173,24576.0,49152.0
libVentra_deque_concurrent_deque_benchmark.json,deque,std::allocator,ConcurrentSteadyPushBackPopFront,operations_per_thread,2048.0,16,30,30,1260338.2037684503,1264153.7076058951,34031.95801538907,0.027002242662828486,1241494.4716800805,1283553.0384305555,1248002.8036536174,1276819.752527809,20165411.260295205,20226459.321694322,544511.3282462251,0.027002242662828486,19863911.54688129,20536848.614888888,19968044.85845788,20429116.040444944,15591010.527818667,15610581.518382413,393521.76775738527,0.025240299020723115,15420687.953124715,15917682.370403828,15481217.944853488,15736671.887868477,307.6997567794068,308.6312762709705,8.308583499850855,0.02700224266282851,303.09923625001966,313.36744102308484,304.6881844857464,311.7235723944847,3.252239378352681,3.2401204316799124,0.08886265259843487,0.027323527656025564,3.1911448283127273,3.2992645664061975,3.2079723638380955,3.2820445078314515,0.20326496114704257,0.20250752697999452,0.0055539157874021795,0.027323527656025564,0.19944655176954545,0.20620403540038734,0.20049827273988097,0.20512778173946572,32768.0,65536.0
libVentra_deque_concurrent_deque_benchmark.json,deque,std::allocator,ConcurrentSteadyPushBackPopFront,operations_per_thread,2048.0,24,30,30,1277083.417086224,1285150.48661751,59826.8533153545,0.046846472606977094,1215920.5794993374,1323392.8991969838,1253719.3422309894,1314252.1969038672,30650002.010069378,30843611.678820238,1435844.4795685078,0.04684647260697709,29182093.9079841,31761429.58072761,30089264.213543743,31542052.72569281,16684076.364351993,16764673.017360944,438521.42272789835,0.026283829751874335,16345463.786458554,17026716.42274291,16475367.831597492,17008242.14583396,311.7879436245664,313.757443021853,14.606165360193964,0.04684647260697708,296.8556102293304,323.0939695305136,306.08382378686264,320.8623527597332,3.214224050376168,3.1871831290286936,0.15283514086091232,0.04754962269759187,3.0950748653681686,3.3690183192335885,3.1166046931801183,3.2670849633466887,0.13392600209900699,0.13279929704286222,0.006368130869204678,0.047549622697591866,0.12896145272367368,0.14037576330139956,0.12985852888250493,0.13612854013944536,49152.0,98304.0
libVentra_deque_concurrent_deque_benchmark.json,deque,std::allocator,ConcurrentSteadyPushBackPopFront,operations_per_thread,2048.0,32,30,30,1268989.8369647232,1278518.6879883762,65490.28575350328,0.0516082035063011,1247443.8709854714,1307405.423583812,1258136.3298612086,1299473.5345595032,40607674.78287114,40912598.01562804,2095689.144112105,0.0516082035063011,39918203.871535085,41836973.55468199,40260362.555558674,41583153.1059041,16882639.053125232,16835228.503473133,444162.88490947377,0.0263088539363905,16585540.404513985,17016511.895833306,16648275.44618192,16945495.322916903,309.8119719152156,312.13835155966217,15.98883929528888,0.05160820350630107,304.55172631481236,319.1907772421417,307.1621899075216,317.2542808983162,3.2364662277963387,3.2037111809625123,0.17494691200320836,0.05405491659411725,3.1329235710900853,3.283522484178149,3.1520462412739843,3.255647391491254,0.10113956961863559,0.10011597440507851,0.005467091000100261,0.05405491659411725,0.09790386159656517,0.10261007763056716,0.09850144503981201,0.10173898098410168,65536.0,131072.0
libVentra_deque_concurrent_deque_benchmark.json,deque,std::allocator,ConcurrentSteadyPushBackPopFront,operations_per_thread,2048.0,48,30,30,1264933.1377459725,1270959.128534135,60848.092333827815,0.048103801314158874,1249776.1448102267,1300514.978004044,1254946.6999627966,1290457.8111358222,60716790.61180668,61006038.16963848,2920708.432023735,0.04810380131415886,59989254.95089089,62424718.94419411,60237441.59821424,61941974.93451947,17039618.69920634,16890872.120535593,438145.7702561011,0.025713355327399944,16734010.682290796,17251984.953125216,16798963.48660744,17150382.526785433,308.8215668325129,310.29275598977904,14.85549129243843,0.04810380131415885,305.12112910405926,317.50853955176854,306.3834716706047,315.05317654683165,3.245812397156197,3.222774508926662,0.16614799095002164,0.05118841467719804,3.1495224864781743,3.277387156947436,3.174089695156452,3.2638839918668987,0.06762109160742077,0.06714113560263879,0.0034614164781254495,0.05118841467719802,0.06561505180162863,0.0682788991030716,0.06612686864909276,0.06799758316389372,98304.0,196608.0
libVentra_deque_concurrent_deque_benchmark.json,deque,std::allocator,ConcurrentSteadyPushBackPopFront,operations_per_thread,2048.0,64,30,30,1207053.5796012192,1237389.4088377748,84857.35488459676,0.07030123295159071,1160792.919580156,1265405.2381103954,1178136.6247315628,1251059.21020503,77251429.09447803,79192922.16561759,5430870.712614193,0.07030123295159071,74290746.85312998,80985935.2390653,75400743.98282002,80067789.45312192,16972427.918853957,16989120.746875077,261014.72811602007,0.015378750133094969,16901095.160156325,17133282.76406249,16925852.182811722,17062561.97968742,294.6908153323289,302.09702364203486,20.717127657372263,0.07030123295159074,283.396708881874,308.93682571054575,287.63101189735426,305.43437749146244,3.4106674706792974,3.3102146880059964,0.25506953758391915,0.07478581238912668,3.2369084644472315,3.528754160881826,3.2740706316790353,3.4767219735088064,0.05329167922936402,0.051722104500093694,0.003985461524748737,0.07478581238912668,0.05057669475698799,0.05513678376377853,0.05115735361998493,0.0543237808360751,131072.0,262144.0
libVentra_deque_concurrent_deque_benchmark.json,deque,std::allocator,ConcurrentSteadyPushBackPopFront,operations_per_thread,8192.0,1,30,30,590346.9854921238,588580.1398957819,6606.970748914189,0.011191673560264733,584139.9386880986,596939.376079587,586315.8911911412,595216.9369598913,590346.9854921238,588580.1398957819,6606.970748914189,0.011191673560264733,584139.9386880986,596939.376079587,586315.8911911412,595216.9369598913,586969.0534830709,585538.6796199577,6195.464751065767,0.010555010889078249,582517.2396374901,591781.3795338114,582791.6554404034,587010.6131259772,36.03192050122826,35.924080804185905,0.4032574919991565,0.011191673560264718,35.653072429693516,36.43428809079511,35.7858820307093,36.32915874999337,27.75652763330544,27.83648167195272,0.31040711169685703,0.011183211235846204,27.446711824956406,28.048073733216626,27.52610105228093,27.9440235147541,27.75652763330544,27.83648167195272,0.31040711169685703,0.011183211235846204,27.446711824956406,28.048073733216626,27.52610105228093,27.9440235147541,8192.0,16384.0
libVentra_deque_concurrent_deque_benchmark.json,deque,std::allocator,ConcurrentSteadyPushBackPopFront,operations_per_thread,8192.0,2,30,30,1460501.9881052438,1490758.8514956725,54085.82206333415,0.037032350865541394,1412216.604700088,1503500.3210466758,1443526.0491446126,1498400.9615392275,2921003.9762104875,2981517.702991345,108171.6441266683,0.037032350865541394,2824433.209400176,3007000.6420933516,2887052.0982892253,2996801.923078455,2907490.5321939015,2973751.0341880396,112717.28141475192,0.03876789285009261,2811413.2617510865,2999600.367521672,2858660.9935898846,2989243.55341883,89.14196704743921,90.98869943210892,3.301136600545298,0.037032350865541394,86.19486112671436,91.76637701700903,88.10583796048661,91.45513681269699,11.233346887280145,10.990387395605975,0.4271934995395248,0.03802904902930121,10.897244540131283,11.603142636210244,10.934326896579094,11.349986604435811,5.616673443640073,5.495193697802987,0.2135967497697624,0.03802904902930121,5.448622270065641,5.801571318105122,5.467163448289547,5.6749933022179055,16384.0,32768.0
libVentra_deque_concurrent_deque_benchmark.json,deque,std::allocator,ConcurrentSteadyPushBackPopFront,operations_per_thread,8192.0,4,30,30,3088892.196503374,3138711.822545913,80958.25525176626,0.026209479030511653,2992531.369978378,3152372.544644574,3012199.626116033,3148313.7600442236,12355568.786013495,12554847.290183652,323833.021007065,0.026209479030511653,11970125.479913512,12609490.178578297,12048798.504464133,12593255.040176895,12307899.727083094,12494620.29464023,324863.2952036782,0.026394697910060813,11925257.04241192,12561434.430801691,11994839.88392952,12551422.209819153,188.5310178529891,191.57176651281208,4.9412997590189365,0.026209479030511657,182.64961974965686,192.40555082059166,183.85007483618367,192.1578222683242,5.307742006702086,5.219976034614447,0.14111226644428895,0.026586120098924644,5.197355664605645,5.474964730481478,5.2040556563622875,5.439286498633398,1.3269355016755215,1.3049940086536118,0.03527806661107224,0.026586120098924644,1.2993389161514113,1.3687411826203695,1.3010139140905719,1.3598216246583494,32768.0,65536.0
libVentra_deque_concurrent_deque_benchmark.json,deque,std::allocator,ConcurrentSteadyPushBackPopFront,operations_per_thread,8192.0,8,30,30,3654187.6810499015,3670195.4014404234,53602.38929044726,0.014668756497763277,3624086.472354767,3686363.730770163,3631420.282452233,3679725.9140634798,29233501.448399212,29361563.211523388,428819.1143235781,0.014668756497763277,28992691.778838135,29490909.846161302,29051362.259617865,29437807.312507838,29111204.740705196,29236945.971153412,432560.8380819806,0.014858912296307189,28862051.237979863,29374123.84615713,28929244.783651307,29315426.65865379,223.03391607970588,224.01094979494775,3.271630205715777,0.014668756497763285,221.1966841036845,224.9977863018898,221.64430434889118,224.59264612203856,4.48456144167862,4.464067547744225,0.06618848381004883,0.014759187642052632,4.444490637579334,4.520866680295542,4.452505535109587,4.511733396012506,0.5605701802098275,0.5580084434680281,0.008273560476256103,0.014759187642052632,0.5555613296974168,0.5651083350369428,0.5565631918886984,0.5639666745015632,65536.0,131072.0
libVentra_deque_concurrent_deque_benchmark.json,deque,std::allocator,ConcurrentSteadyPushBackPopFront,operations_per_thread,8192.0,12,30,30,5350200.747778142,5685473.259026391,548349.1007450683,0.10249131324143107,4743355.301042128,5820467.907984216,5010403.407642469,5795878.227085419,64202408.973337695,68225679.1083167,6580189.208940821,0.1024913132414311,56920263.61250555,69845614.89581059,60124840.891709626,69550538.72502503,62913089.115554996,67501920.34166509,7268436.088024469,0.11553138131040173,54712187.495834865,68842729.67082885,58500880.51666571,68724115.30833408,326.55033860950573,347.0137487198725,33.468573043522234,0.10249131324143107,289.51143194837215,355.2531682119273,305.8107548609905,353.75233319613153,3.0953574014673992,2.8817539979967584,0.334037069069197,0.10791550885556604,2.814898680356637,3.4541473545922647,2.8268474634540164,3.270016170010422,0.2579464501222833,0.24014616649972986,0.02783642242243308,0.10791550885556601,0.23457489002971976,0.28784561288268873,0.23557062195450135,0.2725013475008685,98304.0,196608.0
libVentra_deque_concurrent_deque_benchmark.json,deque,std::allocator,ConcurrentSteadyPushBackPopFront,operations_per_thread,8192.0,16,30,30,5066428.718034406,5061115.994629883,153338.5639215978,0.030265611628122874,4928129.020264294,5175593.197755734,5004659.259767231,5141713.951660076,81062859.4885505,80977855.91407813,2453417.0227455646,0.030265611628122874,78850064.3242287,82809491.16409175,80074548.15627569,82267423.22656122,62636135.066667035,62630028.67969054,2075668.620285268,0.033138516897251426,60871601.30859585,64402294.3437533,61674859.14062375,63601748.6406262,309.2302684347172,308.9060055316091,9.359043208105332,0.030265611628122868,300.7891247719906,315.8931395114584,305.4601598979022,313.8253144323777,3.236696887021784,3.237233984539859,0.0978300640883981,0.030225278270779168,3.1656612143559855,3.3245916044053665,3.1864882542113344,3.2737493502728556,0.2022935554388615,0.2023271240337412,0.006114379005524881,0.030225278270779168,0.1978538258972491,0.2077869752753354,0.1991555158882084,0.20460933439205348,131072.0,262144.0
libVentra_deque_concurrent_deque_benchmark.json,deque,std::allocator,ConcurrentSteadyPushBackPopFront,operations_per_thread,8192.0,24,30,30,5004060.453973879,5035741.145542681,238083.5319510414,0.047578068678601176,4872667.581452369,5111753.560330462,4913904.816550346,5079587.551215859,120097450.89537308,120857787.49302435,5714004.766824993,0.04757806867860118,116944021.95485686,122682085.44793108,117933715.5972083,121910101.22918063,65628231.6013887,65724935.88194264,1711266.5166867746,0.026075158128298005,64864464.09027642,66900488.75347266,65273148.84722252,66485763.19444126,305.42361169274164,307.35724765275154,14.531465573183679,0.047578068678601176,297.40402718825493,311.99667726626353,299.92094827577796,310.0334198740149,3.281431259535459,3.2535430059071295,0.15883900032261838,0.04840540232590601,3.2051627472830146,3.3624529006714408,3.225458804351823,3.3342576277617404,0.13672630248064413,0.13556429191279706,0.006618291680109098,0.04840540232590599,0.13354844780345898,0.14010220419464336,0.13439411684799263,0.13892740115673918,196608.0,393216.0
libVentra_deque_concurrent_deque_benchmark.json,deque,std::allocator,ConcurrentSteadyPushBackPopFront,operations_per_thread,8192.0,32,30,30,5096059.454687592,5185261.74145495,375448.88392627233,0.07367435314768886,4823666.504637725,5417077.000611115,4976768.321046654,5355683.121338606,163073902.55000293,165928375.7265584,12014364.285640715,0.07367435314768886,154357328.1484072,173346464.0195557,159256586.27349293,171381859.8828354,67824384.97864605,69563655.15624791,5426502.885416615,0.08000813995033061,67616846.48828179,70744771.49218729,68735798.70312586,70575889.93750393,311.03878507614695,316.48326058684995,22.91558129432815,0.07367435314768887,294.4132388084549,330.6321411505807,303.7578320951327,326.8849561363895,3.232814664392857,3.1597252460119787,0.250178098413848,0.0773870835125134,3.024531993985101,3.39713633081238,3.0591835867528943,3.2921428816628557,0.10102545826227678,0.09874141393787433,0.00781806557543275,0.0773870835125134,0.0945166248120344,0.10616051033788687,0.09559948708602795,0.10287946505196424,262144.0,524288.0
libVentra_deque_concurrent_deque_benchmark.json,deque,std::allocator,ConcurrentSteadyPushBackPopFront,operations_per_thread,8192.0,48,30,30,5036287.429673042,5064308.649740093,265233.14774727804,0.052664418274573556,4878839.342773963,5235378.893771446,4900623.541232305,5159954.3114142995,241741796.624306,243086815.1875245,12731191.091869345,0.052664418274573556,234184288.4531502,251298186.9010294,235229929.97915062,247677806.94788635,69381875.58333193,69849254.96874917,1577599.7247793868,0.022737922714190565,68850553.54166491,70424517.81770816,68994041.70833367,70202162.1875006,307.390590190005,309.1008697351132,16.18854661543445,0.052664418274573556,297.7807216048561,319.5421688092924,299.11032356154203,314.93861764003293,3.262200922478143,3.235190146401782,0.1774111068894822,0.054383868776148585,3.129477707606484,3.358180629179423,3.1752226506681973,3.343256040647513,0.06796251921829465,0.06739979471670379,0.003696064726864212,0.05438386877614858,0.06519745224180175,0.06996209644123799,0.06615047188892079,0.06965116751348985,393216.0,786432.0
libVentra_deque_concurrent_deque_benchmark.json,deque,std::allocator,ConcurrentSteadyPushBackPopFront,operations_per_thread,8192.0,64,30,30,4853951.60088716,4844740.244995149,207585.78921395578,0.04276634921040729,4714386.821409955,4953269.106812041,4746533.561034827,4899260.700928054,310652902.4567782,310063375.6796895,13285490.50969317,0.04276634921040729,301720756.5702371,317009222.83597064,303778147.9062289,313552684.85939544,67771664.9239579,67485159.4062552,1906262.9834523024,0.028127728389013226,66566124.36327566,68216418.10937104,66928095.76562403,67792130.50000378,296.26169439008544,295.6994778439422,12.670031079953356,0.04276634921040729,287.74333626769743,302.3235538825709,289.70541754362955,299.02714239062834,3.3812705914972807,3.381826298135177,0.1423241851642972,0.04209192411935118,3.3077338763524833,3.475320556173773,3.3441858386869976,3.4518975882806524,0.05283235299214501,0.052841035908362144,0.002223815393192144,0.04209192411935118,0.05168334181800755,0.0543018836902152,0.05225290372948434,0.053935899816885194,524288.0,1048576.0
libVentra_deque_concurrent_deque_benchmark.json,deque,std::allocator,ConcurrentSteadyPushFrontPopBack,operations_per_thread,512.0,1,30,30,36689.40870373638,36543.022435196544,417.30425939594784,0.011373970694530446,36351.894196350106,36940.70038966519,36432.45249626568,36705.672793327925,36689.40870373638,36543.022435196544,417.30425939594784,0.011373970694530446,36351.894196350106,36940.70038966519,36432.45249626568,36705.672793327925,36530.817677834646,36455.007583742125,309.88166148478047,0.008482746381907666,36266.213845576465,36691.783310515064,36346.28776067469,36615.9016220818,35.82950068724256,35.686545346871625,0.4075236908163551,0.011373970694530439,35.49989667612316,36.07490272428241,35.578566890884446,35.8453835872343,27.913418119928114,28.021765354203623,0.31436234168116156,0.011262051115722375,27.7202965439733,28.169112466364187,27.89760388548217,28.106826214065542,27.913418119928114,28.021765354203623,0.31436234168116156,0.011262051115722375,27.7202965439733,28.169112466364187,27.89760388548217,28.106826214065542,512.0,1024.0
libVentra_deque_concurrent_deque_benchmark.json,deque,std::allocator,ConcurrentSteadyPushFrontPopBack,operations_per_thread,512.0,2,30,30,89240.79030589116,89515.41829414696,4148.562161762265,0.04648728622351073,85024.32623537756,93016.45561757089,87566.0114118492,90241.22082347971,178481.58061178232,179030.83658829393,8297.12432352453,0.04648728622351073,170048.65247075513,186032.91123514177,175132.0228236984,180482.44164695943,177913.03285491734,178589.2876470982,8458.768467306765,0.04754440038243085,169650.70300000132,185558.418470637,174200.29082355768,180009.22494115273,87.14920928309684,87.4174006778779,4.051330236095963,0.046487286223510754,83.0315685892359,90.83638243903405,85.51368301938399,88.12619221042941,11.49866237393338,11.439380634520306,0.5365840824416775,0.0466649132735712,11.011480556677313,12.043612754838055,11.347371264147146,11.695412139109761,5.74933118696669,5.719690317260153,0.2682920412208388,0.0466649132735712,5.505740278338656,6.021806377419027,5.673685632073573,5.847706069554881,1024.0,2048.0
libVentra_deque_concurrent_deque_benchmark.json,deque,std::allocator,ConcurrentSteadyPushFrontPopBack,operations_per_thread,512.0,4,30,30,179163.95737177826,174734.87475963513,10614.833035533862,0.059246475637437,170887.62274657216,190531.18188091606,173785.30661050515,177452.43581735244,716655.829487113,698939.4990385405,42459.33214213545,0.059246475637437,683550.4909862886,762124.7275236642,695141.2264420206,709809.7432694098,714305.9541827085,697009.6867788022,42397.36479093621,0.059354628843107216,681687.305528874,760289.8862980983,690718.9923078242,708261.1475961129,174.96480212087724,170.63952613245618,10.366047886263537,0.05924647563743699,166.88244408844938,186.06560730558212,169.71221348682144,173.29339435288324,5.734041443453902,5.86031261175934,0.3250783224268055,0.056692705421221096,5.381224859456718,5.9922549135291785,5.770567866617847,5.892328888985279,1.4335103608634756,1.465078152939835,0.08126958060670138,0.056692705421221096,1.3453062148641795,1.4980637283822946,1.4426419666544616,1.4730822222463198,2048.0,4096.0
libVentra_deque_concurrent_deque_benchmark.json,deque,std::allocator,ConcurrentSteadyPushFrontPopBack,operations_per_thread,512.0,8,30,30,220261.57904530127,219349.7189775994,6995.574492056936,0.03176030301053164,214193.48828123213,225927.12431723782,215495.01513190195,223015.21450243262,1762092.6323624102,1754797.7518207952,55964.59593645549,0.03176030301053164,1713547.906249857,1807416.9945379025,1723960.1210552156,1784121.716019461,1754817.334789619,1747203.7424150107,55201.62299540719,0.03145719038729759,1709214.1642900754,1801775.374696656,1715984.4799757146,1774315.0688713545,215.09919828642703,214.20870993906195,6.831615714899352,0.03176030301053165,209.17332839964075,220.63195734105255,210.444350714748,217.78829541253185,4.653510736058252,4.6683472023485635,0.146397337770437,0.031459546581908734,4.532627840695173,4.7807248155665745,4.591616753612987,4.7518536125532185,0.5816888420072815,0.5835434002935704,0.018299667221304626,0.031459546581908734,0.5665784800868966,0.5975906019458218,0.5739520942016234,0.5939817015691523,4096.0,8192.0
libVentra_deque_concurrent_deque_benchmark.json,deque,std::allocator,ConcurrentSteadyPushFrontPopBack,operations_per_thread,512.0,12,30,30,331493.5885294132,335005.45216503757,19752.081344864866,0.059585108214279314,313450.34848848206,345865.4696078751,319163.31997551565,344738.0159722123,3977923.0623529586,4020065.4259804506,237024.97613837844,0.05958510821427932,3761404.1818617843,4150385.6352945007,3829959.839706188,4136856.1916665477,3907560.1755228057,3945852.730882328,261379.79786908944,0.06689079275256933,3667157.388725741,4120938.1433821283,3742444.1024509673,4105842.012254766,323.7242075482551,327.1537618799195,19.289141938344603,0.059585108214279335,306.10385594578327,337.7592476639405,311.68292966358956,336.6582187228636,3.099885750069856,3.057037063937078,0.18844361500100107,0.06079050332637404,2.9606964793694557,3.2668850248917205,2.970372175393224,3.2084589556946463,0.2583238125058213,0.2547530886614232,0.015703634583416757,0.06079050332637405,0.24672470661412127,0.2722404187409767,0.24753101461610202,0.2673715796412205,6144.0,12288.0
libVentra_deque_concurrent_deque_benchmark.json,deque,std::allocator,ConcurrentSteadyPushFrontPopBack,operations_per_thread,512.0,16,30,30,311693.64162268705,311864.1861011761,9419.58052035314,0.030220637390337843,307381.4215318274,317146.6012325677,309200.9379750944,315283.8175677232,4987098.265962993,4989826.977618817,150713.28832565024,0.030220637390337843,4918102.744509239,5074345.619721083,4947215.007601511,5044541.081083572,3868755.3362050056,3866371.433699335,127417.2834086479,0.03293495513046216,3773148.645059011,3968416.9077279908,3782812.644003499,3932821.305743199,304.3883218971553,304.55486923942976,9.198809101907369,0.03022063739033786,300.1771694646752,309.71347776617927,301.95404099130315,307.89435309347976,3.288193653949182,3.2834805942907117,0.0999093431113984,0.030384263710078453,3.2287978656810337,3.33136797318005,3.2478701892558153,3.3117664396821374,0.20551210337182388,0.20521753714316948,0.0062443339444624,0.030384263710078453,0.2017998666050646,0.20821049832375313,0.20299188682848845,0.20698540248013358,8192.0,16384.0
libVentra_deque_concurrent_deque_benchmark.json,deque,std::allocator,ConcurrentSteadyPushFrontPopBack,operations_per_thread,512.0,24,30,30,312612.77174511965,313955.4292438179,13152.323123157486,0.042072251398227824,302286.47455642506,320814.49614200735,307684.29589124303,317869.1892361625,7502706.521882874,7534930.30185163,315655.7549557797,0.04207225139822782,7254875.389354201,7699547.907408176,7384423.101389834,7628860.5416679,4112521.2384259356,4127443.891666704,105427.88983689585,0.025635828661944682,4074871.7902778666,4179182.5166667607,4079268.530555604,4155730.64398149,305.2859099073434,306.59709887091594,12.84406554995849,0.04207225139822785,295.20163530900885,313.29540638867905,300.472945206292,310.4191301134399,3.281248865494644,3.2616110403471055,0.13864342396823645,0.04225324858050233,3.191905832249346,3.387592407478501,3.2214588634396826,3.328308825517759,0.13671870272894351,0.1359004600144627,0.005776809332009856,0.042253248580502355,0.13299607634372276,0.14114968364493752,0.13422745264332012,0.13867953439657327,12288.0,24576.0
libVentra_deque_concurrent_deque_benchmark.json,deque,std::allocator,ConcurrentSteadyPushFrontPopBack,operations_per_thread,512.0,32,30,30,316582.6156530275,316842.73966465285,14277.763909984973,0.04509964604510473,313597.4603814293,326841.9002618749,314504.7944742574,323053.8591172764,10130643.70089688,10138967.669268891,456888.44511951914,0.04509964604510473,10035118.732205737,10458940.808379997,10064153.423176236,10337723.491752844,4246863.662413201,4267747.51605873,99307.61184070194,0.023383753219963797,4196541.470920185,4312520.841797026,4212698.941406262,4299910.449652878,309.16271059865977,309.41673795376255,13.943128818344702,0.045099646045104726,306.24751990373954,319.18154322448714,307.133588353767,315.4822842942152,3.2412513327364545,3.2318976260198435,0.15426304824635434,0.04759367059515142,3.1330552518169705,3.2653407198215647,3.169751047372273,3.2559122597719643,0.1012891041480142,0.10099680081312011,0.004820720257698573,0.04759367059515142,0.09790797661928033,0.1020418974944239,0.09905472023038353,0.10174725811787388,16384.0,32768.0
libVentra_deque_concurrent_deque_benchmark.json,deque,std::allocator,ConcurrentSteadyPushFrontPopBack,operations_per_thread,512.0,48,30,30,323113.5444733832,323586.30280670687,13223.968473627161,0.040926691869818836,320920.5760407174,332229.8612965102,321343.86383279815,329787.178249768,15509450.134722395,15532142.53472193,634750.4867341038,0.04092669186981884,15404187.649954434,15947033.34223249,15424505.463974312,15829784.555988861,4430653.147540474,4441285.606336679,66665.67259025513,0.015046466146252567,4392694.1243489,4467711.353081649,4403546.860677108,4466692.129774309,315.5405707747883,316.0022488346747,12.914031712526526,0.04092669186981884,313.3990000397631,324.44322392237325,313.8123670242169,322.05779125953904,3.1746256278651446,3.1645355760850564,0.13831926695499344,0.04357026092806088,3.0822115182644376,3.190820732674191,3.105034922640296,3.1866193776504694,0.06613803391385718,0.06592782450177201,0.0028816513948956967,0.04357026092806088,0.06421273996384246,0.06647543193071231,0.06468822755500617,0.06638790370105145,24576.0,49152.0
libVentra_deque_concurrent_deque_benchmark.json,deque,std::allocator,ConcurrentSteadyPushFrontPopBack,operations_per_thread,512.0,64,30,30,298112.0795387396,302957.4434271703,24278.314829277697,0.08144022498800736,282052.4039646104,314520.1055874249,285665.00542531733,312801.27568903787,19079173.090479333,19389276.379338898,1553812.1490737726,0.08144022498800736,18051353.853735067,20129286.757595193,18282560.34722031,20019281.644098423,4285699.096151589,4300691.1835937025,100856.11390709564,0.023533176652010164,4227598.399956471,4351633.240668412,4255202.262586812,4324016.888454975,291.12507767455037,295.856878346846,23.7092918254665,0.08144022498800736,275.44180074668986,307.14854061271956,278.96973186066145,305.46999579007604,3.458331158818363,3.3800357574812185,0.29825546373970824,0.08624259795918898,3.2557542955990093,3.6305825478039613,3.2737179649558548,3.584620091046463,0.054036424356536925,0.05281305871064404,0.004660241620932941,0.08624259795918898,0.05087116086873452,0.056727852309436895,0.05115184320243523,0.056009688922600984,32768.0,65536.0
libVentra_deque_concurrent_deque_benchmark.json,deque,std::allocator,ConcurrentSteadyPushFrontPopBack,operations_per_thread,2048.0,1,30,30,150574.99802205834,150604.1399916224,1348.3901712433883,0.008954940653865108,150015.97074817255,151512.0300879127,150182.2302547958,151198.83911419113,150574.99802205834,150604.1399916224,1348.3901712433883,0.008954940653865108,150015.97074817255,151512.0300879127,150182.2302547958,151198.83911419113,147774.76594233385,147759.49979108517,1307.8965778291479,0.008850608353117123,147211.281550362,148670.54878804312,147404.89552854234,148334.66631848985,36.76147412647909,36.768588865142185,0.3291968191512177,0.008954940653865102,36.62499285844057,36.990241720681816,36.66558355829976,36.91377908061307,27.204507786603354,27.197127987854202,0.2445293848893999,0.00898856126372617,27.03418135819873,27.303760218172684,27.090157287275485,27.27353582156309,27.204507786603354,27.197127987854202,0.2445293848893999,0.00898856126372617,27.03418135819873,27.303760218172684,27.090157287275485,27.27353582156309,2048.0,4096.0
libVentra_deque_concurrent_deque_benchmark.json,deque,std::allocator,ConcurrentSteadyPushFrontPopBack,operations_per_thread,2048.0,2,30,30,361458.00870694034,358578.87231955456,10382.41530913083,0.0287237108019056,358173.2335527178,369041.7224659046,358264.6006333212,360013.1464424449,722916.0174138807,717157.7446391091,20764.83061826166,0.0287237108019056,716346.4671054356,738083.4449318092,716529.2012666424,720026.2928848898,719094.5954840651,715168.4951266896,22515.769323293047,0.03131127596381996,708970.8467350412,736215.4254386846,710555.271929848,718357.768518157,88.24658415696787,87.54366999989125,2.5347693625807683,0.028723710801905587,87.44463709783149,90.09807677390249,87.46694351399444,87.89383458067502,11.340811236070563,11.422870457005173,0.3216584801797247,0.028362916327948247,11.10091089784357,11.435807098226839,11.377371452309948,11.432890876071706,5.670405618035281,5.7114352285025864,0.16082924008986235,0.028362916327948247,5.550455448921785,5.717903549113419,5.688685726154974,5.716445438035853,4096.0,8192.0
libVentra_deque_concurrent_deque_benchmark.json,deque,std::allocator,ConcurrentSteadyPushFrontPopBack,operations_per_thread,2048.0,4,30,30,776963.7716999241,779027.2472344497,6270.053281081971,0.008069942910418694,772713.2215153641,780592.8904872668,774781.589048384,780071.6899893323,3107855.0867996966,3116108.988937799,25080.213124327885,0.008069942910418694,3090852.8860614565,3122371.5619490673,3099126.356193536,3120286.7599573294,3096066.589749218,3108757.9347346006,28776.711010013045,0.009294603386532447,3076326.082411619,3113508.9037606595,3090279.634955846,3113243.7466814844,189.6884208251768,190.19219903184808,1.5307747268266465,0.008069942910418659,188.65068884652447,190.57443615411788,189.15566138876562,190.44718993880184,5.272136099161279,5.257839203477371,0.04269185450853583,0.00809763892766871,5.247294108789994,5.300803441896546,5.250799455031638,5.286662526752593,1.3180340247903197,1.3144598008693427,0.010672963627133958,0.00809763892766871,1.3118235271974985,1.3252008604741365,1.3126998637579095,1.3216656316881483,8192.0,16384.0
libVentra_deque_concurrent_deque_benchmark.json,deque,std::allocator,ConcurrentSteadyPushFrontPopBack,operations_per_thread,2048.0,8,30,30,910745.1789762859,916485.7980769133,20594.7993605024,0.022613130254119797,911046.4344947999,921580.072115351,912897.4450118331,920367.9655946929,7285961.431810287,7331886.384615307,164758.3948840192,0.022613130254119797,7288371.4759583995,7372640.576922808,7303179.560094665,7362943.724757543,7254701.171394257,7299198.659855438,164285.00584590726,0.02264531673526311,7255246.522836793,7346907.474759773,7269589.210335993,7335534.593750184,222.3498972110073,223.75141554612142,5.028027187622656,0.022613130254119797,222.42344592158202,224.99513479378683,222.87535278609207,224.6992103502668,4.499734168254548,4.469247720151916,0.10607184995915993,0.023572914752940908,4.444541221552924,4.495928926547239,4.450393969996593,4.486813146466144,0.5624667710318185,0.5586559650189895,0.013258981244894991,0.023572914752940908,0.5555676526941155,0.5619911158184049,0.5562992462495742,0.560851643308268,16384.0,32768.0
libVentra_deque_concurrent_deque_benchmark.json,deque,std::allocator,ConcurrentSteadyPushFrontPopBack,operations_per_thread,2048.0,12,30,30,1349931.19843479,1374229.2111447584,78371.68696411945,0.05805606023106169,1296388.7132106344,1406788.6039189007,1361338.7017193823,1394380.5403439708,16199174.38121748,16490750.533737103,940460.2435694338,0.05805606023106171,15556664.558527611,16881463.24702681,16336064.420632586,16732566.484127648,15958179.58306856,16336128.01984139,1111016.3826687613,0.06962049630319592,15226638.832341133,16758154.877976708,16219041.488094844,16570096.688491661,329.5730464928686,335.5051785021383,19.1337126377245,0.05805606023106177,316.50115068619004,343.45424900363787,332.3580814744586,340.42493660741474,3.044850840061522,2.980580702906474,0.18965158580159927,0.06228600209452865,2.911596564348485,3.159844349966497,2.9375051368614082,3.008810870867331,0.25373757000512687,0.2483817252422062,0.015804298816799938,0.062286002094528635,0.24263304702904043,0.26332036249720814,0.24479209473845068,0.2507342392389442,24576.0,49152.0
libVentra_deque_concurrent_deque_benchmark.json,deque,std::allocator,ConcurrentSteadyPushFrontPopBack,operations_per_thread,2048.0,16,30,30,1278567.885105637,1280138.1838107612,39312.158472686286,0.030747024800672408,1254580.6531573234,1308386.9039716884,1266330.2125648614,1302210.4116750592,20457086.16169019,20482210.94097218,628994.5355629806,0.030747024800672408,20073290.450517174,20934190.463547014,20261283.401037782,20835366.586800948,15838946.234722413,15907139.329861283,543662.1146356005,0.034324386646617626,15560601.184027998,16199499.92881947,15628476.586805992,16113795.800347298,312.1503625746184,312.5337362819242,9.597694939620677,0.03074702480067241,306.2941047747372,319.430396477463,309.1626495519681,317.9224637878563,3.2065570531485457,3.199655099511104,0.10008235356386747,0.031211780082189947,3.1305729137945804,3.2648363799012925,3.145421366813533,3.2345701556446187,0.2004098158217841,0.199978443719444,0.006255147097741717,0.031211780082189947,0.19566080711216127,0.20405227374383078,0.19658883542584582,0.20216063472778867,32768.0,65536.0
libVentra_deque_concurrent_deque_benchmark.json,deque,std::allocator,ConcurrentSteadyPushFrontPopBack,operations_per_thread,2048.0,24,30,30,1274779.9913461977,1281102.4117920347,43806.01056838654,0.03436358498388915,1243970.3374062795,1301499.187366408,1248953.798210611,1293443.2713009869,30594719.792308737,30746457.883008834,1051344.253641277,0.03436358498388916,29855288.09775071,31235980.496793795,29974891.157054663,31042638.51122369,16826576.30202973,16787077.16346193,487654.6453210408,0.028981216176591836,16495937.845352484,17106285.362980418,16555182.543268884,17058882.733974047,311.2255838247553,312.76914350391473,10.6948267989225,0.03436358498388917,303.70369565583,317.74882504062697,304.9203608912625,315.7820486574675,3.216762053093648,3.1972486387865917,0.11021496024068546,0.03426270218982742,3.147141229996164,3.292686131536624,3.1667412386433016,3.279548909756677,0.13403175221223532,0.13321869328277464,0.00459229001002856,0.03426270218982741,0.1311308845831735,0.13719525548069267,0.13194755161013758,0.13664787123986152,49152.0,98304.0
libVentra_deque_concurrent_deque_benchmark.json,deque,std::allocator,ConcurrentSteadyPushFrontPopBack,operations_per_thread,2048.0,32,30,30,1293822.7113099636,1313865.697645294,78162.12181150728,0.060411771356502206,1270701.1155327475,1343758.7600909504,1290209.3936626692,1338936.735622958,41402326.761918835,42043702.32464941,2501187.897968233,0.060411771356502206,40662435.69704792,43000280.32291041,41286700.597205415,42845975.53993466,17172251.01030078,17195405.144097134,363548.04211295745,0.021170668999357337,16929177.448784404,17394622.60156217,17069712.423610553,17329965.13194391,315.8746853784091,320.7679925891831,19.08254927038752,0.060411771356502206,310.22976453436223,328.06610353782975,314.9925277496751,326.88885147044874,3.1779173049661082,3.1175210277628356,0.20774122599281086,0.06537024285313377,3.0481661832487603,3.223420446073159,3.059143824866106,3.174681605397451,0.09930991578019088,0.09742253211758861,0.0064919133122753395,0.06537024285313377,0.09525519322652376,0.10073188893978621,0.0955982445270658,0.09920880016867034,65536.0,131072.0
libVentra_deque_concurrent_deque_benchmark.json,deque,std::allocator,ConcurrentSteadyPushFrontPopBack,operations_per_thread,2048.0,48,30,30,1257665.0330625956,1259080.0195932877,70657.98645703579,0.05618188038906783,1230585.1267207344,1291646.8495473415,1237291.9042970156,1280730.0623759683,60367921.58700459,60435840.94047782,3391583.3499377174,0.05618188038906783,59068086.08259526,61999048.7782724,59390011.40625675,61475042.99404648,17143004.956547666,17143082.694940813,373054.89643297275,0.021761347988789252,16886682.235862754,17430179.754463524,16938870.349701777,17268632.595238157,307.0471272125478,307.3925829085175,17.250484974862268,0.05618188038906787,300.4358219533043,315.34346912776897,302.0732188225136,312.6782378847579,3.267158096568964,3.253171858302542,0.19107406673571137,0.058483263156554784,3.1711463746549904,3.3284985003293364,3.1981909203389822,3.3104557211824748,0.0680657936785201,0.06777441371463629,0.003980709723660652,0.058483263156554756,0.06606554947197897,0.06934371875686117,0.06662897750706212,0.0689678275246349,98304.0,196608.0
libVentra_deque_concurrent_deque_benchmark.json,deque,std::allocator,ConcurrentSteadyPushFrontPopBack,operations_per_thread,2048.0,64,30,30,1220830.418977871,1245978.8850586629,75364.05503589517,0.061731796541400916,1178644.777844362,1278590.0467407797,1211832.9700928186,1269604.8108642665,78133146.81458375,79742648.64375442,4823299.522297291,0.061731796541400916,75433265.78203917,81829762.9914099,77557310.08594039,81254707.89531305,17166307.776250083,17135335.60156259,279943.2979176574,0.01630771751074884,16986145.418749273,17372767.81093707,17016015.36875017,17318219.460938044,298.0543015082693,304.1940637350251,18.399427498997852,0.06173179654140094,287.7550727159087,312.15577313007316,295.85765871406704,309.9621120274088,3.3683365329063837,3.2873858079394163,0.22232730470341447,0.06600507476952679,3.203529122908754,3.475179706043213,3.2262449345027733,3.380130659213953,0.052630258326662245,0.05136540324905338,0.003473864135990851,0.06600507476952679,0.05005514254544928,0.054299682906925203,0.05041007710160583,0.05281454155021802,131072.0,262144.0
libVentra_deque_concurrent_deque_benchmark.json,deque,std::allocator,ConcurrentSteadyPushFrontPopBack,operations_per_thread,8192.0,1,30,30,594745.5981227973,594967.3003415352,4034.549985044808,0.006783656739585979,591950.388652099,597643.5827637989,593239.660408903,596740.96586971,594745.5981227973,594967.3003415352,4034.549985044808,0.006783656739585979,591950.388652099,597643.5827637989,593239.660408903,596740.96586971,590413.182252538,592890.0853246831,6582.949766795665,0.011149733719834075,584811.374999809,595970.4104094945,586022.9940269999,595119.8276455963,36.30039051042464,36.31392213998628,0.2462493887356446,0.006783656739585967,36.129784463629086,36.47726945579828,36.208475366754335,36.422178092633665,27.549144805553915,27.53764953087515,0.18785410323112597,0.006818872402647306,27.41433268692706,27.67799607194379,27.45579897656501,27.617883257920447,27.549144805553915,27.53764953087515,0.18785410323112597,0.006818872402647306,27.41433268692706,27.67799607194379,27.45579897656501,27.617883257920447,8192.0,16384.0
libVentra_deque_concurrent_deque_benchmark.json,deque,std::allocator,ConcurrentSteadyPushFrontPopBack,operations_per_thread,8192.0,2,30,30,1402806.3957009478,1393453.2400791491,29248.966963043007,0.020850323360856945,1375856.880456251,1430379.699405829,1382927.8839284237,1427915.4097214323,2805612.7914018957,2786906.4801582983,58497.933926086014,0.020850323360856945,2751713.760912502,2860759.398811658,2765855.7678568475,2855830.8194428645,2784923.582936744,2757817.4087295905,67725.99238629009,0.02431879739941446,2722916.4404761456,2853121.886904503,2736767.9940481153,2845259.2976194685,85.62050755010668,85.04963623529963,1.7852152687404188,0.020850323360856956,83.97563967628486,87.30344845006279,84.40721947805321,87.15304014413039,11.684329319668961,11.75784356426178,0.24236742765782257,0.02074294732944837,11.454301329686617,11.908310050207866,11.474082360568552,11.847327913352169,5.842164659834481,5.87892178213089,0.12118371382891129,0.02074294732944837,5.727150664843308,5.954155025103933,5.737041180284276,5.9236639566760845,16384.0,32768.0
libVentra_deque_concurrent_deque_benchmark.json,deque,std::allocator,ConcurrentSteadyPushFrontPopBack,operations_per_thread,8192.0,4,30,30,2888225.8443752555,2887250.504167582,14384.986200240464,0.0049805614156714405,2881152.9468749575,2895369.803126376,2882204.839585256,2894331.366667302,11552903.377501022,11549002.016670328,57539.94480096186,0.0049805614156714405,11524611.78749983,11581479.212505504,11528819.358341023,11577325.466669207,11507567.610277679,11513716.55000006,75382.39968800891,0.0065506805817663084,11456997.093751576,11556785.420833133,11463502.91666645,11552055.641666394,176.283315696732,176.22378565475964,0.8779898803857689,0.004980561415671428,175.851620292661,176.7193483353501,175.9158227285923,176.65596720381484,5.672822549640108,5.674603059762073,0.028241022289867735,0.004978301725947586,5.658690043999854,5.6866123955080115,5.66072019086674,5.684537011196872,1.418205637410027,1.4186507649405182,0.007060255572466934,0.004978301725947586,1.4146725109999636,1.4216530988770029,1.415180047716685,1.421134252799218,32768.0,65536.0
libVentra_deque_concurrent_deque_benchmark.json,deque,std::allocator,ConcurrentSteadyPushFrontPopBack,operations_per_thread,8192.0,8,30,30,3566235.339670085,3559375.0800770135,37251.74211192516,0.010445676901225298,3544254.9397786865,3586521.087238559,3548291.242187436,3583866.348308244,28529882.71736068,28475000.640616108,298013.9368954013,0.010445676901225298,28354039.518229492,28692168.697908472,28386329.93749949,28670930.78646595,28415710.787846822,28403392.17187339,305718.4032959251,0.010758780787798506,28227509.617188036,28551316.835935026,28275114.348956995,28539236.19791705,217.66573118103548,217.24701416485678,2.2736659003860558,0.01044567690122529,216.32415403922647,218.90387495352533,216.5705103874168,218.74184254811058,4.59468359375094,4.603056700977042,0.047851490521839214,0.010414534438654333,4.568215179484833,4.6226923033364224,4.571599092634349,4.617438568768634,0.5743354492188675,0.5753820876221303,0.005981436315229902,0.010414534438654333,0.5710268974356041,0.5778365379170528,0.5714498865792936,0.5771798210960792,65536.0,131072.0
libVentra_deque_concurrent_deque_benchmark.json,deque,std::allocator,ConcurrentSteadyPushFrontPopBack,operations_per_thread,8192.0,12,30,30,5447457.109721955,5607286.563491788,304790.92894580594,0.055951047031072974,5272966.003224336,5669179.079860434,5327510.867559452,5654961.143352556,65369485.31666347,67287438.76190145,3657491.1473496715,0.05595104703107297,63275592.03869203,68030148.9583252,63930130.41071342,67859533.72023067,63926632.78333338,65783693.89285709,5074958.814781674,0.07938723805432141,61490171.48511791,67470567.83928344,62679881.988096714,66987428.73214117,332.4863958570529,342.2416115412468,18.602961971789913,0.055951047031072974,321.8363039077354,346.0192309485128,325.1654582250642,345.1514369722019,3.0175949324927407,2.921923875733345,0.18472204856949695,0.06121499164134129,2.8900148548217675,3.1072250668771617,2.8972790641418733,3.075368847350876,0.2514662443743951,0.24349365631111208,0.015393504047458083,0.0612149916413413,0.2408345712351473,0.2589354222397635,0.24143992201182277,0.2562807372792396,98304.0,196608.0
libVentra_deque_concurrent_deque_benchmark.json,deque,std::allocator,ConcurrentSteadyPushFrontPopBack,operations_per_thread,8192.0,16,30,30,4977336.373665124,4962894.881833435,144286.5590846419,0.02898870967372347,4880888.716552345,5044598.89111275,4926321.049804728,5028748.463379528,79637381.97864199,79406318.10933496,2308584.9453542703,0.02898870967372347,78094219.46483752,80713582.257804,78821136.79687564,80459975.41407245,61719114.790104344,61837282.78125051,1816787.748399547,0.029436387002278255,60230347.144529395,62732829.605467334,60737652.39844164,62421190.49218826,303.79250327545924,302.911064565029,8.80655267850597,0.028988709673723453,297.90580545363434,307.89788153764346,300.6787750124956,306.9304482043169,3.29436918546286,3.3013004654555296,0.09457506876949165,0.028708096586996162,3.247835184786278,3.356772909042466,3.2580686289844163,3.3258084145062856,0.20589807409142874,0.2063312790909706,0.005910941798093228,0.028708096586996162,0.20298969904914238,0.20979830681515413,0.20362928931152602,0.20786302590664285,131072.0,262144.0
libVentra_deque_concurrent_deque_benchmark.json,deque,std::allocator,ConcurrentSteadyPushFrontPopBack,operations_per_thread,8192.0,24,30,30,5079944.91410081,5128747.362847088,266219.3157950919,0.052405945398369506,4913359.516638455,5256456.040220156,5003980.98177007,5234028.837673716,121918677.93841942,123089936.7083301,6389263.579082205,0.052405945398369506,117920628.39932291,126154944.96528375,120095543.5624817,125616692.10416919,67088727.66249906,67196126.97222134,1849946.8379587238,0.027574629932843372,66416609.66666889,68368135.04166238,66533626.90278291,67987845.08333145,310.05523157353576,313.0338966581474,16.248737536321535,0.05240594539836953,299.8876658104525,320.8286157360935,305.4187610943647,319.45976792442116,3.23410330465874,3.194570081217071,0.17541244482465737,0.054238355519434074,3.1169290047325533,3.3345846274381614,3.1302859056077317,3.2742007215952142,0.13475430436078087,0.13310708671737795,0.007308851867694059,0.05423835551943408,0.1298720418638564,0.1389410261432567,0.13042857940032215,0.13642503006646728,196608.0,393216.0
libVentra_deque_concurrent_deque_benchmark.json,deque,std::allocator,ConcurrentSteadyPushFrontPopBack,operations_per_thread,8192.0,32,30,30,5039964.929264271,5073579.875242817,287647.0627815993,0.057073227059853716,4838640.200927169,5278631.026000124,4946514.819823777,5142733.795409971,161278877.73645666,162354556.00777015,9204706.009011177,0.057073227059853716,154836486.4296694,168916192.83200398,158288474.23436087,164567481.45311907,67929278.3921871,68178023.35156398,1838286.9388146026,0.0270617763404069,66601232.589842536,69241728.23828134,66895751.60937412,69019579.43749896,307.61504695216496,309.6667404323009,17.556583421728472,0.057073227059853716,295.32716070112116,322.18206945801546,301.91130492088485,313.88756075500305,3.261348822420568,3.229280576258632,0.19124265928066336,0.05863913052352473,3.1038353634745377,3.386081950950852,3.185854188024114,3.3125424268096677,0.10191715070064275,0.10091501800808225,0.00597633310252073,0.05863913052352473,0.0969948551085793,0.10581506096721413,0.09955794337575356,0.10351695083780212,262144.0,524288.0
libVentra_deque_concurrent_deque_benchmark.json,deque,std::allocator,ConcurrentSteadyPushFrontPopBack,operations_per_thread,8192.0,48,30,30,5271462.056004127,5290035.4626737535,276594.6912980487,0.052470204349286925,5008735.348361881,5473098.164876758,5042239.759657205,5451074.777886175,253030178.68819812,253921702.20834017,13276545.182306333,0.05247020434928689,240419296.72137028,262708711.91408437,242027508.46354586,261651589.3385364,70592979.08993039,70409179.41145714,1262021.4369200543,0.01787743559189264,69437713.89062458,71941047.53385349,69865816.28125122,71391980.94791535,321.74451025415806,322.8781410323336,16.882000201296904,0.05247020434928689,305.7089446021656,334.0514016648412,307.75389158063996,332.70720079871677,3.1163092829612498,3.0972067932880547,0.1628964601595427,0.052272237884152355,2.9935627311072097,3.2710853411917094,3.0056466172581526,3.249400308025029,0.06492311006169271,0.06452514152683447,0.0033936762533238085,0.05227223788415238,0.0623658902314002,0.06814761127482728,0.06261763785954486,0.06769583975052146,393216.0,786432.0
libVentra_deque_concurrent_deque_benchmark.json,deque,std::allocator,ConcurrentSteadyPushFrontPopBack,operations_per_thread,8192.0,64,30,30,4982448.722705006,5012160.304321611,282543.6358003537,0.056707785975358485,4823819.9581907,5101262.099792559,4876131.588134935,5078816.790771933,318876718.25312036,320778259.4765831,18082792.691222638,0.056707785975358485,308724477.3242048,326480774.38672376,312072421.64063585,325044274.6094037,68516647.33697924,67831430.71093848,1932541.625991967,0.028205431834504715,67102064.04297301,70523441.98437285,67425134.8935553,69083253.07031384,304.10453629791294,305.9179873243171,17.24509495851768,0.05670778597535847,294.42260487003784,311.3563293330419,297.6154533773764,309.98637638988856,3.298931624112946,3.2688499592465856,0.1938306492536946,0.05875558251554061,3.2117570983010153,3.396496552415443,3.2259641153964402,3.3601354646120307,0.05154580662676478,0.0510757806132279,0.003028603894588978,0.05875558251554061,0.050183704660953364,0.0530702586314913,0.05040568930306938,0.05250211663456298,524288.0,1048576.0
libVentra_deque_concurrent_deque_benchmark.json,deque,std::allocator,ConstructDestroy,,,1,30,30,146847.40614219138,147359.32795033487,986.859560943141,0.006720306383808859,145826.24109727936,147680.5362319554,145898.35072459304,147657.5453419156,146847.40614219138,147359.32795033487,986.859560943141,0.006720306383808859,145826.24109727936,147680.5362319554,145898.35072459304,147657.5453419156,145077.6756107752,145075.3093167786,288.2471450834021,0.001986847003647427,144793.95031061053,145305.5420289956,144860.48012423597,145210.70124226276,146847.40614219138,147359.32795033487,986.8595609431358,0.006720306383808824,145826.24109727936,147680.53623195537,145898.35072459304,147657.54534191557,0.006810087785250001,0.006786138959215503,4.583725540810071e-05,0.006730787745112453,0.006771373030742463,0.006857476435438316,0.006772427385403051,0.006854087485860144,0.006810087785250001,0.006786138959215503,4.583725540810071e-05,0.006730787745112453,0.006771373030742463,0.006857476435438316,0.006772427385403051,0.006854087485860144,1.0,1.0
libVentra_deque_concurrent_deque_benchmark.json,deque,std::allocator,PushBackPopFront,operations,512.0,1,30,30,46365.43570279948,46290.790093675605,322.66634851108745,0.006959200180482836,46191.81562918082,46464.578681321625,46217.31385543276,46370.694176713514,46365.43570279948,46290.790093675605,322.66634851108745,0.006959200180482836,46191.81562918082,46464.578681321625,46217.31385543276,46370.694176713514,46145.835207498436,46139.84069611717,159.48488394401934,0.003456105696795449,46048.67543506603,46205.748795180865,46091.83493975906,46195.67610442192,45.278745803515115,45.20584970085508,0.3151038559678591,0.006959200180482842,45.10919495037189,45.37556511847816,45.134095561946054,45.28388103194679,22.086441417577625,22.121031854780163,0.15222635750063507,0.006892298973047094,22.03829307468427,22.168429588787433,22.082939552172785,22.156199560406645,22.086441417577625,22.121031854780163,0.15222635750063507,0.006892298973047094,22.03829307468427,22.168429588787433,22.082939552172785,22.156199560406645,512.0,1024.0
libVentra_deque_concurrent_deque_benchmark.json,deque,std::allocator,PushBackPopFront,operations,1024.0,1,30,30,93350.53141284172,93278.26780477338,744.1422836861238,0.007971484172866276,92722.95058674156,93903.47185925391,92844.06601767997,93799.8719658718,93350.53141284172,93278.26780477338,744.1422836861238,0.007971484172866276,92722.95058674156,93903.47185925391,92844.06601767997,93799.8719658718,92629.01986307261,92475.512269939,563.2016175272819,0.006080185436052609,92297.6440383746,92914.8616297589,92333.78861028871,92638.57602027562,45.58131416642663,45.5460292015495,0.3633507244561144,0.007971484172866257,45.2748782161824,45.851304618776325,45.334016610195306,45.80071873333584,21.94015960980248,21.955810927073962,0.17455279053147627,0.007955857825824073,21.80963545817695,22.08730425821758,21.83371869308362,22.058491278646223,21.94015960980248,21.955810927073962,0.17455279053147627,0.007955857825824073,21.80963545817695,22.08730425821758,21.83371869308362,22.058491278646223,1024.0,2048.0
libVentra_deque_concurrent_deque_benchmark.json,deque,std::allocator,PushBackPopFront,operations,2048.0,1,30,30,188486.9723206194,188461.48765430867,996.1011334207024,0.005284721385021339,187958.59299508552,188991.98752031027,188265.3996238914,188846.79790668696,188486.9723206194,188461.48765430867,996.1011334207024,0.005284721385021339,187958.59299508552,188991.98752031027,188265.3996238914,188846.79790668696,186366.2099839133,186633.9299517049,1207.2014734750899,0.006477576989837873,185321.65150292637,187462.3727858158,185551.49033812888,186980.48389701993,46.01732722671372,46.0111053843527,0.2431887532765376,0.005284721385021315,45.8883283679408,46.14062195320075,45.96323233005161,46.10517527018724,21.731531368733627,21.73388344827258,0.11481435219826537,0.005283307018273697,21.672876473611506,21.79203993328539,21.689539594643215,21.75652070070509,21.731531368733627,21.73388344827258,0.11481435219826537,0.005283307018273697,21.672876473611506,21.79203993328539,21.689539594643215,21.75652070070509,2048.0,4096.0
libVentra_deque_concurrent_deque_benchmark.json,deque,std::allocator,PushBackPopFront,operations,4096.0,1,30,30,380858.11289417656,381509.6445270739,4381.405789530126,0.01150403691347261,377467.5945804972,383925.77895881195,379947.57066952554,383110.1386825311,380858.11289417656,381509.6445270739,4381.405789530126,0.01150403691347261,377467.5945804972,383925.77895881195,379947.57066952554,383110.1386825311,376596.148848737,376459.7816153001,2692.922397136887,0.007150690216480471,374552.1591392871,378858.81402760843,375635.0940488956,378387.42773640214,46.49146885915241,46.57100152918382,0.5348395739172516,0.011504036913472607,46.077587229064605,46.865939814308106,46.380318685244816,46.76637435089491,21.51208833777888,21.472590691218645,0.24872475827104712,0.011562092641384528,21.337486722186515,21.702526660152273,21.382884949660635,21.560869661972802,21.51208833777888,21.472590691218645,0.24872475827104712,0.011562092641384528,21.337486722186515,21.702526660152273,21.382884949660635,21.560869661972802,4096.0,8192.0
libVentra_deque_concurrent_deque_benchmark.json,deque,std::allocator,PushBackPopFront,operations,8192.0,1,30,30,757977.8789588928,758752.8806950604,4890.561965547326,0.006452117009357412,753663.4810191913,759379.5070501262,754762.6757056374,759340.6713674209,757977.8789588928,758752.8806950604,4890.561965547326,0.006452117009357412,753663.4810191913,759379.5070501262,754762.6757056374,759340.6713674209,755653.3276211936,756389.6041216404,4856.525458858563,0.006426922612975143,750845.7890457778,757172.450108509,752573.0195228199,757007.0954445975,46.26329827629961,46.31060062836062,0.29849621371748775,0.006452117009357403,45.99996832392526,46.34884686585244,46.06705784336166,46.34647652389044,21.61627405729522,21.593328525302603,0.13909500603639047,0.0064347354991758,21.575509820428536,21.739145792323853,21.57661326173372,21.707487589105085,21.61627405729522,21.593328525302603,0.13909500603639047,0.0064347354991758,21.575509820428536,21.739145792323853,21.57661326173372,21.707487589105085,8192.0,16384.0
libVentra_deque_concurrent_deque_benchmark.json,deque,std::allocator,PushBackPopFront,operations,16384.0,1,30,30,1528008.2086580568,1527211.2597391969,2759.027768983432,0.00180563674550315,1526466.6374445984,1529306.532466719,1526772.3290051364,1528498.3441552548,1528008.2086580568,1527211.2597391969,2759.027768983432,0.00180563674550315,1526466.6374445984,1529306.532466719,1526772.3290051364,1528498.3441552548,1523142.2555555871,1522300.4740261915,2760.6635387791594,0.0018124791224915294,1521591.8311687582,1524522.1904768841,1521944.277056498,1523643.2813848003,46.63110988336356,46.60678893247061,0.08419884548899668,0.0018056367455031573,46.58406486342158,46.670731581625944,46.59339382950246,46.646067631691125,21.444978386973947,21.456101720478294,0.03862310158255464,0.0018010324321900454,21.42670504857513,21.466568213582132,21.438035488717254,21.46227009767008,21.444978386973947,21.456101720478294,0.03862310158255464,0.0018010324321900454,21.42670504857513,21.466568213582132,21.438035488717254,21.46227009767008,16384.0,32768.0
libVentra_deque_concurrent_deque_benchmark.json,deque,std::allocator,PushBackPopFront,operations,32768.0,1,30,30,3068099.8963279855,3074239.5805091136,23335.11480971912,0.0076057219771909785,3046031.6059330674,3083432.548730682,3064872.919490511,3079077.2457641065,3068099.8963279855,3074239.5805091136,23335.11480971912,0.0076057219771909785,3046031.6059330674,3083432.548730682,3064872.919490511,3079077.2457641065,3026107.3076270144,3023262.5254232027,11350.736829983061,0.0037509366575912933,3018421.3686440624,3031590.3580513243,3019098.563559016,3029518.419491408,46.81548914074685,46.90917328657705,0.35606559463072457,0.007605721977190992,46.4787537526408,47.04944684952824,46.76624938187425,46.98299020025797,21.36164994790848,21.317793204763824,0.16296662315269797,0.007628934260700871,21.25423894211128,21.51523483726099,21.284298916036725,21.382944801507616,21.36164994790848,21.317793204763824,0.16296662315269797,0.007628934260700871,21.25423894211128,21.51523483726099,21.284298916036725,21.382944801507616,32768.0,65536.0
libVentra_deque_concurrent_deque_benchmark.json,deque,std::allocator,PushBackPopFront,operations,49152.0,1,30,30,4547414.667964696,4547499.285710327,13000.440192548616,0.0028588640231411474,4536643.11039102,4558653.087654762,4540514.740262091,4551974.740255216,4547414.667964696,4547499.285710327,13000.440192548616,0.0028588640231411474,4536643.11039102,4558653.087654762,4540514.740262091,4551974.740255216,4532745.747185905,4532362.558442011,12716.077671992734,0.00280538075180752,4521774.785715692,4543537.996753812,4526712.688309751,4536484.17532373,46.258694132127836,46.25955490834886,0.13224731641183243,0.0028588640231411834,46.149120182200306,46.373017249092236,46.18850443788748,46.30508158625504,21.617728626796286,21.617155821350313,0.0617683870382836,0.002857302360698455,21.564270403023198,21.668887734749518,21.595901917517857,21.650408763615925,21.617728626796286,21.617155821350313,0.0617683870382836,0.002857302360698455,21.564270403023198,21.668887734749518,21.595901917517857,21.650408763615925,49152.0,98304.0
libVentra_deque_concurrent_deque_benchmark.json,deque,std::allocator,PushBackPopFront,operations,61440.0,1,30,30,5682654.018032414,5683798.499995034,19786.895064074477,0.0034819813068481644,5675788.9672210645,5693982.606559433,5676817.049177652,5687404.155740624,5682654.018032414,5683798.499995034,19786.895064074477,0.0034819813068481644,5675788.9672210645,5693982.606559433,5676817.049177652,5687404.155740624,5664471.96448091,5665591.213114642,19751.06700811061,0.003486832864909517,5657855.02049337,5676625.549179774,5658865.663934596,5669296.499999678,46.245556787373154,46.25487060542834,0.16102616425841917,0.0034819813068481774,46.189688860848506,46.337749076818305,46.19805541322958,46.28421350700377,21.62395341162237,21.61934509291235,0.07558659522245567,0.0034955030555064753,21.580677714861473,21.649853565085422,21.605638872231644,21.64593288421677,21.62395341162237,21.61934509291235,0.07558659522245567,0.0034955030555064753,21.580677714861473,21.649853565085422,21.605638872231644,21.64593288421677,61440.0,122880.0
libVentra_deque_concurrent_deque_benchmark.json,deque,std::allocator,PushFrontPopBack,operations,512.0,1,30,30,44968.346915672766,44954.28455236868,115.04031299470098,0.002558250878344076,44890.02336026324,45033.887460954116,44926.37454449498,45017.534357100696,44968.346915672766,44954.28455236868,115.04031299470098,0.002558250878344076,44890.02336026324,45033.887460954116,44926.37454449498,45017.534357100696,44855.934339754866,44846.510150960064,116.62683177305951,0.0026000312665362454,44775.40473711186,44923.95497137773,44816.00813378613,44907.15864133723,43.91440128483669,43.900668508172544,0.11234405565888715,0.002558250878344064,43.837913437757074,43.978405723588004,43.87341264110838,43.96243589560615,22.771716996299155,22.77869722298556,0.05817865716371242,0.0025548647549575457,22.738432662385314,22.811306260915636,22.746692529615906,22.792847429300892,22.771716996299155,22.77869722298556,0.05817865716371242,0.0025548647549575457,22.738432662385314,22.811306260915636,22.746692529615906,22.792847429300892,512.0,1024.0
libVentra_deque_concurrent_deque_benchmark.json,deque,std::allocator,PushFrontPopBack,operations,1024.0,1,30,30,90414.78367104798,90433.53285712577,309.889958750402,0.0034274257612323736,90287.01318188665,90594.68792208002,90298.51233775276,90574.91805195878,90414.78367104798,90433.53285712577,309.889958750402,0.0034274257612323736,90287.01318188665,90594.68792208002,90298.51233775276,90574.91805195878,90189.25968831117,90206.50467533272,303.03009112134765,0.003359935453163736,90070.05038957781,90374.66688312918,90080.43519481196,90353.72922077734,44.147843589378894,44.15699846539344,0.15131345642109426,0.003427425761232363,44.085455655218084,44.235687461953134,44.09107047741834,44.226034205058,22.65142037846743,22.646467041557386,0.07769262238050138,0.0034299227634465,22.606181997358874,22.683217971632555,22.611116465389035,22.68032939215879,22.65142037846743,22.646467041557386,0.07769262238050138,0.0034299227634465,22.606181997358874,22.683217971632555,22.611116465389035,22.68032939215879,1024.0,2048.0
libVentra_deque_concurrent_deque_benchmark.json,deque,std::allocator,PushFrontPopBack,operations,2048.0,1,30,30,180724.77481174917,180668.6160165969,470.7035101210573,0.00260453228181561,180351.9683009833,181025.5924022421,180459.67120118695,180968.50693009718,180724.77481174917,180668.6160165969,470.7035101210573,0.00260453228181561,180351.9683009833,181025.5924022421,180459.67120118695,180968.50693009718,180276.85651950183,180218.22099593747,468.81376049225236,0.002600521051583443,179901.74640652715,180577.95918891666,179999.94892192702,180508.42607805732,44.1222594755247,44.10854883217698,0.11491784915064773,0.0026045322818155866,44.03124226098225,44.19570127007863,44.05753691435228,44.18176438723076,22.664445519898845,22.67134214493568,0.05892786009178913,0.002600013313365724,22.62663497270802,22.711146687882056,22.633773266263773,22.6975921692813,22.664445519898845,22.67134214493568,0.05892786009178913,0.002600013313365724,22.62663497270802,22.711146687882056,22.633773266263773,22.6975921692813,2048.0,4096.0
libVentra_deque_concurrent_deque_benchmark.json,deque,std::allocator,PushFrontPopBack,operations,4096.0,1,30,30,364551.2742407594,364419.793717179,906.1055043494086,0.0024855365167397343,364042.31230416376,365167.3531411027,364167.7806283985,365064.47643979103,364551.2742407594,364419.793717179,906.1055043494086,0.0024855365167397343,364042.31230416376,365167.3531411027,364167.7806283985,365064.47643979103,363562.17371727136,363433.5455497049,892.1513281302861,0.0024539168060538625,363062.1850785313,364185.15916238906,363187.4392668812,364033.4455498429,44.5008879688427,44.484838100241575,0.11060858207390191,0.0024855365167397226,44.438758826191865,44.57609291273226,44.45407478374004,44.56353472165418,22.471595877887445,22.47956932716398,0.05584161810138805,0.0024849867541600575,22.433549907795815,22.502878712679664,22.43987179648179,22.495126318244868,22.471595877887445,22.47956932716398,0.05584161810138805,0.0024849867541600575,22.433549907795815,22.502878712679664,22.43987179648179,22.495126318244868,4096.0,8192.0
libVentra_deque_concurrent_deque_benchmark.json,deque,std::allocator,PushFrontPopBack,operations,8192.0,1,30,30,739282.8993038682,738024.9039660668,4499.526190201019,0.006086338794577709,735925.564717537,742355.2223389188,736593.2755731029,740421.7192065241,739282.8993038682,738024.9039660668,4499.526190201019,0.006086338794577709,735925.564717537,742355.2223389188,736593.2755731029,740421.7192065241,736957.4497564379,735671.9551147295,4385.189946878869,0.005950397744575566,733664.1717120644,739850.3705637424,734238.478079322,737990.1586636303,45.1222472719646,45.04546532996013,0.27462928406988507,0.006086338794577681,44.91733183090436,45.309766988459394,44.958085667303635,45.19175532266382,22.162807203677357,22.199819369432042,0.13435354919199752,0.0060621178516458395,22.070298445414203,22.263121145353885,22.12793989273341,22.24293995523175,22.162807203677357,22.199819369432042,0.13435354919199752,0.0060621178516458395,22.070298445414203,22.263121145353885,22.12793989273341,22.24293995523175,8192.0,16384.0
libVentra_deque_concurrent_deque_benchmark.json,deque,std::allocator,PushFrontPopBack,operations,16384.0,1,30,30,1487915.964265722,1487840.5042366667,4499.075813091749,0.0030237432228318196,1485049.3898289273,1491772.1038142128,1485672.9788130382,1490426.538135056,1487915.964265722,1487840.5042366667,4499.075813091749,0.0030237432228318196,1485049.3898289273,1491772.1038142128,1485672.9788130382,1490426.538135056,1483194.227966198,1483211.334745755,4500.493897541632,0.0030343253854977904,1480325.9629238478,1487234.2362289377,1480975.989406808,1485833.7838986546,45.40759168291387,45.40528882558186,0.13730089761632464,0.003023743222831805,45.320110773587864,45.52527172284585,45.33914119912836,45.48420831710986,22.02294410069677,22.023868510009294,0.0667055502979052,0.003028911574805966,21.965822294888508,22.065259640158523,21.985652549994246,22.05599889745395,22.02294410069677,22.023868510009294,0.0667055502979052,0.003028911574805966,21.965822294888508,22.065259640158523,21.985652549994246,22.05599889745395,16384.0,32768.0
libVentra_deque_concurrent_deque_benchmark.json,deque,std::allocator,PushFrontPopBack,operations,32768.0,1,30,30,2969725.3142452524,2965094.670942671,24555.80250407368,0.008268711717640617,2951038.23931928,2974162.2093989174,2954063.944444998,2969217.7136723297,2969725.3142452524,2965094.670942671,24555.80250407368,0.008268711717640617,2951038.23931928,2974162.2093989174,2954063.944444998,2969217.7136723297,2949458.856980146,2949935.705127883,9948.058756439677,0.003372842015713068,2940507.884615657,2957037.335470451,2944081.5641023577,2955764.649572434,45.31441214363483,45.243754134257074,0.3746918106700698,0.00826871171764062,45.029270009144284,45.382113790877035,45.075438605422946,45.3066667735646,22.069480214987585,22.10249836534311,0.18090471549427808,0.008197053747166371,22.0351215717844,22.207779551450887,22.071814212422616,22.18503095458317,22.069480214987585,22.10249836534311,0.18090471549427808,0.008197053747166371,22.0351215717844,22.207779551450887,22.071814212422616,22.18503095458317,32768.0,65536.0
libVentra_deque_concurrent_deque_benchmark.json,deque,std::allocator,PushFrontPopBack,operations,49152.0,1,30,30,4495982.243882853,4488971.208859226,19442.044136294484,0.004324315151098952,4481483.639242297,4504991.281648955,4482150.24050425,4500745.208858887,4495982.243882853,4488971.208859226,19442.044136294484,0.004324315151098952,4481483.639242297,4504991.281648955,4482150.24050425,4500745.208858887,4416740.082278403,4405165.632912157,26413.62352303881,0.0059803436541398585,4396158.499999625,4431792.436706974,4399635.84177159,4419040.588607436,45.73549645876926,45.66417652241237,0.1977747002796881,0.0043243151510989454,45.588009025495374,45.82714113005529,45.594790044191996,45.783947844023515,21.86524832972471,21.899005975494113,0.09408713639848883,0.004303044492322645,21.821131692839465,21.935592824567372,21.841719641346252,21.932330418401953,21.86524832972471,21.899005975494113,0.09408713639848883,0.004303044492322645,21.821131692839465,21.935592824567372,21.841719641346252,21.932330418401953,49152.0,98304.0
libVentra_deque_concurrent_deque_benchmark.json,deque,std::allocator,PushFrontPopBack,operations,61440.0,1,30,30,5621063.230107884,5611251.9516113205,32845.77606269219,0.005843338656423864,5597959.560480876,5636627.153230913,5602667.41935735,5629379.838711106,5621063.230107884,5611251.9516113205,32845.77606269219,0.005843338656423864,5597959.560480876,5636627.153230913,5602667.41935735,5629379.838711106,5527700.654300756,5520594.008062069,40775.7059696077,0.007376612541035971,5495183.991935127,5564418.874999342,5497216.096775828,5537018.491934525,45.744329672101934,45.66448528329525,0.267299609885189,0.005843338656423834,45.55631152735087,45.87098920272553,45.59462418096802,45.81201040617762,21.86134939226824,21.898870323854794,0.12684172090406606,0.005802099341083057,21.800274154271538,21.950855404874332,21.828343662400943,21.9324109457208,21.86134939226824,21.898870323854794,0.12684172090406606,0.005802099341083057,21.800274154271538,21.950855404874332,21.828343662400943,21.9324109457208,61440.0,122880.0
libVentra_deque_concurrent_deque_benchmark.json,deque,std::deque + mutex,ConcurrentPhasedPushBackPopFront,total_operations,8192.0,1,30,30,99490.52386460702,99148.34851907397,753.2851673530545,0.007571426283554125,98772.42510581283,100288.91607902363,98827.77418908893,100220.97320176684,99490.52386460702,99148.34851907397,753.2851673530545,0.007571426283554125,98772.42510581283,100288.91607902363,98827.77418908893,100220.97320176684,98580.88933709294,98517.45768694526,218.6718156042997,0.0022181968236922797,98456.74139626787,98583.57009877767,98480.37940758475,98573.70197456778,6.072419669470643,6.051534943791135,0.04597687789020111,0.007571426283554129,6.02859039952471,6.121149663026345,6.03196863947076,6.117002758896902,164.68811408045576,165.24739919354238,1.2452320398847676,0.007561153073113881,163.36800712185368,165.87625526624834,163.47877093694692,165.7833570855098,164.68811408045576,165.24739919354238,1.2452320398847676,0.007561153073113881,163.36800712185368,165.87625526624834,163.47877093694692,165.7833570855098,8192.0,16384.0
libVentra_deque_concurrent_deque_benchmark.json,deque,std::deque + mutex,ConcurrentPhasedPushBackPopFront,total_operations,8192.0,2,30,30,221987.0666045405,222117.05993794798,2555.316132436967,0.011511103649065926,221069.96614897216,223002.6593942599,221412.94860231585,222524.4245338494,443974.133209081,444234.11987589597,5110.632264873934,0.011511103649065926,442139.9322979443,446005.3187885198,442825.8972046317,445048.8490676988,438315.5619668764,439988.27391305525,7311.603146895485,0.016681139757132386,437265.0489131652,441650.0034161446,438225.8996896242,440871.7310559378,27.098030591374574,27.113898918206544,0.3119282388228719,0.011511103649065924,26.986079852169453,27.22200432058837,27.027947827431134,27.163626041729664,36.90781063672726,36.88145392588536,0.42784218222882464,0.011592185362603855,36.734988155659764,37.05614182555035,36.813936345013985,36.9987408970393,18.45390531836363,18.44072696294268,0.21392109111441232,0.011592185362603855,18.367494077829882,18.528070912775174,18.406968172506993,18.49937044851965,8192.0,16384.0
libVentra_deque_concurrent_deque_benchmark.json,deque,std::deque + mutex,ConcurrentPhasedPushBackPopFront,total_operations,8192.0,4,30,30,100276.9656261654,99901.50709740768,1420.6305001279743,0.014167067095190276,99341.95017654612,101198.54613345963,99534.15289548584,100908.81818503779,401107.8625046616,399606.0283896307,5682.522000511897,0.014167067095190276,397367.80070618447,404794.18453383853,398136.61158194335,403635.27274015115,341975.5776741874,342558.7710452026,2907.267979871458,0.008501390653812472,340482.6343926723,343542.2521187244,341117.6276835612,343292.9518361827,24.481681061075538,24.390016381203047,0.34683361819530595,0.014167067095190266,24.253405804820826,24.706676302114168,24.300330296749472,24.63594193970649,40.8547658256935,41.00042065601656,0.5767554677810464,0.014117213894745316,40.474928048194144,41.23132329486868,40.59112372371004,41.15170558390172,10.213691456423375,10.25010516400414,0.1441888669452616,0.014117213894745316,10.118732012048536,10.30783082371717,10.14778093092751,10.28792639597543,8192.0,16384.0
libVentra_deque_concurrent_deque_benchmark.json,deque,std::deque + mutex,ConcurrentPhasedPushBackPopFront,total_operations,8192.0,8,30,30,81445.20678264658,81401.05876357965,456.0882100621245,0.005599939248472786,81158.35693085905,81720.41616700623,81269.57144964466,81681.58440158868,651561.6542611726,651208.4701086372,3648.705680496996,0.005599939248472786,649266.8554468724,653763.3293360499,650156.5715971573,653452.6752127095,457737.59140672884,457780.2751653983,4098.6821961808955,0.00895421803480186,455088.9131616303,460148.3035207829,455635.02114833693,459214.3904773152,39.76816737433915,39.74661072440413,0.2226993213193961,0.00559993924847277,39.62810397014602,39.90254695654601,39.68240793439681,39.883586133588224,25.146501391149627,25.159377934985507,0.1406434714308975,0.0055929637782692635,25.061056906706447,25.23462853179037,25.072971412949364,25.200084023635114,3.1433126738937034,3.1449222418731884,0.017580433928862188,0.0055929637782692635,3.132632113338306,3.1543285664737963,3.1341214266186705,3.1500105029543892,8192.0,16384.0
libVentra_deque_concurrent_deque_benchmark.json,deque,std::deque + mutex,ConcurrentPhasedPushBackPopFront,total_operations,8192.0,12,30,30,65207.79520931642,65161.6529486307,350.50844835675844,0.005375253790311872,64967.10815156687,65352.29445529183,65076.543033802685,65285.33859990926,782493.542511797,781939.8353835684,4206.1013802810985,0.005375253790311869,779605.2978188024,784227.533463502,780918.5164056323,783424.063198911,559751.2943201611,561332.6591163373,4848.627327736843,0.008662110078058295,559845.8197706977,562578.5536446706,560277.5791386975,562123.7387210923,47.75961563182356,47.72582003073538,0.2567200549487961,0.005375253790311838,47.5833311656984,47.865450040496945,47.66348366733595,47.81641010735541,20.938774235994952,20.953019605861,0.11206353307945843,0.005351962431822527,20.89189709701923,21.015762849422217,20.913323146535696,20.980421988865956,1.7448978529995791,1.7460849671550838,0.009338627756621514,0.005351962431822516,1.7409914247516025,1.7513135707851848,1.7427769288779744,1.7483684990721629,8192.0,16384.0
libVentra_deque_concurrent_deque_benchmark.json,deque,std::deque + mutex,ConcurrentPhasedPushBackPopFront,total_operations,8192.0,16,30,30,48502.30498379809,48421.596879341974,411.6895029556555,0.008488039962083822,48242.2354101549,48541.969982645285,48295.05094183635,48489.78604600676,776036.8797407694,774745.5500694716,6587.032047290488,0.008488039962083822,771875.7665624784,776671.5197223246,772720.8150693816,775836.5767361082,447416.487143518,447944.6889583374,2056.460399812636,0.004596299999899163,446310.5805207974,448719.7541319326,447216.9082639075,448520.24361111724,47.36553221074033,47.2867157024824,0.40204053023013214,0.008488039962083816,47.11155801772939,47.404267561177036,47.16313568538706,47.35330668555348,21.11384387585095,21.147588399148567,0.1761433251889886,0.008342551277006139,21.095147454357527,21.226213938343385,21.11787710232342,21.20300154858124,1.3196152422406844,1.3217242749467855,0.011008957824311787,0.008342551277006139,1.3184467158973454,1.3266383711464615,1.3198673188952137,1.3251875967863276,8192.0,16384.0
libVentra_deque_concurrent_deque_benchmark.json,deque,std::deque + mutex,ConcurrentPhasedPushBackPopFront,total_operations,8192.0,24,30,30,33179.285806380416,33072.490138572226,342.86877104221816,0.010333820114243811,32972.87851523179,33231.61172597945,33041.80364544102,33187.5272362204,796302.8593531301,793739.7633257334,8228.850505013235,0.01033382011424381,791349.084365563,797558.6814235067,793003.2874905843,796500.6536692895,347334.1604041545,348046.92131193186,2359.3779382755415,0.0067928185800388684,345817.0987471758,349148.21572353574,346544.8254035484,348640.05367868644,48.60246944294007,48.446030476424156,0.5022491763313757,0.010333820114243839,48.30011501254657,48.679118739227704,48.40107955875148,48.61454184993222,20.577167686343824,20.64152611967689,0.20839693580963445,0.01012758116113028,20.542689198254187,20.703892893379198,20.569991504637166,20.66069619008456,0.8573819869309925,0.8600635883198705,0.008683205658734768,0.01012758116113028,0.8559453832605912,0.8626622038907998,0.8570829793598818,0.8608623412535235,8192.0,16384.0
libVentra_deque_concurrent_deque_benchmark.json,deque,std::deque + mutex,ConcurrentPhasedPushBackPopFront,total_operations,8192.0,32,30,30,25009.785308897568,24944.311826818244,315.9729872921819,0.01263397439800374,24804.77293260866,25045.007961418934,24850.10649956444,25025.80098940155,800313.1298847222,798217.9784581838,10111.135593349822,0.01263397439800374,793752.7338434771,801440.2547654059,795203.4079860621,800825.6316608496,266742.72864701477,266986.1430697284,1391.3399631695956,0.005216037078974249,265959.5083971034,267515.4536033028,266402.8107638911,267346.8507298679,48.84723693144056,48.71935903675438,0.6171347408050429,0.012633974398003742,48.446822134001295,48.916031174646356,48.5353642569618,48.8785175574249,20.475082868453615,20.525722940705833,0.25351402235883164,0.012381587121653409,20.44319574590952,20.64120393296846,20.458892503378515,20.603534736870913,0.6398463396391755,0.6414288418970573,0.007922313198713489,0.012381587121653409,0.6388498670596725,0.6450376229052643,0.6393403907305786,0.643860460527216,8192.0,16384.0
libVentra_deque_concurrent_deque_benchmark.json,deque,std::deque + mutex,ConcurrentPhasedPushBackPopFront,total_operations,8192.0,48,30,30,17090.330655814367,17075.233751841646,117.84627238008976,0.006895493993265532,17007.138819422213,17124.764921484188,17023.29800215116,17113.478521707497,820335.8714790896,819611.220088399,5656.621074244308,0.006895493993265532,816342.6633322662,821988.7162312409,817118.3041032557,821446.9690419598,188976.2652112567,189507.90036020643,1414.9123270784478,0.007487248864277831,188223.14179321515,190007.47972645122,188882.53502238868,189883.2408245761,50.06932809320615,50.02509888234857,0.3452527511135432,0.006895493993265512,49.825602010026,50.170209730910706,49.87294336567723,50.13714410656493,19.973215535223126,19.98996693090601,0.13628645186549995,0.00682346073045456,19.932147189870545,20.070003553686636,19.94529241383457,20.05095222271094,0.41610865698381505,0.4164576443938752,0.0028393010805312442,0.006823460730454549,0.4152530664556363,0.4181250740351382,0.41552692528822016,0.4177281713064779,8192.0,16384.0
libVentra_deque_concurrent_deque_benchmark.json,deque,std::deque + mutex,ConcurrentPhasedPushBackPopFront,total_operations,8192.0,64,30,30,13140.574714480119,13127.047140716724,124.54832584125491,0.009478149057210578,13063.294601479076,13161.96383866549,13086.010692827233,13149.68325739272,840996.7817267276,840131.0170058704,7971.092853840314,0.009478149057210578,836050.8544946609,842365.6856745913,837504.6843409429,841579.7284731341,147875.16679277635,148265.5666048723,1323.9260031575068,0.008952997530767148,147775.3330716531,148665.435920486,147996.8093977059,148510.7125832228,51.330369978437965,51.277527893424704,0.486516897817401,0.00947814905721056,51.02849453702764,51.41392124478707,51.11722926885638,51.36595022419031,19.483298132739648,19.501742933034166,0.1805556326186323,0.009267200624273537,19.44998711058329,19.59689561587887,19.46814956056819,19.56287813957263,0.304426533324057,0.30471473332865884,0.0028211817596661298,0.009267200624273537,0.3039060486028639,0.30620149399810737,0.30418983688387796,0.3056699709308223,8192.0,16384.0
libVentra_deque_concurrent_deque_benchmark.json,deque,std::deque + mutex,ConcurrentPhasedPushBackPopFront,total_operations,32768.0,1,30,30,398281.96057177766,399092.7934531267,1752.9738375854517,0.0044013387778569345,396150.1656316548,399368.63656871935,398596.1151244632,399244.96388233715,398281.96057177766,399092.7934531267,1752.9738375854517,0.0044013387778569345,396150.1656316548,399368.63656871935,398596.1151244632,399244.96388233715,392647.96753204515,392014.5203160482,1213.4997201173592,0.003090553932431401,391715.83549688,393943.0795712077,391775.17945824977,392526.52257337986,6.077300423763697,6.089672751665141,0.02674825801979752,0.004401338777856931,6.0447718144478575,6.093881783580312,6.082094041816151,6.091994688146013,164.5498350625923,164.2124365084814,0.7264061757221999,0.004414505644723897,164.09901803820588,165.43226079466152,164.14984841739283,164.41705654741796,164.5498350625923,164.2124365084814,0.7264061757221999,0.004414505644723897,164.09901803820588,165.43226079466152,164.14984841739283,164.41705654741796,32768.0,65536.0
libVentra_deque_concurrent_deque_benchmark.json,deque,std::deque + mutex,ConcurrentPhasedPushBackPopFront,total_operations,32768.0,2,30,30,870433.8705285956,860266.6243898678,23784.928576253926,0.02732537115290545,854337.5771343407,897005.5210378321,855529.1780489492,880526.4024387015,1740867.7410571913,1720533.2487797355,47569.85715250785,0.02732537115290545,1708675.1542686813,1794011.0420756643,1711058.3560978984,1761052.804877403,1710261.0557724435,1682622.815853721,58068.10184636624,0.033952770923699506,1669724.2963410176,1773654.6219507027,1673134.0743900472,1736564.3231706745,26.563533646502552,26.25325391814782,0.7258584160233748,0.02732537115290547,26.072313755320458,27.374436066828373,26.10867852932584,26.871533277548263,37.67241807872428,38.09053274718457,1.0156787098698856,0.026960804792180205,36.53051480360866,38.35486231349148,37.216469949280885,38.3014670316978,18.83620903936214,19.045266373592284,0.5078393549349428,0.026960804792180205,18.26525740180433,19.17743115674574,18.608234974640443,19.1507335158489,32768.0,65536.0
libVentra_deque_concurrent_deque_benchmark.json,deque,std::deque + mutex,ConcurrentPhasedPushBackPopFront,total_operations,32768.0,4,30,30,404499.2079718305,403511.64069656195,5731.539677310398,0.014169470704401341,400965.357591426,406469.1332049569,401787.5790526478,405565.0045661143,1617996.831887322,1614046.5627862478,22926.15870924159,0.014169470704401341,1603861.430365704,1625876.5328198276,1607150.3162105912,1622260.0182644571,1396487.8869862475,1395271.2157537227,13341.591187942531,0.009553674838336725,1387806.2323056078,1405538.199200715,1390160.514269493,1401885.315068162,24.68867236156192,24.62839603860852,0.3498254197577151,0.014169470704401357,24.47298325142981,24.808907055966607,24.52316766678758,24.75372342322475,40.51212377705109,40.60354252569849,0.5635901417222517,0.013911641483518294,40.3081289535689,40.86139617204142,40.397964770850855,40.7778117566762,10.128030944262772,10.150885631424622,0.14089753543056294,0.013911641483518294,10.077032238392224,10.215349043010354,10.099491192712714,10.19445293916905,32768.0,65536.0
libVentra_deque_concurrent_deque_benchmark.json,deque,std::deque + mutex,ConcurrentPhasedPushBackPopFront,total_operations,32768.0,8,30,30,329150.5472756338,328972.7368388421,1924.0226806268292,0.005845418446215234,327782.92178492143,329914.60300497536,328200.4810697659,329664.3468749822,2633204.3782050703,2631781.894710737,15392.181445014634,0.005845418446215234,2622263.3742793715,2639316.824039803,2625603.8485581274,2637314.7749998574,1877691.5687499337,1875574.7177881296,22475.284245719595,0.011969635812276898,1861726.463701907,1889418.7757211053,1864663.3124998873,1883086.738942267,40.17951016548264,40.15780478989772,0.23486604988120463,0.005845418446215231,40.01256369444842,40.27277868713078,40.06353528683666,40.24222984313747,24.88912700858186,24.901760709000758,0.14505516197773577,0.005828053427816903,24.830668108522428,24.992154257095546,24.849517661469193,24.960360827943383,3.1111408760727324,3.1127200886250947,0.01813189524721697,0.005828053427816903,3.1038335135653035,3.1240192821369432,3.106189707683649,3.120045103492923,32768.0,65536.0
libVentra_deque_concurrent_deque_benchmark.json,deque,std::deque + mutex,ConcurrentPhasedPushBackPopFront,total_operations,32768.0,12,30,30,268762.1807126967,268699.3055873797,804.4378388613575,0.0029931214158486503,268104.9355408913,269075.94939789164,268359.6551669457,268903.6264652661,3225146.1685523605,3224391.6670485567,9653.25406633627,0.0029931214158486438,3217259.226490696,3228911.3927746997,3220315.862003349,3226843.5175831933,2443832.4339194917,2448143.6620794414,17663.971591504593,0.007227979850964898,2441281.1345566013,2452222.2211392447,2444852.309633149,2451068.977064346,49.21182508167053,49.20031230237667,0.14729696756494715,0.002993121415848677,49.09147989640344,49.26927784385224,49.13812045293196,49.237724572497456,20.3204949687882,20.325074261378795,0.06070792173058404,0.002987521801207597,20.296624519915788,20.370134648181043,20.309632442716733,20.35080470499549,1.69337458073235,1.6937561884482328,0.0050589934775487,0.002987521801207615,1.6913853766596492,1.6975112206817538,1.6924693702263944,1.6959003920829574,32768.0,65536.0
libVentra_deque_concurrent_deque_benchmark.json,deque,std::deque + mutex,ConcurrentPhasedPushBackPopFront,total_operations,32768.0,16,30,30,201117.34894265022,201087.3535517691,820.3256503706616,0.004078840809524504,200395.19892942777,201542.224292859,200632.46491607168,201397.26387083903,3217877.5830824035,3217397.6568283057,13125.210405930586,0.004078840809524504,3206323.1828708444,3224675.588685744,3210119.438657147,3222356.2219334245,1950338.9409914894,1955482.5980903644,15375.37054328976,0.007883435140495845,1946490.150028889,1959542.0493343999,1949755.4976851,1957424.951388842,49.100915269201714,49.09359217572488,0.20027481698502583,0.004078840809524525,48.924609113629835,49.204644602748786,48.98253537990031,49.16925387471656,20.3665459514708,20.36925724225811,0.082889209517014,0.004069870743646054,20.32328479385159,20.439611473500392,20.33791313932136,20.415439895766383,1.272909121966925,1.273078577641132,0.005180575594813375,0.004069870743646054,1.2702052996157245,1.2774757170937745,1.271119571207585,1.275964993485399,32768.0,65536.0
libVentra_deque_concurrent_deque_benchmark.json,deque,std::deque + mutex,ConcurrentPhasedPushBackPopFront,total_operations,32768.0,24,30,30,134740.81209759245,134818.04950328486,536.8122344942155,0.003984035914117868,134401.80693398014,135160.17903642787,134585.09664349526,134972.31978203123,3233779.4903422203,3235633.1880788365,12883.493627861188,0.00398403591411787,3225643.366415523,3243844.296874269,3230042.319443886,3239335.6747687496,1486827.444855964,1493345.473958421,15838.004494923103,0.01065221424968881,1479812.2773920281,1497652.8801119244,1487135.1221064099,1496670.2847222919,49.3435591177707,49.371844300519356,0.1965865116555954,0.0039840359141178425,49.21941171898686,49.49713587759809,49.2865344153425,49.428339763927454,20.266381233930986,20.254459348480346,0.08093679361617338,0.003993648036219953,20.20319646476005,20.317188087188406,20.23130869571147,20.289517448577357,0.844432551413791,0.8439358061866811,0.0033723664006738976,0.003993648036219961,0.8417998526983356,0.8465495036328503,0.8429711956546446,0.8453965603573899,32768.0,65536.0
libVentra_deque_concurrent_deque_benchmark.json,deque,std::deque + mutex,ConcurrentPhasedPushBackPopFront,total_operations,32768.0,32,30,30,100260.63651279327,100245.18895571333,601.737065915429,0.00600172796467981,99953.4919958288,100593.36626572888,99991.31516500904,100339.86365544016,3208340.3684093845,3207846.0465828264,19255.586109293727,0.00600172796467981,3198511.7438665214,3218987.720503324,3199722.0852802894,3210875.636974085,1099028.6354458535,1099641.016501131,10085.525748502852,0.009176763391985105,1094089.6794685174,1105571.3664572733,1097143.852073511,1103595.116238352,48.95538892226234,48.9478461697819,0.2938169267165175,0.006001727964679799,48.80541601358828,49.11785462193793,48.82388435791457,48.9940740505079,20.42746935127758,20.42990860038964,0.12220144024839756,0.005982211410869394,20.35919576325078,20.489529271661894,20.41063211582485,20.48178147592966,0.6383584172274244,0.6384346437621763,0.0038187950077624238,0.005982211410869394,0.6362248676015869,0.6402977897394342,0.6378322536195266,0.6400556711228019,32768.0,65536.0
libVentra_deque_concurrent_deque_benchmark.json,deque,std::deque + mutex,ConcurrentPhasedPushBackPopFront,total_operations,32768.0,48,30,30,67893.75386120836,67787.83690792523,492.44265092441606,0.0072531363036884185,67597.85337641246,68043.40008352726,67643.22561663689,67945.97311077651,3258900.185338001,3253816.1715804115,23637.24724437201,0.007253136303688431,3244696.962067798,3266083.2040093085,3246874.829598571,3261406.709317273,760813.331413784,762309.4459512301,7061.150190050001,0.009281054758765325,759871.4427574594,766091.1361046012,760562.4742531396,764993.0350825624,49.726870503814716,49.649294610296806,0.3606757697200319,0.007253136303688431,49.51014651592709,49.83647467055219,49.54337813718523,49.76511702449452,20.110863901557472,20.1412736407692,0.14435004045814936,0.007177714550938325,20.065626128081757,20.197880315091048,20.09440267481446,20.184332160966832,0.4189763312824473,0.419609867516025,0.0030072925095447826,0.007177714550938336,0.41803387766836997,0.42078917323106346,0.4186333890586346,0.42050692002014234,32768.0,65536.0
libVentra_deque_concurrent_deque_benchmark.json,deque,std::deque + mutex,ConcurrentPhasedPushBackPopFront,total_operations,32768.0,64,30,30,51534.12652510742,51417.18711421735,499.32504602802607,0.00968921139635024,51263.49970344689,51577.03639365301,51306.15555442618,51483.196514781346,3298184.097606875,3290699.9753099103,31956.80294579367,0.00968921139635024,3280863.981020601,3300930.329193793,3283593.9554832755,3294924.576946006,580065.8454058513,581171.9267393813,4909.321742124059,0.008463387012019614,578996.065890299,583566.2857090619,580212.8641656907,582712.140330182,50.32629543467522,50.21209679122788,0.48762211526174354,0.009689211396350228,50.06201142914736,50.36819960317676,50.103667533619316,50.276559096466165,19.8720847609412,19.9155199255842,0.1875776578919667,0.009439254116943616,19.853809077379537,19.975226204240638,19.88998509007184,19.958629839150035,0.31050132438970623,0.3111799988372531,0.0029309009045619797,0.009439254116943616,0.3102157668340553,0.31211290944125997,0.3107810170323725,0.3118535912367193,32768.0,65536.0
libVentra_deque_concurrent_deque_benchmark.json,deque,std::deque + mutex,ConcurrentPhasedPushBackPopFront,total_operations,61440.0,1,30,30,741421.8648823241,737464.9946465514,7394.3941920757825,0.009973261569847815,735852.5289082127,747745.0000009591,736629.3436833979,746128.2976464158,741421.8648823241,737464.9946465514,7394.3941920757825,0.009973261569847815,735852.5289082127,747745.0000009591,736629.3436833979,746128.2976464158,735544.6400427709,733958.3640257714,5796.927209353261,0.007881135819324545,733548.4609202994,735103.7157386756,733685.9507495416,734822.5535328821,6.033706582701204,6.00150549028769,0.060175733984991694,0.009973261569847814,5.988383210516053,6.085164388028639,5.9947049453401515,6.072007630586066,165.75129452530885,166.6248589071011,1.6277948202905415,0.009820706528732364,164.3340980226808,166.98998398556694,164.69061176475344,166.81390134713064,165.75129452530885,166.6248589071011,1.6277948202905415,0.009820706528732364,164.3340980226808,166.98998398556694,164.69061176475344,166.81390134713064,61440.0,122880.0
libVentra_deque_concurrent_deque_benchmark.json,deque,std::deque + mutex,ConcurrentPhasedPushBackPopFront,total_operations,61440.0,2,30,30,1680914.711926142,1697456.8268345078,50551.98353451948,0.030074091907133414,1666148.9478202309,1715069.4053904996,1676876.892202643,1710760.8142175088,3361829.423852284,3394913.6536690155,101103.96706903896,0.030074091907133414,3332297.8956404617,3430138.8107809993,3353753.784405286,3421521.6284350175,3324311.025076553,3367359.4816508302,116419.88791770372,0.035020756794266195,3298072.6433485183,3398342.911696544,3319805.2385331467,3394739.9243118176,27.358637889422877,27.627878040926234,0.8227861903404866,0.03007409190713343,27.118309697594906,27.914541103361,27.292918167360725,27.844414293904762,36.58457149174475,36.19533884820603,1.137118342194943,0.03108190955445609,35.82365524640787,36.875579919937564,35.913847622696395,36.63954121241195,18.292285745872373,18.097669424103014,0.5685591710974714,0.03108190955445609,17.911827623203934,18.437789959968782,17.956923811348197,18.319770606205974,61440.0,122880.0
libVentra_deque_concurrent_deque_benchmark.json,deque,std::deque + mutex,ConcurrentPhasedPushBackPopFront,total_operations,61440.0,4,30,30,758748.1791670456,756029.441038852,9067.10181661217,0.011950080495173038,752284.1777712667,763621.0145932946,753035.1320749216,762691.5362626484,3034992.7166681825,3024117.764155408,36268.40726644868,0.011950080495173038,3009136.7110850667,3054484.0583731784,3012140.5282996865,3050766.1450505937,2640835.995204558,2633362.8962262813,27539.293061233875,0.010428248142346564,2620947.8991751987,2663789.434551889,2627427.2063678377,2654121.5200473266,24.698833957260604,24.61033336715013,0.2951530539261772,0.011950080495173028,24.488417245158416,24.857454902125475,24.512862372230522,24.82719844604975,40.49327736093212,40.63335186235616,0.4792873703434973,0.01183622076502786,40.22939438101099,40.83563742303258,40.27840820829767,40.794910685941744,10.12331934023303,10.15833796558904,0.11982184258587432,0.01183622076502786,10.057348595252748,10.208909355758145,10.069602052074417,10.198727671485436,61440.0,122880.0
libVentra_deque_concurrent_deque_benchmark.json,deque,std::deque + mutex,ConcurrentPhasedPushBackPopFront,total_operations,61440.0,8,30,30,617999.2700557786,618522.5086046903,2895.4750723372526,0.004685240278804725,616843.9241959313,619793.2035210901,617278.5564994379,619230.231883808,4943994.160446228,4948180.0688375225,23163.80057869802,0.004685240278804725,4934751.39356745,4958345.628168721,4938228.451995503,4953841.855070464,3529679.8396135843,3535634.4655799656,32885.62425530816,0.009316885879062717,3514779.0131344413,3548905.160778594,3519086.2898550853,3542760.1032611206,40.23432747758975,40.26839248728453,0.18850749168862382,0.00468524027880474,40.15910964817261,40.351120020904304,40.18740602209883,40.314468221602084,24.854926710558956,24.83337307556242,0.11667518079220837,0.004694247629490777,24.78246099424907,24.900950469497495,24.804990496154453,24.88341744913948,3.1068658388198696,3.1041716344453025,0.014584397599026046,0.004694247629490777,3.097807624281134,3.112618808687187,3.1006238120193066,3.110427181142435,61440.0,122880.0
libVentra_deque_concurrent_deque_benchmark.json,deque,std::deque + mutex,ConcurrentPhasedPushBackPopFront,total_operations,61440.0,12,30,30,508108.59506708384,507450.24958086316,1893.242945830183,0.003726059673484218,506860.4046635351,509325.4216053316,507061.4552799695,508658.60039512516,6097303.140805007,6089402.994970358,22718.91534996221,0.0037260596734842197,6082324.855962422,6111905.059263979,6084737.463359634,6103903.204741502,4665210.529262372,4678357.291666476,42810.14111576682,0.00917646499493253,4668437.484913594,4686857.424568847,4670697.211925203,4682924.127873151,49.61997998701991,49.55568843563117,0.1848870064287281,0.003726059673484203,49.498086392923355,49.73881070364567,49.517720242184524,49.673691444836436,20.153441985878697,20.179320256722363,0.074909226227218,0.003716944543751192,20.10502569155158,20.202801893616794,20.131384859387914,20.194790804099036,1.6794534988232246,1.6816100213935303,0.006242435518934876,0.0037169445437512175,1.6754188076292984,1.6835668244680662,1.677615404948993,1.6828992336749193,61440.0,122880.0
libVentra_deque_concurrent_deque_benchmark.json,deque,std::deque + mutex,ConcurrentPhasedPushBackPopFront,total_operations,61440.0,16,30,30,380596.48568600335,380481.57825976145,1119.6753935173442,0.0029418963012734956,379778.8188642572,381493.27921244525,379875.1148641516,381172.13624762674,6089543.770976054,6087705.252156183,17914.806296277507,0.0029418963012734956,6076461.101828115,6103892.467399124,6078001.837826425,6098754.179962028,3749076.5431752647,3760014.0371766454,30867.963310385527,0.008233484420737389,3749911.740571179,3768339.3857759465,3754176.4752154173,3767288.3028018475,49.55683407369835,49.541872169239774,0.1457910668642361,0.0029418963012734674,49.45036703961682,49.67360406412048,49.46290558126973,49.63178857390973,20.179020243086182,20.18494694797227,0.05930565298321323,0.00293897584068943,20.131416349056785,20.222297187105735,20.14837735057057,20.217170589754375,1.2611887651928864,1.261559184248267,0.003706603311450827,0.00293897584068943,1.258213521816049,1.2638935741941084,1.2592735844106606,1.2635731618596484,61440.0,122880.0
libVentra_deque_concurrent_deque_benchmark.json,deque,std::deque + mutex,ConcurrentPhasedPushBackPopFront,total_operations,61440.0,24,30,30,254052.91240251067,253910.5637791976,755.1829442882891,0.0029725419683117402,253530.00197207334,254667.53265120133,253676.98725318245,254505.52598067676,6097269.897660256,6093853.530700742,18124.39066291893,0.0029725419683117385,6084720.04732976,6112020.783628832,6088247.694076379,6108132.623536242,2846988.0580409337,2859454.9312865483,35309.980267469655,0.012402574070425543,2844598.152412261,2865888.354897567,2851623.8351608603,2862612.0054824753,49.61970945361536,49.591906988124535,0.14749666880630613,0.0029725419683117337,49.51757851017057,49.73975247093775,49.54628657288719,49.70811054310093,20.153454111751127,20.16458049085444,0.059879013686416356,0.0029711538952274163,20.10464436580785,20.19484914764569,20.117443386291043,20.183147302624164,0.8397272546562973,0.8401908537856018,0.0024949589036006724,0.0029711538952274046,0.8376935152419938,0.8414520478185703,0.8382268077621268,0.8409644709426735,61440.0,122880.0
libVentra_deque_concurrent_deque_benchmark.json,deque,std::deque + mutex,ConcurrentPhasedPushBackPopFront,total_operations,61440.0,32,30,30,189751.14802113528,189625.6880396314,1086.5258052999925,0.005726056556869794,188910.22481067321,190341.46676252855,189048.2514476314,190087.4358466235,6072036.736676329,6068022.017268205,34768.82576959976,0.005726056556869794,6045127.193941543,6090926.936400914,6049544.046324205,6082797.947091952,2113785.176937108,2106693.390625066,33271.97439711184,0.015740471056440657,2088312.7153235236,2132943.828262021,2092431.3207235425,2126620.163377166,49.41436146383732,49.381689593654016,0.28294942846353965,0.005726056556869793,49.19537104444615,49.56809030274181,49.231315481154006,49.50193641839154,20.23767158063281,20.250421270854112,0.11560200337153104,0.00571221856778033,20.17427750374383,20.327115854563065,20.201230202299577,20.31227913281078,0.6324272368947753,0.632825664714191,0.003612562605360345,0.00571221856778033,0.6304461719919947,0.6352223704550958,0.6312884438218618,0.6347587229003369,61440.0,122880.0
libVentra_deque_concurrent_deque_benchmark.json,deque,std::deque + mutex,ConcurrentPhasedPushBackPopFront,total_operations,61440.0,48,30,30,128184.75831319066,128051.37775532113,788.8597497370363,0.006154083840526771,127742.44969737846,128303.7036540114,127786.27650670652,128213.8491714726,6152868.39903315,6146466.1322554145,37865.26798737771,0.006154083840526767,6131637.585474166,6158577.775392547,6133741.272321912,6154264.760230685,1446610.9835069408,1452213.1499255355,17719.72893687308,0.012249132032660296,1443153.5781250421,1459222.8497023396,1444877.6409970694,1457524.8772320806,50.07217121609009,50.02006943567231,0.3081483397410286,0.006154083840526748,49.89939441303846,50.118634239848205,49.91651426043224,50.08353483260648,19.97189701061781,19.991976129607643,0.12168697403386072,0.006092910151157267,19.95265864785228,20.040323372014523,19.966643813985364,20.03345054514842,0.4160811877212043,0.4164995027001591,0.002535145292372098,0.006092910151157266,0.4156803884969225,0.41750673691696927,0.4159717461246951,0.4173635530239254,61440.0,122880.0
libVentra_deque_concurrent_deque_benchmark.json,deque,std::deque + mutex,ConcurrentPhasedPushBackPopFront,total_operations,61440.0,64,30,30,96535.35804079936,96328.84126280416,781.8829063854707,0.0080994458637116,96079.00301251771,96567.83838217301,96169.95998272736,96465.75524687095,6178262.914611159,6165045.840819466,50040.50600867013,0.0080994458637116,6149056.192801134,6180341.656459073,6154877.438894551,6173808.335799741,1093947.366982883,1097021.140485485,8800.762776102483,0.008044959969486528,1090386.7400948864,1098531.428152862,1092804.7220982308,1098414.0146484794,50.27883231291633,50.171271491043825,0.407230680409099,0.008099445863711594,50.041147402352976,50.29574915738176,50.08852082433717,50.24258085774528,19.89032998043723,19.93172535068598,0.15894098665524556,0.007990867261205271,19.882396084074934,19.98355540459069,19.903445193157502,19.96465467128472,0.3107864059443317,0.31143320860446844,0.002483452916488212,0.007990867261205271,0.31066243881367084,0.3122430531967295,0.31099133114308597,0.31194772923882375,61440.0,122880.0
libVentra_deque_concurrent_deque_benchmark.json,deque,std::deque + mutex,ConcurrentSteadyPushBackPopFront,operations_per_thread,512.0,1,30,30,6333.729967974802,6333.736151550145,6.398622857217512,0.0010102456040233523,6328.6332890324975,6336.386855801637,6330.220228563932,6335.936289855621,6333.729967974802,6333.736151550145,6.398622857217512,0.0010102456040233523,6328.6332890324975,6336.386855801637,6330.220228563932,6335.936289855621,6216.840949070262,6217.074328502133,5.203067804266155,0.0008369311434683369,6213.250009100221,6219.0288797506,6214.455779593716,6218.4308487416965,6.185283171850393,6.1852892104981905,0.006248655134001461,0.0010102456040233497,6.180305946320798,6.187877788868786,6.181855691956965,6.18743778306213,161.67424480109975,161.6739276731484,0.16318394701640832,0.0010093379265025538,161.60629449530575,161.80428781517153,161.6177867973876,161.76372548957693,161.67424480109975,161.6739276731484,0.16318394701640832,0.0010093379265025538,161.60629449530575,161.80428781517153,161.6177867973876,161.76372548957693,512.0,1024.0
libVentra_deque_concurrent_deque_benchmark.json,deque,std::deque + mutex,ConcurrentSteadyPushBackPopFront,operations_per_thread,512.0,2,30,30,30969.496901691156,31304.603915657644,823.8035869165186,0.02660048335727188,30579.89255263705,31540.438645468035,30957.292762604015,31462.326149632183,61938.99380338231,62609.20783131529,1647.6071738330372,0.02660048335727188,61159.7851052741,63080.87729093607,61914.58552520803,62924.652299264366,61627.404417669604,62443.98506704616,1841.5257118384718,0.02988160428366955,60875.74624554085,62860.994760732385,61674.04098081305,62680.01756321872,30.243649318057766,30.57090226138442,0.8044956903481634,0.026600483357271904,29.86317632093462,30.801209614714878,30.231731213480483,30.724927880500182,33.087969136866896,32.71084359780295,0.9015403105024089,0.027246770775602093,32.466259507197805,33.48607391930682,32.54690894111769,33.077827827276224,16.543984568433448,16.355421798901475,0.45077015525120445,0.027246770775602093,16.233129753598902,16.74303695965341,16.273454470558846,16.538913913638112,1024.0,2048.0
libVentra_deque_concurrent_deque_benchmark.json,deque,std::deque + mutex,ConcurrentSteadyPushBackPopFront,operations_per_thread,512.0,4,30,30,26462.987371922743,26464.072654839965,164.06379559887972,0.00619974582963946,26388.72620759343,26547.19017834251,26395.511536610575,26526.866624369308,105851.94948769097,105856.29061935986,656.2551823955189,0.00619974582963946,105554.90483037372,106188.76071337004,105582.0461464423,106107.46649747723,93279.2167322829,93320.04220924852,671.0166913743255,0.007193635569434345,92851.22647260415,93561.57031722684,92964.04731980403,93430.29133857525,25.842761105393304,25.843820951992157,0.1602185503895309,0.0061997458296394565,25.77024043710296,25.924990408537607,25.776866734971264,25.905143187860652,38.696987390214105,38.69396906380159,0.23891521218586345,0.006174000311101261,38.57282045721911,38.804449755298094,38.602373050916654,38.79447463797426,9.674246847553526,9.673492265950397,0.05972880304646586,0.006174000311101261,9.643205114304777,9.701112438824524,9.650593262729164,9.698618659493565,2048.0,4096.0
libVentra_deque_concurrent_deque_benchmark.json,deque,std::deque + mutex,ConcurrentSteadyPushBackPopFront,operations_per_thread,512.0,8,30,30,38136.890646322354,38020.1400683401,1337.2684632887685,0.03506495785643513,37170.97589709938,38754.30200018064,37604.66773520181,38628.27861383044,305095.12517057883,304161.1205467208,10698.147706310148,0.03506495785643513,297367.80717679503,310034.41600144515,300837.34188161447,309026.2289106435,246923.89720174947,246878.64030508068,8413.436830121098,0.03407299546729124,240261.70362409073,250894.41722975345,243689.26479321322,250002.43714167146,37.24305727179917,37.12904303548838,1.3059262336804376,0.035064957856435125,36.299781149511105,37.8459980470514,36.723308335158016,37.722928333818786,26.88225477480624,26.93309913777326,0.9333461864828063,0.0347197879903113,26.42289768823654,27.548529227281623,26.509076870327224,27.230734058740218,3.36028184685078,3.3666373922216577,0.11666827331035079,0.0347197879903113,3.3028622110295673,3.443566153410203,3.313634608790903,3.4038417573425273,4096.0,8192.0
libVentra_deque_concurrent_deque_benchmark.json,deque,std::deque + mutex,ConcurrentSteadyPushBackPopFront,operations_per_thread,512.0,12,30,30,54516.867482464135,54662.90610751273,442.423197893313,0.008115345182582667,54444.62983904981,54768.16903436385,54624.72167160692,54719.3530394499,654202.4097895697,655954.8732901528,5309.078374719759,0.008115345182582672,653335.5580685977,657218.0284123662,655496.660059283,656632.2364733989,510444.7422522887,513575.0666200045,7604.3619202792215,0.014897522279739235,508550.5664645454,515153.1981887501,511427.38782650547,514565.1068097239,53.23912840084388,53.3817442456179,0.4320539041926875,0.00811534518258265,53.16858382719708,53.48454007262095,53.34445475742864,53.436868202587796,18.78439456135326,18.73299597588506,0.1551463820982052,0.008259323003010228,18.69699167144335,18.80813054938514,18.7136715461849,18.746091409832985,1.5653662134461048,1.5610829979904217,0.012928865174850443,0.008259323003010235,1.5580826392869456,1.567344212448762,1.5594726288487417,1.5621742841527486,6144.0,12288.0
libVentra_deque_concurrent_deque_benchmark.json,deque,std::deque + mutex,ConcurrentSteadyPushBackPopFront,operations_per_thread,512.0,16,30,30,54458.07438014307,54468.528043020255,209.8931502180662,0.0038542154236470595,54313.77787182875,54637.25325759163,54347.2382957254,54566.90042438313,871329.1900822892,871496.4486883241,3358.2904034890594,0.0038542154236470595,869020.44594926,874196.052121466,869555.8127316064,873070.4067901301,555496.6403960898,556604.8895833278,4076.759658416003,0.007338945660425816,554669.1488811616,558342.5289737455,555173.7180555665,558201.024228405,53.18171326185847,53.19192191701197,0.20497377950983042,0.003854215423647062,53.040798702957765,53.35669263436682,53.07347489816934,53.28798869568665,18.80372614123001,18.799847520101853,0.07253412372391689,0.003857433530946554,18.741791372088237,18.853412611424467,18.7659550396072,18.84180385638529,1.1752328838268755,1.1749904700063658,0.004533382732744806,0.003857433530946554,1.1713619607555148,1.1783382882140292,1.17287218997545,1.1776127410240806,8192.0,16384.0
libVentra_deque_concurrent_deque_benchmark.json,deque,std::deque + mutex,ConcurrentSteadyPushBackPopFront,operations_per_thread,512.0,24,30,30,53351.81899462191,53356.370675640384,332.97652847390793,0.006241146689065529,53226.540622148874,53602.544936964376,53312.361241498475,53528.590993187136,1280443.6558709259,1280552.8962153692,7991.436683373783,0.006241146689065523,1277436.974931573,1286461.078487145,1279496.6697959634,1284686.1838364913,628484.0774114687,631196.436126384,6523.526749792024,0.010379780465816111,622790.7374084289,633179.5680707735,627820.0389194044,632513.6948259815,52.10138573693546,52.10583073793006,0.32517239108780116,0.006241146689065537,51.97904357631725,52.34623529000427,52.06285277490085,52.27401464178431,19.194076643332057,19.191711763184124,0.12086925430710214,0.006297216404472972,19.103578917710127,19.23852939904035,19.129963915672214,19.207552929053612,0.7997531934721689,0.7996546567993383,0.005036218929462599,0.006297216404472985,0.7959824549045886,0.8016053916266813,0.7970818298196755,0.8003147053772338,12288.0,24576.0
libVentra_deque_concurrent_deque_benchmark.json,deque,std::deque + mutex,ConcurrentSteadyPushBackPopFront,operations_per_thread,512.0,32,30,30,51925.29198568069,51911.668820413615,333.31607542487126,0.00641914686809636,51705.48113872765,52149.31585323198,51735.147145265786,52055.68686863349,1661609.3435417821,1661173.4022532357,10666.11441359588,0.00641914686809636,1654575.3964392848,1668778.1073034233,1655524.7086485052,1665781.9797962718,625372.5267248036,626075.4321221029,5484.403765255403,0.008769818837386865,622505.2245639623,629011.2370639428,623620.9552325648,627845.9542150621,50.70829295476631,50.69498908243517,0.3255039799071027,0.0064191468680963966,50.49363392453872,50.92706626292186,50.52260463404862,50.835631707649895,19.721424617388454,19.725815533541777,0.12641874955240423,0.006410224007901556,19.635931333273728,19.804477000123104,19.671242712264267,19.793120786603644,0.6162945192933892,0.6164317354231805,0.003950585923512632,0.006410224007901556,0.613622854164804,0.618889906253847,0.6147263347582583,0.6185350245813639,16384.0,32768.0
libVentra_deque_concurrent_deque_benchmark.json,deque,std::deque + mutex,ConcurrentSteadyPushBackPopFront,operations_per_thread,512.0,48,30,30,51965.497019983704,51925.493474199546,378.75407180845207,0.007288568252561877,51651.834772395014,52202.942265059224,51721.85001415483,52118.99227215114,2494343.856959218,2492423.6867615785,18180.19544680575,0.0072885682525618955,2479288.0690749604,2505741.2287228424,2482648.8006794313,2501711.629063255,631537.4696069754,632232.9272310976,3827.85256882659,0.006061164622914261,630024.0434766458,634794.1932993394,630768.2152039204,633406.5430703489,50.747555683577836,50.708489720897994,0.3698770232504426,0.007288568252561899,50.441244894917,50.97943580572189,50.509619154448075,50.897453390772604,19.706392247195367,19.720563679189333,0.1433082442465927,0.0072721704941699035,19.61575983405944,19.825047568052085,19.647350868254946,19.798217928248764,0.41054983848323684,0.4108450766497777,0.002985588421804019,0.007272170494169915,0.40866166320957165,0.4130218243344184,0.40931980975531135,0.4124628735051826,24576.0,49152.0
libVentra_deque_concurrent_deque_benchmark.json,deque,std::deque + mutex,ConcurrentSteadyPushBackPopFront,operations_per_thread,512.0,64,30,30,52215.804922605894,52111.31251006975,339.8861835742262,0.00650925872114783,51985.675997970706,52489.609886792554,52031.508607643555,52465.251786256995,3341811.515046777,3335124.000644464,21752.715748750477,0.00650925872114783,3327083.263870125,3359335.0327547234,3330016.5508891875,3357776.1143204477,633165.4323251196,633932.679114117,3823.270163203581,0.0060383431691204475,630912.0586296149,635963.7860163506,631601.933629551,635743.3968606815,50.99199699473232,50.88995362311499,0.3319201011467048,0.00650925872114782,50.767261716768274,51.25938465507085,50.81202012465191,51.2355974475166,19.611724523853226,19.650244143638744,0.12778011300539396,0.006515496016170244,19.508622823913022,19.697734268343098,19.51768032677641,19.680383768972998,0.30643319568520666,0.3070350647443554,0.0019965642657092807,0.006515496016170244,0.30482223162364097,0.3077770979428609,0.3049637551058814,0.3075059963902031,32768.0,65536.0
libVentra_deque_concurrent_deque_benchmark.json,deque,std::deque + mutex,ConcurrentSteadyPushBackPopFront,operations_per_thread,2048.0,1,30,30,24898.106446677655,24877.978550011903,70.36123576052788,0.0028259673445936574,24866.77402503119,24886.475750099635,24871.8110999107,24885.235100009595,24898.106446677655,24877.978550011903,70.36123576052788,0.0028259673445936574,24866.77402503119,24886.475750099635,24871.8110999107,24885.235100009595,24838.500070003047,24819.130949981627,67.96688460412145,0.0027363522117909073,24807.0376749979,24826.465100022688,24812.603550003587,24825.847450006222,6.078639269208411,6.0737252319365,0.017178036074347633,0.002825967344593659,6.070989752204881,6.075799743676668,6.072219506814136,6.07549685058828,164.51176265694033,164.6436020570082,0.4613406035848953,0.002804301626424963,164.58738641085603,164.7177875137246,164.59559187811132,164.68442863474786,164.51176265694033,164.6436020570082,0.4613406035848953,0.002804301626424963,164.58738641085603,164.7177875137246,164.59559187811132,164.68442863474786,2048.0,4096.0
libVentra_deque_concurrent_deque_benchmark.json,deque,std::deque + mutex,ConcurrentSteadyPushBackPopFront,operations_per_thread,2048.0,2,30,30,123339.18404163644,125252.54212505388,4431.21291694398,0.03592704906697052,122762.07281263397,126056.43774986675,124273.92762492673,125975.38287491261,246678.3680832729,250505.08425010776,8862.42583388796,0.03592704906697052,245524.14562526793,252112.8754997335,248547.85524985346,251950.76574982522,245588.6195500303,249804.71150008254,9605.421159976788,0.039111833347880404,244636.058624934,251426.06700003808,247853.1745000772,251216.1942499594,30.112105478915147,30.579233917249482,1.0818390910507771,0.03592704906697055,29.971209182771965,30.77549749752606,30.340314361554377,30.755708709695462,33.253112051912574,32.70194690714163,1.2637760612217968,0.03800474551822015,32.493383348390815,33.36558246089762,32.51428895912562,32.95946061443567,16.626556025956287,16.350973453570816,0.6318880306108984,0.03800474551822015,16.246691674195407,16.68279123044881,16.25714447956281,16.479730307217835,4096.0,8192.0
libVentra_deque_concurrent_deque_benchmark.json,deque,std::deque + mutex,ConcurrentSteadyPushBackPopFront,operations_per_thread,2048.0,4,30,30,105557.77349639515,105459.07529606423,837.6012869440972,0.007935003355984026,105097.45631473596,106079.49098193525,105246.05479198691,105974.68617101392,422231.0939855806,421836.3011842569,3350.4051477763887,0.007935003355984026,420389.82525894383,424317.963927741,420984.21916794765,423898.7446840557,372749.64718511165,372035.3549513703,3032.292799732954,0.008134931374534832,370732.6451245481,374731.5388820685,370814.81014581805,374233.3985419322,25.77094079501835,25.74684455470318,0.20449250169533578,0.007935003355984007,25.65855867058983,25.89831322801154,25.69483759569993,25.8727261159702,38.805757058653576,38.839712648390574,0.30793421037135454,0.00793527130281011,38.61255386745311,38.97335081393473,38.65074469734535,38.91832753926747,9.701439264663394,9.709928162097643,0.07698355259283864,0.00793527130281011,9.653138466863277,9.743337703483682,9.662686174336338,9.729581884816868,8192.0,16384.0
libVentra_deque_concurrent_deque_benchmark.json,deque,std::deque + mutex,ConcurrentSteadyPushBackPopFront,operations_per_thread,2048.0,8,30,30,152319.0066383165,150787.64042904958,6407.031391464036,0.04206324301127841,147375.01814521788,157725.58401933213,148037.5588598291,154029.09979846992,1218552.053106532,1206301.1234323967,51256.251131712284,0.04206324301127841,1179000.145161743,1261804.672154657,1184300.4708786327,1232232.7983877594,982977.381810017,973627.310483864,38617.46316337265,0.03928621744303407,952255.7007167037,1012784.6368727988,957907.9650537502,993341.1265681429,37.18725748005773,36.81338877662344,1.564216648306648,0.04206324301127838,35.980229039359834,38.50722266096976,36.14198214351296,37.60476069298582,26.935997953720175,27.164066116414805,1.1093757313953538,0.04118561834246561,25.971091469569558,27.79304388089912,26.592642595281166,27.66880869598473,3.366999744215022,3.3955082645518506,0.13867196642441923,0.04118561834246561,3.2463864336961947,3.47413048511239,3.324080324410146,3.458601086998091,16384.0,32768.0
libVentra_deque_concurrent_deque_benchmark.json,deque,std::deque + mutex,ConcurrentSteadyPushBackPopFront,operations_per_thread,2048.0,12,30,30,217763.49225893305,219109.0857519014,3758.2546056876267,0.017258423653579408,217916.5150023454,219600.41370937976,218214.68749991513,219465.01630725423,2613161.9071071963,2629309.029022817,45099.055268251526,0.017258423653579415,2614998.1800281447,2635204.964512557,2618576.2499989816,2633580.195687051,2011025.6961494137,2045492.2681035202,95636.62660979266,0.047556143510702864,2012466.0060344604,2053292.501436641,2014910.461630687,2051585.1060345008,53.16491510227858,53.4934291386478,0.917542628341706,0.017258423653579415,53.20227417049448,53.613382253266536,53.27507019040897,53.580326246888234,18.815060008112074,18.69388521959035,0.33950250839055857,0.018044189507988962,18.65205961383092,18.796189462301413,18.66356950543274,18.77052436314755,1.5679216673426728,1.5578237682991958,0.0282918756992132,0.01804418950798895,1.5543383011525769,1.566349121858451,1.5552974587860615,1.5642103635956293,24576.0,49152.0
libVentra_deque_concurrent_deque_benchmark.json,deque,std::deque + mutex,ConcurrentSteadyPushBackPopFront,operations_per_thread,2048.0,16,30,30,217925.6523862983,217939.55102531973,636.4447561683266,0.002920467366733656,217676.96112532463,218376.38353551837,217801.19499318436,218173.59234152726,3486810.4381807726,3487032.8164051156,10183.116098693226,0.002920467366733656,3482831.378005194,3494022.136568294,3484819.1198909497,3490777.477464436,2225804.3680488924,2232166.649038488,17199.984747519742,0.007727536613020936,2225570.1353665665,2236477.0033052666,2227157.9179686834,2234543.640024127,53.2045049771236,53.20789819954095,0.1553820205489075,0.0029204673667336495,53.14378933723745,53.31454676160116,53.1741198713829,53.265037192755685,18.795556029111374,18.794202525742094,0.05495485138341874,0.0029238215298500497,18.756607198683085,18.81687509345619,18.774042612313465,18.80614134046356,1.1747222518194609,1.1746376578588809,0.0034346782114636713,0.0029238215298500497,1.1722879499176928,1.1760546933410119,1.1733776632695916,1.1753838337789726,32768.0,65536.0
libVentra_deque_concurrent_deque_benchmark.json,deque,std::deque + mutex,ConcurrentSteadyPushBackPopFront,operations_per_thread,2048.0,24,30,30,213095.93685434683,213230.8569692607,874.8029717897982,0.004105207188383581,212690.4365078692,213577.96745417453,212884.3697669308,213455.5415798178,5114302.484504324,5117540.5672622565,20995.271322955217,0.004105207188383592,5104570.476188861,5125871.218900189,5109224.874406339,5122932.997915627,2511947.403888888,2518087.2065476347,19656.21830984895,0.007825091512432962,2499267.165029876,2526659.8422618485,2503828.30892865,2524560.5523808566,52.02537520858077,52.058314689760905,0.2135749442846181,0.004105207188383569,51.92637610055401,52.14305846049183,51.97372308762959,52.113169331010205,19.22170352220835,19.20922731237407,0.07913602140062731,0.004117013942556924,19.17800818520285,19.258035610560718,19.18900786639206,19.240505292864714,0.8009043134253478,0.8003844713489197,0.0032973342250261265,0.00411701394255691,0.7990836743834521,0.8024181504400298,0.7995419944330024,0.8016877205360298,49152.0,98304.0
libVentra_deque_concurrent_deque_benchmark.json,deque,std::deque + mutex,ConcurrentSteadyPushBackPopFront,operations_per_thread,2048.0,32,30,30,207036.71612808795,207478.12975850428,1734.7003845196575,0.008378708940912905,206261.39228083155,208037.44536580413,206552.99944949817,207862.7144796967,6625174.916098814,6639300.152272137,55510.41230462904,0.008378708940912905,6600364.55298661,6657198.251705732,6609695.982383941,6651606.8633502945,2498665.6383901346,2496373.2747158846,25820.770751497545,0.010333823923769813,2489756.2884941823,2516375.852130571,2491823.9088068474,2514220.8147727726,50.54607327345897,50.65384027307233,0.4235108360643684,0.008378708940912883,50.3567852248124,50.790391935010774,50.42797838122514,50.7477330272697,19.78528079522672,19.74184371463255,0.1667340295676257,0.00842717529729732,19.688763451423934,19.85830342960852,19.705320006821864,19.830261824282005,0.618290024850835,0.6169326160822672,0.005210438423988303,0.00842717529729732,0.615273857856998,0.6205719821752662,0.6157912502131833,0.6196956820088126,65536.0,131072.0
libVentra_deque_concurrent_deque_benchmark.json,deque,std::deque + mutex,ConcurrentSteadyPushBackPopFront,operations_per_thread,2048.0,48,30,30,207146.04527271216,207275.31200567292,1507.8327194555598,0.0072790804066303364,206625.17219146347,208273.79642895254,206978.2951328588,208060.63556731032,9943010.173090184,9949214.9762723,72375.97053386689,0.007279080406630338,9918008.265190246,9997142.228589721,9934958.166377224,9986910.507230897,2520009.311381167,2526289.576099367,18407.598381446573,0.007304575541968032,2513137.988425934,2531939.176215384,2518546.7233796264,2530503.006365883,50.57276495915824,50.60432422013499,0.36812322252333035,0.007279080406630343,50.44559867955651,50.84809483128724,50.531810335170604,50.79605360530037,19.77450899093858,19.761157121185636,0.1449965482634827,0.00733249803218505,19.666420216476528,19.823340321188134,19.6865821990972,19.789517904097014,0.41196893731122025,0.4116907733580341,0.0030207614221558904,0.007332498032185054,0.409717087843261,0.4129862566914194,0.41013712914785827,0.4122816230020211,98304.0,196608.0
libVentra_deque_concurrent_deque_benchmark.json,deque,std::deque + mutex,ConcurrentSteadyPushBackPopFront,operations_per_thread,2048.0,64,30,30,208901.2308087481,208718.76828342117,1173.2341608668853,0.005616214688275327,208285.3690298411,209728.71391021652,208450.10298213921,209328.33015053486,13369678.771759879,13358001.170138955,75086.98629548066,0.005616214688275327,13330263.61790983,13422637.690253858,13340806.59085691,13397013.129634231,2534343.201022387,2535491.315393517,14289.061412994331,0.005638171423361263,2522326.2984664314,2545303.9484952874,2529452.7358216904,2540808.1009838595,51.00127705291702,50.95673053794462,0.28643412130539186,0.005616214688275325,50.85092017330104,51.203299294486456,50.89113842337383,51.105549353157926,19.607950733019372,19.624493115456517,0.11025659232348708,0.005623055352633936,19.52999592373284,19.66532821927463,19.56734827554252,19.64978711015692,0.3063742302034277,0.30663270492900807,0.0017227592550544857,0.005623055352633936,0.30515618630832564,0.3072707534261661,0.3057398168053519,0.3070279235962019,131072.0,262144.0
libVentra_deque_concurrent_deque_benchmark.json,deque,std::deque + mutex,ConcurrentSteadyPushBackPopFront,operations_per_thread,8192.0,1,30,30,101252.6384447841,101572.43200572164,721.217792363155,0.007122953075010043,100673.09423920883,101812.9689190771,101154.60426747048,101779.12716924967,101252.6384447841,101572.43200572164,721.217792363155,0.007122953075010043,100673.09423920883,101812.9689190771,101154.60426747048,101779.12716924967,99816.32272166289,99847.67325748835,291.56509984987645,0.0029210162416311775,99621.475177787,99980.30881926071,99718.9283072792,99936.61223328527,6.179970608202154,6.199489258161721,0.04401964064716512,0.007122953075010026,6.144598037061086,6.2141704662522645,6.173987076871978,6.2121049297637745,161.82105896501022,161.3036221285764,1.160667781394506,0.007172538536195537,160.92252578540024,162.74492934575724,160.97603204572061,161.9698889297526,161.82105896501022,161.3036221285764,1.160667781394506,0.007172538536195537,160.92252578540024,162.74492934575724,160.97603204572061,161.9698889297526,8192.0,16384.0
libVentra_deque_concurrent_deque_benchmark.json,deque,std::deque + mutex,ConcurrentSteadyPushBackPopFront,operations_per_thread,8192.0,2,30,30,474328.0336947115,474650.8069110662,6184.924966186064,0.013039340976769728,469631.0911236863,478689.6119583316,471882.19207235647,477949.6236451672,948656.067389423,949301.6138221323,12369.849932372128,0.013039340976769728,939262.1822473726,957379.2239166632,943764.3841447129,955899.2472903344,939601.8037940479,937793.017615203,15116.990424532136,0.016088720097695387,927975.493563995,948789.6524391683,932012.4546071053,945996.5426828425,28.950685650311982,28.97038616400551,0.3774978617056926,0.013039340976769736,28.66400702659218,29.216895261128638,28.80140332472879,29.171729958811476,34.54718959298009,34.51800762699221,0.45173631505572154,0.013075920802180487,34.22677878372939,34.88695835541833,34.27976378971644,34.72053088033729,17.273594796490045,17.259003813496104,0.22586815752786077,0.013075920802180487,17.113389391864693,17.443479177709165,17.13988189485822,17.360265440168646,16384.0,32768.0
libVentra_deque_concurrent_deque_benchmark.json,deque,std::deque + mutex,ConcurrentSteadyPushBackPopFront,operations_per_thread,8192.0,4,30,30,421434.95508694905,420479.70479337743,2824.6650734890486,0.0067024935625149395,419742.10687184054,422306.92619834247,419917.38516386354,421661.12697193224,1685739.8203477962,1681918.8191735097,11298.660293956194,0.0067024935625149395,1678968.4274873622,1689227.7047933699,1679669.5406554542,1686644.507887729,1486410.0379045357,1484952.1559465788,10778.801842494542,0.007251566907937423,1479220.1623176406,1491049.600425079,1480717.2591019082,1487315.1116508571,25.722348332943668,25.664044482017665,0.17240387411432145,0.006702493562514926,25.619025077626993,25.775569225973054,25.629723215567843,25.736152769282974,38.8783667479604,38.96502309333978,0.2573822810694541,0.006620192734381175,38.79643191283968,39.033491609040674,38.85584694235862,39.01719999124511,9.7195916869901,9.741255773334945,0.06434557026736352,0.006620192734381175,9.69910797820992,9.758372902260168,9.713961735589654,9.754299997811277,32768.0,65536.0
libVentra_deque_concurrent_deque_benchmark.json,deque,std::deque + mutex,ConcurrentSteadyPushBackPopFront,operations_per_thread,8192.0,8,30,30,606369.9929930208,605330.210312142,21166.457851519554,0.03490683591884662,591842.1444274221,623873.1561977791,595092.9131250859,622317.4657293383,4850959.943944166,4842641.682497136,169331.66281215643,0.03490683591884662,4734737.155419377,4990985.249582233,4760743.305000687,4978539.725834707,3914309.911833325,3899320.4191668704,130903.48358147434,0.03344228907009659,3826781.5258337758,4023164.025416512,3844248.20583333,4013449.25666695,37.00988726764043,36.94642396924695,1.291898062226535,0.034906835918846614,36.123177760462774,38.078195568712104,36.32158893585729,37.983243757894186,27.05195773058758,27.066513860432384,0.9533470579712322,0.03524133326932139,26.261773504013433,27.683194754359658,26.327405605882443,27.531852069477118,3.3814947163234477,3.383314232554048,0.11916838224640403,0.03524133326932139,3.282721688001679,3.460399344294957,3.2909257007353054,3.4414815086846398,65536.0,131072.0
libVentra_deque_concurrent_deque_benchmark.json,deque,std::deque + mutex,ConcurrentSteadyPushBackPopFront,operations_per_thread,8192.0,12,30,30,875970.0519289937,878471.6415184846,5573.879913250708,0.006363094150280983,873649.1375743095,879764.7878263704,876408.8211273166,879423.5974326922,10511640.623147925,10541659.698221816,66886.55895900841,0.006363094150280974,10483789.650891714,10557177.453916445,10516905.8535278,10553083.169192307,8157912.931481511,8219170.622474565,121384.13228629273,0.014879312062509212,8100969.339014819,8246163.907197334,8157205.640152187,8238877.667929888,53.46496898980675,53.61765390127469,0.34020263142399243,0.006363094150280964,53.323311619525725,53.69658128823061,53.49174933638407,53.67575667924146,18.704572927775196,18.65057393845256,0.11984326419147293,0.006407163887367495,18.62315975015509,18.75352486709741,18.630384804725946,18.694476948430875,1.5587144106479331,1.5542144948710466,0.009986938682622749,0.006407163887367498,1.5519299791795909,1.5627937389247841,1.5525320670604956,1.557873079035906,98304.0,196608.0
libVentra_deque_concurrent_deque_benchmark.json,deque,std::deque + mutex,ConcurrentSteadyPushBackPopFront,operations_per_thread,8192.0,16,30,30,871864.7431143628,872151.1842965414,3022.7858601774333,0.00346703532176313,869693.1876561819,874211.6021480939,870263.7778905852,873347.7642969945,13949835.889829805,13954418.948744662,48364.57376283893,0.00346703532176313,13915091.00249891,13987385.634369502,13924220.446249364,13973564.228751913,8893716.162416704,8916179.44374952,60489.239262631825,0.006801345821924115,8886085.030624598,8926650.799999736,8898163.778749738,8920638.83000019,53.214400824851246,53.23188380716195,0.18449620728622118,0.0034670353217631463,53.08185959815564,53.357641732671745,53.116685662267166,53.30491725445523,18.792123912890933,18.785733984972218,0.06512234910376251,0.0034654065397626602,18.741460977668883,18.838828207132877,18.7599958999643,18.82647666807955,1.1745077445556833,1.1741083740607636,0.004070146818985157,0.0034654065397626602,1.1713413111043052,1.1774267629458048,1.1724997437477687,1.176654791754972,131072.0,262144.0
libVentra_deque_concurrent_deque_benchmark.json,deque,std::deque + mutex,ConcurrentSteadyPushBackPopFront,operations_per_thread,8192.0,24,30,30,850160.8587452683,851327.2331500314,9458.56929010304,0.011125623101565405,848163.2083329984,856641.9741623076,849217.104830367,854763.3619286899,20403860.60988644,20431853.595600754,227005.66296247314,0.011125623101565413,20355916.99999196,20559407.37989538,20381210.515928812,20514320.686288558,10024225.168055424,10053824.736519506,127899.20929732086,0.012759012008718847,9950450.295342814,10116745.779412271,9986590.561274737,10110814.688725539,51.88970085115163,51.96089069519234,0.5773052545228903,0.011125623101565398,51.76777394610586,52.285276743304905,51.83209868349409,52.17061535209288,19.273999724756973,19.24524361864284,0.2187858793031229,0.01135134805580068,19.12584336204108,19.31703759304489,19.16787818681314,19.29306422039459,0.8030833218648739,0.801885150776785,0.009116078304296775,0.011351348055800665,0.7969101400850451,0.8048765663768703,0.7986615911172142,0.8038776758497745,196608.0,393216.0
libVentra_deque_concurrent_deque_benchmark.json,deque,std::deque + mutex,ConcurrentSteadyPushBackPopFront,operations_per_thread,8192.0,32,30,30,828594.9527831814,829190.1829312133,7155.03885751839,0.008635146561640534,822204.6561279228,832895.4653317337,826150.7612981247,831963.2724956679,26515038.489061806,26534085.853798825,228961.24344058847,0.008635146561640534,26310548.99609353,26652654.89061548,26436824.36153999,26622824.719861373,9996180.780282844,10026529.352678448,90960.47495892702,0.009099522803583518,9950980.044642795,10065624.248326488,9975303.055804193,10053296.699777495,50.57342241108285,50.60975237617269,0.4367089146434578,0.008635146561640562,50.18338965624528,50.835904866438824,50.42424080188749,50.77900833103442,19.774658358252168,19.75906169907556,0.1709170819367328,0.008643238170808011,19.67113648674337,19.926918277545184,19.693190809853245,19.83173161113732,0.6179580736953803,0.6174706780961112,0.0053411588105229,0.008643238170808011,0.6147230152107304,0.622716196173287,0.6154122128079139,0.6197416128480413,262144.0,524288.0
libVentra_deque_concurrent_deque_benchmark.json,deque,std::deque + mutex,ConcurrentSteadyPushBackPopFront,operations_per_thread,8192.0,48,30,30,828839.6604407144,828774.5404848948,6350.702349665881,0.0076621603101003355,824609.8913001285,833025.585177868,826537.9331116452,831041.5699264326,39784303.70115431,39781177.943274945,304833.71278396214,0.0076621603101003286,39581274.78240617,39985228.08853766,39673820.789358966,39889995.35646877,10071867.658564746,10092035.055555306,83892.64937333387,0.008329403464906992,10020135.100694697,10123001.65509243,10053859.953703642,10108694.145833172,50.58835818119595,50.5843835745175,0.38761611020909975,0.007662160310100346,50.33019356079886,50.84384675157886,50.44787189402131,50.72275207070512,19.768515422843183,19.768947401598204,0.15143384676768226,0.007660355040758163,19.668078998042564,19.868807628926852,19.715031626675596,19.822445279643432,0.4118440713092329,0.41185307086662926,0.003154871807660051,0.0076603550407581735,0.40975164579255346,0.4139334922693095,0.41072982555574167,0.4129676099925714,393216.0,786432.0
libVentra_deque_concurrent_deque_benchmark.json,deque,std::deque + mutex,ConcurrentSteadyPushBackPopFront,operations_per_thread,8192.0,64,30,30,835962.1532087094,837536.3331474261,4771.13223616817,0.005707354355523067,834216.8742413922,839046.6515329566,834676.6319925322,838206.511718953,53501577.805357404,53602325.32143527,305352.46311476285,0.005707354355523067,53389879.9514491,53698985.698109224,53419304.44752206,53645216.750012994,10125929.932217253,10143495.785714557,66367.24977248581,0.006554188130546694,10074491.633928247,10176110.444754435,10097958.116071314,10165558.88058033,51.02308064018002,51.11916095870521,0.29120680152393635,0.0057073543555230715,50.916557265709976,51.2113434773533,50.94461865188795,51.160065412533754,19.599594954137455,19.56213743227029,0.112665165478691,0.005748341521461264,19.52692539162901,19.639977546765028,19.546495767844803,19.62915867286094,0.30624367115839773,0.3056583973792233,0.001760393210604547,0.005748341521461264,0.3051082092442033,0.30687464916820356,0.30541399637257505,0.30670560426345217,524288.0,1048576.0
libVentra_deque_concurrent_deque_benchmark.json,deque,std::deque + mutex,ConcurrentSteadyPushFrontPopBack,operations_per_thread,512.0,1,30,30,5938.677767303397,5950.189827601895,23.851607521874506,0.004016316166065518,5922.078784770049,5954.712741599459,5948.981505489135,5953.015506090553,5938.677767303397,5950.189827601895,23.851607521874506,0.004016316166065518,5922.078784770049,5954.712741599459,5948.981505489135,5953.015506090553,5853.741800232821,5844.458061148303,17.714332917407358,0.0030261554953966035,5840.0829559206395,5864.3575114510695,5842.0620412111675,5851.007256377881,5.799490007132223,5.810732253517475,0.02329258547058061,0.004016316166065524,5.783280063252001,5.815149161718221,5.8095522514542335,5.813491705166556,172.4316539215407,172.09535013155354,0.6952276158638573,0.0040319024961634805,171.96463459284845,172.91229219215734,172.01367233306172,172.13030484811145,172.4316539215407,172.09535013155354,0.6952276158638573,0.0040319024961634805,171.96463459284845,172.91229219215734,172.01367233306172,172.13030484811145,512.0,1024.0
libVentra_deque_concurrent_deque_benchmark.json,deque,std::deque + mutex,ConcurrentSteadyPushFrontPopBack,operations_per_thread,512.0,2,30,30,29316.1228875617,29707.741327190248,1027.535678002375,0.03505019002490059,28181.06348024991,30141.767473573127,28967.651871008537,30012.800098036627,58632.2457751234,59415.482654380496,2055.07135600475,0.03505019002490059,56362.12696049982,60283.534947146254,57935.30374201707,60025.600196073254,58310.018030458756,59230.92835832646,2256.236992448744,0.038693814007572054,55767.18507076382,60120.48536052869,57549.25076712577,59862.303273096724,28.629026257384474,29.011466139834226,1.0034528105491949,0.03505019002490061,27.520569804931554,29.435319798411257,28.28872253028177,29.309375095738893,34.972053602844845,34.469157282169206,1.2537080762477604,0.03584885493100628,33.972934659331074,36.3364577932095,34.11879021360707,35.365691792479524,17.486026801422422,17.234578641084603,0.6268540381238802,0.03584885493100628,16.986467329665537,18.16822889660475,17.059395106803535,17.682845896239762,1024.0,2048.0
libVentra_deque_concurrent_deque_benchmark.json,deque,std::deque + mutex,ConcurrentSteadyPushFrontPopBack,operations_per_thread,512.0,4,30,30,25503.05756709475,25529.349264707005,169.3573615314672,0.00664066891140065,25372.095447157182,25635.409617074558,25419.2411546559,25608.03171410805,102012.230268379,102117.39705882802,677.4294461258688,0.00664066891140065,101488.38178862873,102541.63846829823,101676.9646186236,102432.1268564322,90314.5697680051,90271.02235003497,635.0339879299116,0.007031357061891018,89926.61340637672,90770.63273514243,89963.52362404173,90559.44110364604,24.905329655365968,24.93100514131544,0.16538804837057322,0.006640668911400641,24.777436960114436,25.034579704174373,24.823477690093654,25.007843470808645,40.15376236066843,40.11069728015442,0.2670172463345994,0.006649868670741279,39.944748965663635,40.35929970649703,39.98745457741276,40.28446407731882,10.038440590167108,10.027674320038605,0.06675431158364985,0.006649868670741279,9.986187241415909,10.089824926624258,9.99686364435319,10.071116019329706,2048.0,4096.0
libVentra_deque_concurrent_deque_benchmark.json,deque,std::deque + mutex,ConcurrentSteadyPushFrontPopBack,operations_per_thread,512.0,8,30,30,36470.35990326042,36796.03375521814,1463.9967064625043,0.04014209649550578,35370.11549261428,37385.34198399902,35996.411204724485,37154.67752870975,291762.87922608334,294368.2700417451,11711.973651700035,0.04014209649550578,282960.9239409142,299082.73587199213,287971.2896377959,297237.420229678,236309.17261151024,238083.8633709545,9063.257532493873,0.038353388623613746,229221.93745053647,241490.0639845818,233690.2098673846,240562.32066509296,35.61558584302775,35.93362671408021,1.4296842836547892,0.04014209649550577,34.54112841075613,36.50912303124905,35.15274531711376,36.28386477413061,28.122009983174628,27.829097442640744,1.145677852318843,0.04073954361741216,27.390428864776176,28.951275588988153,27.56069400636972,28.447280333954737,3.5152512478968285,3.478637180330093,0.14320973153985536,0.04073954361741216,3.423803608097022,3.618909448623519,3.445086750796215,3.555910041744342,4096.0,8192.0
libVentra_deque_concurrent_deque_benchmark.json,deque,std::deque + mutex,ConcurrentSteadyPushFrontPopBack,operations_per_thread,512.0,12,30,30,51695.26546884856,51772.2524128021,308.37638819489035,0.005965273326253005,51539.296810649306,51904.82349229523,51595.444738372535,51830.648680914535,620343.1856261828,621267.0289536252,3700.516658338682,0.005965273326253,618471.5617277917,622857.8819075428,619145.3368604705,621967.7841709744,484790.58273564256,486560.0670193867,6209.429903664475,0.012808478804652218,480121.3789314987,489507.7191725383,483348.7611074324,488461.9746472656,50.483657684422425,50.558840246877054,0.30114881659657267,0.005965273326253006,50.33134454164971,50.68830419169456,50.38617650231693,50.61586785245561,19.80907622352231,19.778937455816838,0.11893915015792436,0.006004275455141614,19.728422958607034,19.868334793165577,19.75665076416975,19.846713843759623,1.650756351960193,1.6482447879847366,0.0099115958464937,0.006004275455141615,1.6440352465505863,1.6556945660971314,1.6463875636808123,1.6538928203133019,6144.0,12288.0
libVentra_deque_concurrent_deque_benchmark.json,deque,std::deque + mutex,ConcurrentSteadyPushFrontPopBack,operations_per_thread,512.0,16,30,30,51494.341600802865,51559.49135956337,341.15310095856796,0.0066250599649039675,51479.39765529601,51638.61511773384,51512.78124086979,51628.71402045325,823909.4656128458,824951.8617530139,5458.449615337087,0.0066250599649039675,823670.3624847361,826217.8418837414,824204.4998539166,826059.424327252,525616.1633782131,527489.62112116,5653.681966782043,0.010756293966389828,524510.7914959209,528833.5489242047,526336.4029566732,528389.4389637174,50.28744296953405,50.35106578082361,0.3331573251548511,0.006625059964903959,50.272849272750015,50.428335075911946,50.30545043053691,50.418666035598875,19.886539616696197,19.8605556246807,0.13423430392941205,0.006750008121911395,19.83012131159291,19.891453712645713,19.83392419239213,19.878561702346076,1.2429087260435123,1.2412847265425437,0.008389643995588253,0.006750008121911395,1.239382581974557,1.243215857040357,1.239620262024508,1.2424101063966297,8192.0,16384.0
libVentra_deque_concurrent_deque_benchmark.json,deque,std::deque + mutex,ConcurrentSteadyPushFrontPopBack,operations_per_thread,512.0,24,30,30,50292.12834095141,50344.216514828186,275.02544552667086,0.005468558492139329,50177.9434539151,50437.589405176775,50205.514333505744,50415.483706542946,1207011.0801828338,1208261.1963558765,6600.610692640086,0.005468558492139317,1204270.6428939623,1210502.1457242426,1204932.344004138,1209971.6089570308,592893.4013792014,594399.4571718993,5515.596318905287,0.009302846525319371,590765.5239184252,595957.1705502109,591876.405197439,595695.8016114777,49.11340658296036,49.16427394026191,0.2685795366471399,0.005468558492139337,49.001897904213955,49.255458403492945,49.02882259131421,49.233870807170845,20.361631526846683,20.33997294699789,0.11204307682590009,0.005502657126378699,20.302318527281884,20.407373280223506,20.311220381816057,20.396166371845013,0.848401313618612,0.8474988727915787,0.004668461534412504,0.005502657126378698,0.8459299386367453,0.8503072200093127,0.8463008492423356,0.8498402654935422,12288.0,24576.0
libVentra_deque_concurrent_deque_benchmark.json,deque,std::deque + mutex,ConcurrentSteadyPushFrontPopBack,operations_per_thread,512.0,32,30,30,48985.15919887522,48971.07522516043,350.30926882127227,0.00715133470117039,48771.41334498813,49189.44893409847,48847.68664710972,49136.37698296773,1567525.094364007,1567074.4072051337,11209.896602280713,0.00715133470117039,1560685.22703962,1574062.3658911511,1563125.972707511,1572364.0634549675,591321.8427492655,591684.9491675757,4343.185116147253,0.00734487516299794,587820.6486421933,594791.7648745006,589397.135371167,593908.0314546779,47.83706953015158,47.82331564957074,0.34209889533327376,0.0071513347011703905,47.62833334471497,48.03657122470554,47.70281899131808,47.98474314742943,20.90532410971596,20.91030456085271,0.14951889146141714,0.007152191981177022,20.81747253737651,20.995905793357107,20.839973724835477,20.963126478553978,0.6532913784286237,0.6534470175266471,0.004672465358169286,0.007152191981177022,0.6505460167930159,0.6561220560424096,0.6512491789011087,0.6550977024548118,16384.0,32768.0
libVentra_deque_concurrent_deque_benchmark.json,deque,std::deque + mutex,ConcurrentSteadyPushFrontPopBack,operations_per_thread,512.0,48,30,30,49121.44122787719,49119.11540913554,250.56395364515586,0.005100908022685557,48947.217248393135,49288.40229204218,49017.14430403527,49256.92330525664,2357829.1789381052,2357717.5396385062,12027.069774967464,0.00510090802268555,2349466.4279228705,2365843.3100180244,2352822.926593693,2364332.318652319,596289.6696681607,596679.4305089205,3839.7521109731606,0.006439407399276276,594784.3344169172,598576.0473643745,595733.8466163283,598170.4494547135,47.97015744909882,47.967886141733935,0.24469136098159702,0.0051009080226855465,47.80001684413392,48.13320536332244,47.86830498440945,48.10246416528969,20.846818692785252,20.847281679801576,0.10643427784030361,0.005105540533968322,20.77567850434523,20.920494788495766,20.78895641028479,20.89065337299057,0.4343087227663595,0.43431836832919957,0.0022173807883396623,0.005105540533968329,0.43282663550719236,0.43584364142699517,0.4331032585475998,0.43522194527063685,24576.0,49152.0
libVentra_deque_concurrent_deque_benchmark.json,deque,std::deque + mutex,ConcurrentSteadyPushFrontPopBack,operations_per_thread,512.0,64,30,30,49340.078633157995,49345.75463166162,340.1173519477576,0.006893328129379766,49162.03282340396,49554.68846005028,49200.763001487736,49432.21549312469,3157765.0325221117,3158128.2964263437,21767.510524656485,0.006893328129379766,3146370.1006978536,3171500.061443218,3148848.832095215,3163661.7915599803,598887.4202826142,599113.1120645432,4360.723396366092,0.0072813741759816435,596870.2535220627,601658.4026959899,597672.8714139238,600513.4457607565,48.18367054019336,48.18921350748205,0.33214585151148296,0.006893328129379785,48.00979767910543,48.393250449267846,48.04762011864037,48.27364794250458,20.754872823190404,20.75155063152931,0.1431349764021258,0.0068964516247092735,20.664039937153003,20.829081749166892,20.715235807663085,20.81268552965198,0.32429488786235006,0.32424297861764545,0.0022364840062832157,0.0068964516247092735,0.3228756240180157,0.3254544023307327,0.3236755594947357,0.3251982114008122,32768.0,65536.0
libVentra_deque_concurrent_deque_benchmark.json,deque,std::deque + mutex,ConcurrentSteadyPushFrontPopBack,operations_per_thread,2048.0,1,30,30,23635.331725803346,23608.99295721935,156.73310938794293,0.006631305674327941,23481.34246094655,23818.0305520098,23495.14135753851,23804.910020790452,23635.331725803346,23608.99295721935,156.73310938794293,0.006631305674327941,23481.34246094655,23818.0305520098,23495.14135753851,23804.910020790452,23434.51310170612,23410.642028315662,67.5224794387399,0.00288132632180969,23385.026829426508,23449.94364141884,23386.437487438176,23426.70648601598,5.7703446596199575,5.7639142961961305,0.038264919284165706,0.006631305674327933,5.732749624254528,5.814948865236768,5.7361184954928,5.811745610544544,173.30723096119408,173.4932169166168,1.147758678746875,0.0066226819987901964,171.9705599258376,174.43636429222028,172.06534548047824,174.3339257622562,173.30723096119408,173.4932169166168,1.147758678746875,0.0066226819987901964,171.9705599258376,174.43636429222028,172.06534548047824,174.3339257622562,2048.0,4096.0
libVentra_deque_concurrent_deque_benchmark.json,deque,std::deque + mutex,ConcurrentSteadyPushFrontPopBack,operations_per_thread,2048.0,2,30,30,114299.3789246534,111797.57812495803,5062.814848145855,0.04429433384308485,110530.99897402845,119785.7858269884,110997.52454240939,117396.39046711568,228598.7578493068,223595.15624991606,10125.62969629171,0.04429433384308485,221061.9979480569,239571.5716539768,221995.04908481878,234792.78093423136,226647.2753156528,220906.0170454831,11003.836619853482,0.04855049152710256,218434.4565971925,238845.05445076915,219281.14867429214,233530.70296725468,27.90512180777671,27.294330596913582,1.236038781285609,0.04429433384308485,26.985107171393665,29.244576617917094,27.099005015236667,28.661228141385664,35.90231124037109,36.63770006528077,1.5558330941792962,0.04333517928031908,34.19473860863653,37.0574974484087,34.89062078615644,36.90172764486425,17.951155620185546,18.318850032640384,0.7779165470896481,0.04333517928031908,17.097369304318264,18.52874872420435,17.44531039307822,18.450863822432126,4096.0,8192.0
libVentra_deque_concurrent_deque_benchmark.json,deque,std::deque + mutex,ConcurrentSteadyPushFrontPopBack,operations_per_thread,2048.0,4,30,30,102411.4441597839,102239.42914452634,861.2289767801175,0.00840949938599064,101767.77729303934,102882.8337749665,101995.41401635791,102579.43492336749,409645.7766391356,408957.71657810535,3444.91590712047,0.00840949938599064,407071.10917215736,411531.335099866,407981.65606543166,410317.73969346995,363414.3045936521,362818.3462897399,3462.7460236806983,0.009528370182215397,361702.17329212296,364841.1060806903,361938.0690518272,363966.53901654924,25.002793984322242,24.960798130987875,0.2102609806592087,0.008409499385990653,24.845648753183433,25.117879339591425,24.901224125087378,25.043807354337766,39.9982493175721,40.06283027002132,0.33451772989713974,0.008363309284893596,39.812295276791225,40.24849622538776,39.930030839611646,40.158676835955234,9.999562329393026,10.01570756750533,0.08362943247428493,0.008363309284893596,9.953073819197806,10.06212405634694,9.982507709902912,10.039669208988808,8192.0,16384.0
libVentra_deque_concurrent_deque_benchmark.json,deque,std::deque + mutex,ConcurrentSteadyPushFrontPopBack,operations_per_thread,2048.0,8,30,30,145941.7321920174,145689.97904439908,3793.1531831587126,0.025990874071358923,143490.87498578642,148858.49433105864,144010.17210047736,148200.51841706125,1167533.8575361392,1165519.8323551926,30345.2254652697,0.025990874071358923,1147926.9998862913,1190867.954648469,1152081.3768038189,1185604.14733649,946744.7164260034,946530.4855596586,23507.762764384643,0.02483009659998666,934061.5509928641,964489.9302797678,935306.8515342663,959224.1177798398,35.63030571094175,35.5688425401365,0.9260627888571081,0.025990874071358937,35.03195190082677,36.34240584254361,35.1587334229681,36.181767191665344,28.084455428378853,28.11449817644209,0.7351142060895963,0.02617512765965105,27.516072261108334,28.545379957758588,27.638462562609874,28.44243813294017,3.5105569285473566,3.5143122720552613,0.09188927576119954,0.02617512765965105,3.439509032638542,3.5681724947198235,3.4548078203262342,3.555304766617521,16384.0,32768.0
libVentra_deque_concurrent_deque_benchmark.json,deque,std::deque + mutex,ConcurrentSteadyPushFrontPopBack,operations_per_thread,2048.0,12,30,30,206786.7488078592,206966.17392363554,1617.5658756047928,0.00782238651620657,205968.09119799294,207801.63423618584,206463.68156260706,207581.00440951288,2481440.985694311,2483594.0870836265,19410.790507257487,0.007822386516206557,2471617.0943759154,2493619.61083423,2477564.1787512847,2490972.0529141547,1938728.4638888526,1948316.2241665404,28831.127347865695,0.014871152863786801,1935491.534374882,1953561.778749925,1943638.610833236,1951658.1183332086,50.48504609566875,50.528851055575075,0.3949135438488265,0.007822386516206573,50.28517851513499,50.73282085844381,50.40617225649586,50.67895615466623,19.80903486097117,19.79067557428592,0.1572896276894076,0.007940297384165249,19.711108883596637,19.88658761430316,19.732055999289496,19.838855084627777,1.6507529050809309,1.6492229645238268,0.013107468974117296,0.007940297384165245,1.6425924069663864,1.6572156345252633,1.6443379999407917,1.6532379237189816,24576.0,49152.0
libVentra_deque_concurrent_deque_benchmark.json,deque,std::deque + mutex,ConcurrentSteadyPushFrontPopBack,operations_per_thread,2048.0,16,30,30,205614.59738496857,205587.14062471443,509.0860116471517,0.002475923490461132,205194.3746204346,205892.84242090434,205292.30985961217,205796.9378255938,3289833.558159497,3289394.249995431,8145.376186354427,0.002475923490461132,3283109.9939269535,3294285.4787344695,3284676.9577537947,3292751.005209501,2104112.38078704,2105199.7618634617,11961.663424194032,0.0056848976002507,2102352.247685211,2111118.6061920463,2104272.7418982917,2110691.285879489,50.1988763146896,50.19217300408067,0.1242885770622943,0.0024759234904611596,50.09628286631703,50.2668072316661,50.12019283681937,50.24339302382661,19.9208825922305,19.923425380793148,0.04928480785879351,0.0024740273243724384,19.893843879788523,19.961560874177813,19.903114826331752,19.952038161829577,1.2450551620144064,1.2452140862995718,0.0030803004911745943,0.0024740273243724384,1.2433652424867827,1.2475975546361133,1.2439446766457345,1.2470023851143486,32768.0,65536.0
libVentra_deque_concurrent_deque_benchmark.json,deque,std::deque + mutex,ConcurrentSteadyPushFrontPopBack,operations_per_thread,2048.0,24,30,30,198903.43013148085,200528.85422612887,4288.623083979734,0.021561332960144685,198839.4797729917,201141.27173110293,199218.76165334194,200926.87783011975,4773682.323155539,4812692.5014270935,102926.95401551366,0.021561332960144702,4772147.514551802,4827390.52154647,4781250.279680207,4822245.067922874,2307174.179071536,2366214.6332762493,146831.80452182936,0.06364140421375473,2311494.85930375,2373074.435216932,2336315.405536484,2371101.772830864,48.56040774694357,48.957239801301,1.0470271201122399,0.02156133296014469,48.54479486645305,49.1067557937263,48.63739298177293,49.05441353274408,20.602718311462418,20.42598816043954,0.4709437302391744,0.022858329814525624,20.36379687213499,20.599533622783895,20.385527070643345,20.56033860742685,0.858446596310934,0.8510828400183142,0.019622655426632257,0.022858329814525614,0.848491536338958,0.858313900949329,0.849396961276806,0.856680775309452,49152.0,98304.0
libVentra_deque_concurrent_deque_benchmark.json,deque,std::deque + mutex,ConcurrentSteadyPushFrontPopBack,operations_per_thread,2048.0,32,30,30,195299.45555326084,195589.6964004236,1625.7785390844454,0.008324542096027877,194297.53896399742,196364.9936651351,194827.73061431537,196172.41327439746,6249582.577704347,6258870.284813555,52024.91325070225,0.008324542096027877,6217521.246847917,6283679.797284323,6234487.379658092,6277517.224780719,2357028.7460891996,2360237.125000052,23009.94370401886,0.009762266897337226,2350676.497121823,2374198.419818991,2352584.1326755453,2371641.9322917406,47.68053114093282,47.751390722759666,0.3969185886436636,0.00832454209602788,47.43592259863218,47.94067228152712,47.565363919510595,47.89365558456969,20.974333913650135,20.941798620075172,0.17562684696235142,0.008373417133788127,20.859117379536322,21.08107175631016,20.879593126408892,21.0237291556303,0.6554479348015667,0.6544312068773491,0.005488338967573482,0.008373417133788127,0.6518474181105101,0.6587834923846925,0.6524872852002779,0.6569915361134469,65536.0,131072.0
libVentra_deque_concurrent_deque_benchmark.json,deque,std::deque + mutex,ConcurrentSteadyPushFrontPopBack,operations_per_thread,2048.0,48,30,30,195808.68326517227,195653.3659825136,1264.069357764658,0.0064556348405285105,194811.97359854786,196430.89050211507,195473.08536069604,195994.5051283578,9398816.796728266,9391361.567160653,60675.32917270369,0.0064556348405285235,9350974.732730296,9428682.744101522,9382708.09731341,9407736.246161174,2382765.746600883,2385505.564693049,18063.57174453678,0.007580926396270903,2371888.026726999,2395861.444901238,2379364.4133770997,2392783.735745606,47.8048543127862,47.76693505432461,0.30861068304801254,0.0064556348405285175,47.561516991832974,47.95676037649294,47.722921230638676,47.85022097860297,20.919218221527384,20.934984883207576,0.13468866620335912,0.006438513369718318,20.852130376931676,21.025467603322696,20.898545075626018,20.95429148699634,0.4358170462818205,0.43614551840015786,0.0028060138792366384,0.006438513369718295,0.4344193828527433,0.4380305750692228,0.43538635574220874,0.43654773931242374,98304.0,196608.0
libVentra_deque_concurrent_deque_benchmark.json,deque,std::deque + mutex,ConcurrentSteadyPushFrontPopBack,operations_per_thread,2048.0,64,30,30,197143.50171124208,197253.87533256764,1215.9945740758394,0.006168068252419083,196302.3084211131,197824.8143878691,196613.6029179174,197668.14402194327,12617184.109519493,12624248.021284329,77823.65274085372,0.006168068252419083,12563347.738951238,12660788.120823622,12583270.586746713,12650761.21740437,2393033.539870672,2394976.660560229,14953.104185946582,0.006248597830665884,2382499.6763201747,2401569.393588307,2388128.728987154,2400862.7645474225,48.13073772247121,48.15768440736515,0.2968736753114841,0.006168068252419081,47.92536826687332,48.29707382516335,48.00136789988218,48.25882422410726,20.77750798389511,20.765120656888833,0.12819361179273228,0.006169826135650948,20.70518833292114,20.8657762002589,20.72160330910261,20.832781838562685,0.3246485622483611,0.324455010263888,0.002003025184261442,0.006169826135650948,0.3235185677018928,0.3260277531290453,0.32377505170472826,0.32551221622754195,131072.0,262144.0
libVentra_deque_concurrent_deque_benchmark.json,deque,std::deque + mutex,ConcurrentSteadyPushFrontPopBack,operations_per_thread,8192.0,1,30,30,93956.9383101003,93946.42642322012,260.37679108965585,0.0027712353741274,93725.23408968569,94075.46609835439,93772.35767981037,94048.21576241651,93956.9383101003,93946.42642322012,260.37679108965585,0.0027712353741274,93725.23408968569,94075.46609835439,93772.35767981037,94048.21576241651,93691.50060865274,93680.6875671467,234.56381595979235,0.0025035762522318864,93496.47542962327,93794.18085385136,93524.61291625061,93763.65494096525,5.734676410528583,5.734034815870369,0.015892138128030787,0.002771235374127406,5.720534307231793,5.741910772604639,5.723410502918114,5.740247544092805,174.37904528792438,174.39727887211296,0.48153771027672515,0.0027614425201241267,174.15805377055483,174.8088459204943,174.20851837627674,174.7210379179209,174.37904528792438,174.39727887211296,0.48153771027672515,0.0027614425201241267,174.15805377055483,174.8088459204943,174.20851837627674,174.7210379179209,8192.0,16384.0
libVentra_deque_concurrent_deque_benchmark.json,deque,std::deque + mutex,ConcurrentSteadyPushFrontPopBack,operations_per_thread,8192.0,2,30,30,468476.7195779488,472863.00566702266,15931.525877089187,0.03400708127277256,457786.9104999384,478858.6276675536,463978.7416666271,475456.2506665631,936953.4391558976,945726.0113340453,31863.051754178374,0.03400708127277256,915573.8209998768,957717.2553351072,927957.4833332542,950912.5013331262,932342.2805778023,943260.2313334343,34555.12309748164,0.037062700917163946,906560.4276665212,955100.6360001318,921869.093999773,948488.2786665367,28.593549778927535,28.861267435731364,0.9723831712090569,0.03400708127277257,27.941095611568507,29.227211161349704,28.319014994300968,29.019546549472846,35.01266582698505,34.64853046519114,1.2097176084984809,0.03455085695206117,34.21506825752678,35.78987542077295,34.45953224304139,35.313635320406306,17.506332913492525,17.32426523259557,0.6048588042492404,0.03455085695206117,17.10753412876339,17.894937710386476,17.229766121520694,17.656817660203153,16384.0,32768.0
libVentra_deque_concurrent_deque_benchmark.json,deque,std::deque + mutex,ConcurrentSteadyPushFrontPopBack,operations_per_thread,8192.0,4,30,30,407182.4375193849,407033.8063665582,2133.5781236134876,0.005239857928577564,406016.5595789519,408053.67888422776,406366.9905080532,407901.1327390749,1628729.7500775396,1628135.2254662327,8534.31249445395,0.005239857928577564,1624066.2383158077,1632214.715536911,1625467.9620322129,1631604.5309562995,1437835.1034656144,1438175.9935746314,8268.526279448251,0.005750677709508288,1432924.685163118,1440815.8942756378,1434701.9065421778,1440049.5257011175,24.852443696251523,24.843371970615124,0.13022327414633125,0.005239857928577572,24.781284153988764,24.905620049086167,24.802672760501295,24.896309371281426,40.23855601505446,40.25219098233711,0.21010508746000306,0.005221486759649038,40.15158082051675,40.35303391896751,40.16659630826463,40.31823934763261,10.059639003763616,10.063047745584278,0.052526271865000765,0.005221486759649038,10.037895205129187,10.088258479741878,10.041649077066158,10.079559836908153,32768.0,65536.0
libVentra_deque_concurrent_deque_benchmark.json,deque,std::deque + mutex,ConcurrentSteadyPushFrontPopBack,operations_per_thread,8192.0,8,30,30,582641.9742854083,585472.574719312,21249.594784904886,0.036471101847694434,566674.2733376978,593976.3594745146,574180.5233373845,591008.7263619091,4661135.794283266,4683780.597754496,169996.7582792391,0.036471101847694434,4533394.186701583,4751810.875796117,4593444.186699076,4728069.8108952725,3779878.4267094163,3794636.306891402,128478.93267952162,0.03399022883161068,3690149.2772436487,3854932.5108173545,3731438.3124998882,3828037.4927880503,35.561643938318376,35.73441007808301,1.2969723379458546,0.03647110184769443,34.5870528160216,36.25343990933317,35.04519795760403,36.072309958612614,28.156313031816605,27.984270214712218,1.0258167412054415,0.036432921456948916,27.583679512388844,28.912553791280434,27.72209752667527,28.537052513529794,3.5195391289770757,3.4980337768390273,0.1282270926506802,0.036432921456948916,3.4479599390486055,3.6140692239100543,3.465262190834409,3.5671315641912242,65536.0,131072.0
libVentra_deque_concurrent_deque_benchmark.json,deque,std::deque + mutex,ConcurrentSteadyPushFrontPopBack,operations_per_thread,8192.0,12,30,30,824834.245773942,826764.9380946923,6127.666008179642,0.007428966534276293,822896.0405759492,828511.8152285137,825292.4112101692,827968.533234352,9898010.949287307,9921179.257136308,73531.99209815556,0.007428966534276277,9874752.48691139,9942141.782742165,9903508.934522029,9935622.398812223,7750781.791666748,7794040.401190644,92668.4063568197,0.011956007645119377,7690645.643452916,7813793.748809851,7750757.185714309,7801919.992411192,50.34388707116345,50.46172717863112,0.37400305225705804,0.007428966534276289,50.2255884140594,50.56834809744346,50.37185127015192,50.53518879604199,19.864456200838003,19.81700157963731,0.14920326733443148,0.007511067296578558,19.775215875443838,19.91017612409389,19.78819924416583,19.852358930668714,1.6553713500698337,1.6514167983031092,0.012433605611202618,0.007511067296578555,1.6479346562869868,1.6591813436744909,1.6490166036804859,1.654363244222393,98304.0,196608.0
libVentra_deque_concurrent_deque_benchmark.json,deque,std::deque + mutex,ConcurrentSteadyPushFrontPopBack,operations_per_thread,8192.0,16,30,30,824296.457301224,824722.4231770593,2947.131112766471,0.003575329102366257,822591.5102718351,826473.3212168807,822995.1700668733,825961.6844612681,13188743.316819584,13195558.770832948,47154.09780426353,0.003575329102366257,13161464.164349362,13223573.139470091,13167922.721069973,13215386.95138029,8414654.513348851,8438217.298611492,65970.26403152866,0.007839925445171238,8421686.757523187,8453153.071180573,8426196.729166625,8448279.46412002,50.31106306770167,50.337061961490434,0.17987860795693608,0.00357532910236622,50.20700135936494,50.44392829692875,50.231638798026935,50.4127004676067,19.87659043687841,19.866078021251727,0.07128506233620041,0.003586382813620807,19.823991581810137,19.91754117263153,19.83627252687066,19.907773167928823,1.2422869023049006,1.241629876328233,0.004455316396012526,0.003586382813620807,1.2389994738631336,1.2448463232894706,1.2397670329294161,1.2442358229955515,131072.0,262144.0
libVentra_deque_concurrent_deque_benchmark.json,deque,std::deque + mutex,ConcurrentSteadyPushFrontPopBack,operations_per_thread,8192.0,24,30,30,802072.1494887669,803463.5324556037,5605.8971844232465,0.006989267970464242,800903.639829257,805081.7484564398,801774.6205149549,804782.9891017359,19249731.587730408,19283124.778934486,134541.53242615788,0.00698926797046424,19221687.35590217,19321961.962954555,19242590.89235892,19314791.73844166,9448048.023456855,9478419.79282381,95988.9306150419,0.01015965735744868,9390307.535879321,9505706.70775509,9445750.393517792,9496320.972222093,48.954598967820246,49.03952224460471,0.34215681057270964,0.006989267970464278,48.88327879817243,49.138290311062,48.93643924041473,49.120055487166496,20.428068274336095,20.391715794351555,0.14480313257534771,0.007088439818720636,20.35072849820512,20.456892924316328,20.35828416042115,20.43467086800014,0.8511695114306705,0.849654824764648,0.006033463857306146,0.007088439818720626,0.8479470207585468,0.8523705385131803,0.8482618400175479,0.8514446195000058,196608.0,393216.0
libVentra_deque_concurrent_deque_benchmark.json,deque,std::deque + mutex,ConcurrentSteadyPushFrontPopBack,operations_per_thread,8192.0,32,30,30,782643.7871371589,783268.1666780798,4792.192921421853,0.0061230830681621665,779963.9951869354,785666.277308599,780970.8834748566,784863.7309222361,25044601.188389085,25064581.333698552,153350.17348549928,0.0061230830681621665,24958847.845981933,25141320.873875167,24991068.27119541,25115639.389511555,9434185.665252944,9460245.616071332,78292.05409484795,0.008298761215099409,9357816.693080382,9492374.31250028,9391835.643973129,9481284.475446232,47.768785836008234,47.80689493884764,0.292492243739127,0.006123083068162173,47.60522431560885,47.953263995886175,47.666679899588416,47.90428045179664,20.93493276357411,20.917484850418496,0.12845942190853726,0.006136127751604303,20.853637861408046,21.006099687655208,20.87496428906111,20.979015567492937,0.654216648861691,0.653671401575578,0.0040143569346417895,0.006136127751604303,0.6516761831690014,0.6564406152392253,0.6523426340331597,0.6555942364841543,262144.0,524288.0
libVentra_deque_concurrent_deque_benchmark.json,deque,std::deque + mutex,ConcurrentSteadyPushFrontPopBack,operations_per_thread,8192.0,48,30,30,781466.9127691307,783583.634179763,6681.455455932077,0.008549889121033053,774818.5166992864,786583.5412433636,778363.568315912,785733.7962456986,37510411.81291827,37612014.440628625,320709.86188473954,0.008549889121033051,37191288.801565744,37756009.979681455,37361451.27916378,37715222.21979353,9524075.799791776,9542292.054166859,78627.61169781684,0.008255668408218241,9502283.895832999,9575907.805729752,9508255.426041637,9570144.086458806,47.69695512506901,47.82614954710468,0.40780367773022863,0.00854988912103304,47.29116923213418,48.00924934346702,47.50754201146924,47.95738502476188,20.96718587106503,20.909068959829302,0.179917042606341,0.008580886520142347,20.82931991485334,21.145599372935543,20.85184766562618,21.049292684787886,0.4368163723138547,0.43560560332977716,0.0037482717209654493,0.008580886520142376,0.4339441648927779,0.4405333202694905,0.4344134930338788,0.438526930933081,393216.0,786432.0
libVentra_deque_concurrent_deque_benchmark.json,deque,std::deque + mutex,ConcurrentSteadyPushFrontPopBack,operations_per_thread,8192.0,64,30,30,789974.9890334415,791330.0388531855,4067.541782750517,0.005148950079707306,786964.664411067,792984.5114573414,788646.9304721239,792131.4095980912,50558399.29814026,50645122.48660387,260322.6740960331,0.005148950079707306,50365738.52230829,50751008.73326985,50473403.55021593,50696410.21427783,9586231.584747082,9599193.454240888,57237.01766264433,0.0059707526525559565,9544443.215401797,9629481.185268177,9565036.805803526,9619353.487723835,48.21624688924815,48.29895256672273,0.2482630482635828,0.005148950079707336,48.03251125555828,48.399933560628746,48.13518862744897,48.347864355352236,20.740430523635712,20.704383288685484,0.10716843009116211,0.005167126592142501,20.661187814810894,20.819232275258337,20.68344168481831,20.77490336629549,0.324069226931808,0.3235059888857107,0.001674506720174408,0.005167126592142501,0.3228310596064202,0.3253005043009115,0.3231787763252861,0.32460786509836703,524288.0,1048576.0
libVentra_deque_concurrent_deque_benchmark.json,deque,std::deque + mutex,ConstructDestroy,,,1,30,30,14.729517165955825,14.734287533032294,0.024941335253557503,0.0016932893979175465,14.731939840503763,14.739608549429587,14.732399102048344,14.73817853498776,14.729517165955825,14.734287533032294,0.024941335253557503,0.0016932893979175465,14.731939840503763,14.739608549429587,14.732399102048344,14.73817853498776,14.469797988765237,14.461291368270093,0.02735351981868161,0.0018903871249563858,14.460377716655636,14.466611988246658,14.460502945152786,14.463458128844216,14.729517165955825,14.734287533032292,0.02494133525355806,0.001693289397917584,14.731939840503763,14.739608549429587,14.732399102048344,14.73817853498776,67.89107738316005,67.86890769031884,0.11570898761979755,0.0017043327647720968,67.84440690317649,67.87972329873995,67.85098971113158,67.87760726409253,67.89107738316005,67.86890769031884,0.11570898761979755,0.0017043327647720968,67.84440690317649,67.87972329873995,67.85098971113158,67.87760726409253,1.0,1.0
libVentra_deque_concurrent_deque_benchmark.json,deque,std::deque + mutex,PushBackPopFront,operations,512.0,1,30,30,6147.60153221505,6132.269364520103,25.118028845766037,0.004085825783297918,6125.6130008779055,6177.804426312045,6126.870450126902,6166.576151800942,6147.60153221505,6132.269364520103,25.118028845766037,0.004085825783297918,6125.6130008779055,6177.804426312045,6126.870450126902,6166.576151800942,6095.722237717346,6106.038781994853,23.420812283381842,0.003842171832972526,6066.815154453463,6110.522917032398,6084.4360988524195,6109.568684908361,6.0035171213037595,5.9885443012891635,0.02452932504469324,0.004085825783297892,5.98204394616983,6.033012135070356,5.983271923952053,6.022047023243106,166.57171054937842,166.98551479333176,0.67967503456495,0.004080374946761849,165.75468075300873,167.16694325910993,166.05693102502772,167.1326357146113,166.57171054937842,166.98551479333176,0.67967503456495,0.004080374946761849,165.75468075300873,167.16694325910993,166.05693102502772,167.1326357146113,512.0,1024.0
libVentra_deque_concurrent_deque_benchmark.json,deque,std::deque + mutex,PushBackPopFront,operations,1024.0,1,30,30,12382.541558659519,12384.35716051035,9.954178102757185,0.0008038881239042481,12380.554105604333,12388.48699453397,12382.484266288933,12387.278315374864,12382.541558659519,12384.35716051035,9.954178102757185,0.0008038881239042481,12380.554105604333,12388.48699453397,12382.484266288933,12387.278315374864,12153.968905762807,12155.014656547966,8.72089745112921,0.0007175349483570091,12153.533312732234,12159.264100298822,12154.198763915567,12157.02357407748,6.046162870439218,6.047049394780444,0.004860438526737044,0.0008038881239042707,6.045192434377117,6.04906591529979,6.046134895648893,6.048475739929133,165.39425862356765,165.3699076565145,0.13312422894147152,0.0008048902667441332,165.31477983951595,165.4207059906388,165.33091196204316,165.39492116980676,165.39425862356765,165.3699076565145,0.13312422894147152,0.0008048902667441332,165.31477983951595,165.4207059906388,165.33091196204316,165.39492116980676,1024.0,2048.0
libVentra_deque_concurrent_deque_benchmark.json,deque,std::deque + mutex,PushBackPopFront,operations,2048.0,1,30,30,24813.740917318042,24853.812937843373,171.03157394700543,0.006892615447098459,24645.28189774383,24977.133023599603,24653.396211597817,24927.22337381284,24813.740917318042,24853.812937843373,171.03157394700543,0.006892615447098459,24645.28189774383,24977.133023599603,24653.396211597817,24927.22337381284,24517.39036931146,24532.75500357697,59.79097380764595,0.0024387168824658682,24475.987258762878,24553.810436019514,24515.302251616762,24549.017047869063,6.0580422161421,6.067825424278167,0.041755755358155684,0.00689261544709847,6.0169145258163645,6.097932867089747,6.0188955594721225,6.085747893997276,165.07741548786967,164.80368962556258,1.1384523635560857,0.006896475572939547,163.9900214572453,166.19814051906368,164.31834138025297,166.1434379301283,165.07741548786967,164.80368962556258,1.1384523635560857,0.006896475572939547,163.9900214572453,166.19814051906368,164.31834138025297,166.1434379301283,2048.0,4096.0
libVentra_deque_concurrent_deque_benchmark.json,deque,std::deque + mutex,PushBackPopFront,operations,4096.0,1,30,30,49905.33175057285,50093.84725395207,360.72198411907056,0.007228125161494993,49599.77130999284,50228.029533705754,49661.66611839269,50152.29676774346,49905.33175057285,50093.84725395207,360.72198411907056,0.007228125161494993,49599.77130999284,50228.029533705754,49661.66611839269,50152.29676774346,49338.850438594556,49298.711670479286,135.67993730794933,0.0027499614624546622,49245.80023595335,49388.664402151975,49263.08824373637,49346.87135298006,6.0919594422086,6.1149715886171965,0.04403344532703504,0.007228125161495003,6.054659583739359,6.131351261438691,6.062215102342858,6.122106539031185,164.15911023190486,163.5330603697007,1.1897402880739816,0.007247482557582428,163.0961916364093,165.16211324457566,163.34247006563436,164.95620573478436,164.15911023190486,163.5330603697007,1.1897402880739816,0.007247482557582428,163.0961916364093,165.16211324457566,163.34247006563436,164.95620573478436,4096.0,8192.0
libVentra_deque_concurrent_deque_benchmark.json,deque,std::deque + mutex,PushBackPopFront,operations,8192.0,1,30,30,99991.1526642147,99724.14857625958,634.8863750434331,0.006349425505429234,99510.56561885156,100503.14977451079,99535.59627856847,100498.29278254451,99991.1526642147,99724.14857625958,634.8863750434331,0.006349425505429234,99510.56561885156,100503.14977451079,99535.59627856847,100498.29278254451,98940.18650503337,99033.53340852237,323.060812245458,0.0032652132935793786,98612.68268962417,99233.34331832983,98668.27403444337,99173.6887510582,6.1029756264779484,6.08667899025022,0.03875038910177211,0.006349425505429244,6.073642921072483,6.134225450104418,6.075170671299345,6.133929002840851,163.86088445655247,164.29336295822674,1.0407349352339859,0.006351332343198328,163.0197664456036,164.64583340764347,163.02764508407353,164.6044306122392,163.86088445655247,164.29336295822674,1.0407349352339859,0.006351332343198328,163.0197664456036,164.64583340764347,163.02764508407353,164.6044306122392,8192.0,16384.0
libVentra_deque_concurrent_deque_benchmark.json,deque,std::deque + mutex,PushBackPopFront,operations,16384.0,1,30,30,200170.03674972785,200187.52038497414,397.6469275882729,0.0019865457090635897,199987.76387343337,200290.33720274028,200092.32955835553,200218.00679492587,200170.03674972785,200187.52038497414,397.6469275882729,0.0019865457090635897,199987.76387343337,200290.33720274028,200092.32955835553,200218.00679492587,196483.45798415426,196440.9852774102,363.7612279853034,0.0018513580314462885,196339.77802945935,196543.05365242902,196400.6998866949,196493.38703289162,6.108704734793941,6.109238292998478,0.012135221178841315,0.001986545709063586,6.103142208051555,6.1123760132672205,6.106333299510362,6.110168664395931,163.7014461590865,163.68652720641006,0.32387595012542575,0.0019784550333824193,163.60250277599698,163.85002485687286,163.66160329206934,163.76440773606885,163.7014461590865,163.68652720641006,0.32387595012542575,0.0019784550333824193,163.60250277599698,163.85002485687286,163.66160329206934,163.76440773606885,16384.0,32768.0
libVentra_deque_concurrent_deque_benchmark.json,deque,std::deque + mutex,PushBackPopFront,operations,32768.0,1,30,30,397549.12716489343,397605.43965514086,1885.417626064218,0.004742602856431864,395671.23189666664,399352.48505806725,395748.30747129116,399272.6551866624,397549.12716489343,397605.43965514086,1885.417626064218,0.004742602856431864,395671.23189666664,399352.48505806725,395748.30747129116,399272.6551866624,393209.8439080379,393145.1166664928,1378.0587996046904,0.0035046396242485334,391828.04224132816,394517.22557495144,391924.17873567756,394464.06034501747,6.066118273390098,6.066977533800367,0.02876918985083365,0.004742602856431905,6.037463865610758,6.093635331086231,6.038639945545825,6.092417223917578,164.8536506838071,164.82873136780952,0.7818299358446196,0.004742569743536869,164.1056524284768,165.6324616427527,164.13846394398155,165.6002031963856,164.8536506838071,164.82873136780952,0.7818299358446196,0.004742569743536869,164.1056524284768,165.6324616427527,164.13846394398155,165.6002031963856,32768.0,65536.0
libVentra_deque_concurrent_deque_benchmark.json,deque,std::deque + mutex,PushBackPopFront,operations,49152.0,1,30,30,596596.4458755993,598197.2805083217,2552.615340318736,0.004278629814115588,593675.7881349645,598680.1283898338,593874.5135593355,598552.328814148,596596.4458755993,598197.2805083217,2552.615340318736,0.004278629814115588,593675.7881349645,598680.1283898338,593874.5135593355,598552.328814148,589095.9477965429,587762.4084748385,2176.667035747538,0.0036949278702207225,587220.6525424898,591568.4728814979,587321.6220337226,591432.9686439964,6.068892882035312,6.085177414025084,0.025966546023750106,0.004278629814115579,6.03918241510991,6.090089196673928,6.041203954664463,6.08878915216215,164.77761951576045,164.33375572342274,0.7060363870068758,0.004284783267786835,164.20120752616666,165.58532783718584,164.23626685808804,165.52991878843815,164.77761951576045,164.33375572342274,0.7060363870068758,0.004284783267786835,164.20120752616666,165.58532783718584,164.23626685808804,165.52991878843815,49152.0,98304.0
libVentra_deque_concurrent_deque_benchmark.json,deque,std::deque + mutex,PushBackPopFront,operations,61440.0,1,30,30,747886.7513919438,748066.4250542135,2766.199749873677,0.0036986879961776447,747787.1707711176,748349.9079228904,747928.2890796212,748180.3244108551,747886.7513919438,748066.4250542135,2766.199749873677,0.0036986879961776447,747787.1707711176,748349.9079228904,747928.2890796212,748180.3244108551,734570.0957172747,733818.7034264547,1878.7933516703413,0.002557677426053921,733681.9839394683,734445.1343686342,733699.8126338664,734186.0663813042,6.086317963801625,6.087780151808378,0.02251139119363347,0.00369868799617765,6.085507574634745,6.090087141299564,6.086655998369314,6.088707067145631,164.3051254956006,164.26348770912773,0.608308815410211,0.0037023118638286113,164.2012629505209,164.32483050676254,164.23848252249454,164.29382657447655,164.3051254956006,164.26348770912773,0.608308815410211,0.0037023118638286113,164.2012629505209,164.32483050676254,164.23848252249454,164.29382657447655,61440.0,122880.0
libVentra_deque_concurrent_deque_benchmark.json,deque,std::deque + mutex,PushFrontPopBack,operations,512.0,1,30,30,6273.541567783655,6285.789821382781,23.89500843195875,0.0038088547232501217,6274.440539452673,6288.122502459448,6281.7052778035695,6287.8302037565345,6273.541567783655,6285.789821382781,23.89500843195875,0.0038088547232501217,6274.440539452673,6288.122502459448,6281.7052778035695,6287.8302037565345,6179.188046555091,6170.772659548464,16.691897114552216,0.0027013091345970577,6169.733233105804,6178.718611437168,6169.79514406367,6172.430113994775,6.126505437288726,6.138466622444122,0.02333496917183473,0.0038088547232501243,6.127383339309252,6.1407446313080545,6.134477810355049,6.14045918335599,163.22748820424061,162.90713326889994,0.6248141099176611,0.003827873091668567,162.84670020442593,163.2018250253961,162.85427061579276,163.0130985445944,163.22748820424061,162.90713326889994,0.6248141099176611,0.003827873091668567,162.84670020442593,163.2018250253961,162.85427061579276,163.0130985445944,512.0,1024.0
libVentra_deque_concurrent_deque_benchmark.json,deque,std::deque + mutex,PushFrontPopBack,operations,1024.0,1,30,30,12529.362003999562,12520.707911092566,39.59787050355635,0.003160405972061156,12498.371538663683,12540.685296551403,12503.714762357486,12528.04374824247,12529.362003999562,12520.707911092566,39.59787050355635,0.003160405972061156,12498.371538663683,12540.685296551403,12503.714762357486,12528.04374824247,12458.14273598899,12464.726038390054,41.62973432854958,0.0033415682586690806,12456.426946546393,12485.811161860336,12460.255691550754,12482.65254781948,6.11785254101541,6.113626909713167,0.019334897706814666,0.003160405972061163,6.1027204778631265,6.12338149245674,6.105329473807366,6.117208861446517,163.4576210345361,163.56902721671722,0.5148221885685296,0.003149575928673008,163.30846032765504,163.86134758503292,163.47324779156438,163.79134122958175,163.4576210345361,163.56902721671722,0.5148221885685296,0.003149575928673008,163.30846032765504,163.86134758503292,163.47324779156438,163.79134122958175,1024.0,2048.0
libVentra_deque_concurrent_deque_benchmark.json,deque,std::deque + mutex,PushFrontPopBack,operations,2048.0,1,30,30,25478.706625535826,25480.472232281554,71.51584556388555,0.002806886810031769,25453.479618891204,25522.200834836956,25466.5092922209,25492.505735057515,25478.706625535826,25480.472232281554,71.51584556388555,0.002806886810031769,25453.479618891204,25522.200834836956,25466.5092922209,25492.505735057515,25001.20690865157,25007.421633387065,68.15355416091951,0.0027260105646073926,24980.09584394429,25044.264410159623,24994.767912864343,25016.6815244987,6.2203873597499575,6.220818416084365,0.017459923233370284,0.002806886810031735,6.214228422580861,6.231006063192616,6.217409495171118,6.223756282973026,160.7629182464162,160.7505530771192,0.4517509093231651,0.002810044220712171,160.48775898532497,160.9210296557358,160.67467222127817,160.83869025823915,160.7629182464162,160.7505530771192,0.4517509093231651,0.002810044220712171,160.48775898532497,160.9210296557358,160.67467222127817,160.83869025823915,2048.0,4096.0
libVentra_deque_concurrent_deque_benchmark.json,deque,std::deque + mutex,PushFrontPopBack,operations,4096.0,1,30,30,50803.257048186664,50645.27167079998,277.7700440905903,0.005467563700239271,50611.05090622364,51043.292720310346,50629.654217184725,50818.36485892315,50803.257048186664,50645.27167079998,277.7700440905903,0.005467563700239271,50611.05090622364,51043.292720310346,50629.654217184725,50818.36485892315,50393.645597613904,50430.0162987612,123.66340097188501,0.0024539483005321682,50309.585952364636,50488.53128195274,50354.13791844633,50478.00643179536,6.201569463889974,6.1822841395019505,0.03390747608527711,0.005467563700239267,6.178106800076127,6.230870693397258,6.180377712058681,6.2034136790677685,161.2541405204233,161.7525137049168,0.8772538043785363,0.005440193979189201,160.49122717027362,161.86188299575463,161.20156606261943,161.80240863260622,161.2541405204233,161.7525137049168,0.8772538043785363,0.005440193979189201,160.49122717027362,161.86188299575463,161.20156606261943,161.80240863260622,4096.0,8192.0
libVentra_deque_concurrent_deque_benchmark.json,deque,std::deque + mutex,PushFrontPopBack,operations,8192.0,1,30,30,102135.56057803643,102188.43959536849,207.54417182180237,0.0020320461418844296,102140.25050580558,102216.43294797452,102158.31517332929,102214.27947986856,102135.56057803643,102188.43959536849,207.54417182180237,0.0020320461418844296,102140.25050580558,102216.43294797452,102158.31517332929,102214.27947986856,100320.51410403666,100276.31040467811,159.41824344149643,0.0015890891794690457,100253.83135830506,100325.54262995627,100261.40419079433,100310.79682080759,6.233859898561794,6.237087377647002,0.012667490955920575,0.002032046141884433,6.234146149035985,6.238795956297273,6.235248728840899,6.238664519034947,160.41490100503813,160.33124754425688,0.32817036372289166,0.0020457598494081596,160.2873386177504,160.4068907197578,160.29071557751175,160.37852599744062,160.41490100503813,160.33124754425688,0.32817036372289166,0.0020457598494081596,160.2873386177504,160.4068907197578,160.29071557751175,160.37852599744062,8192.0,16384.0
libVentra_deque_concurrent_deque_benchmark.json,deque,std::deque + mutex,PushFrontPopBack,operations,16384.0,1,30,30,202353.55805700825,201968.5238511911,813.3010021447058,0.00401920781603246,201843.64877828732,203308.35413023832,201883.3155903921,202106.24229202006,202353.55805700825,201968.5238511911,813.3010021447058,0.00401920781603246,201843.64877828732,203308.35413023832,201883.3155903921,202106.24229202006,200883.72689547206,201168.3833624427,664.7395083108792,0.003309075944497834,200097.32518900308,201376.452588648,200951.95927849656,201343.8333332662,6.175340516876473,6.163590205419651,0.024819976872091806,0.004019207816032453,6.159779320626444,6.2044785806347145,6.160989855663821,6.167793038696901,161.93691034160665,162.24310304272996,0.6486840482071521,0.004005782541106596,161.17461115532222,162.3434799384791,162.13254788795018,162.31158039092082,161.93691034160665,162.24310304272996,0.6486840482071521,0.004005782541106596,161.17461115532222,162.3434799384791,162.13254788795018,162.31158039092082,16384.0,32768.0
libVentra_deque_concurrent_deque_benchmark.json,deque,std::deque + mutex,PushFrontPopBack,operations,32768.0,1,30,30,404536.7248561286,403834.4562709547,2333.5342339784042,0.0057684113470991135,402803.605293627,406632.59810058784,403110.52934365754,406565.6588030837,404536.7248561286,403834.4562709547,2333.5342339784042,0.0057684113470991135,402803.605293627,406632.59810058784,403110.52934365754,406565.6588030837,400644.33651707636,400403.6547759366,1399.0128103488728,0.003491907117696755,399072.4936711056,401769.4421745661,399814.24223225086,401629.4142691024,6.172740552614267,6.162024784407878,0.035606906646399115,0.0057684113470991335,6.146295246789964,6.204721040353209,6.150978536127587,6.203699627732601,162.00780479113533,162.28433496652303,0.9339578824714309,0.0057648943745365454,161.16760039328545,162.6996361149662,161.1941374215724,162.57575966552236,162.00780479113533,162.28433496652303,0.9339578824714309,0.0057648943745365454,161.16760039328545,162.6996361149662,161.1941374215724,162.57575966552236,32768.0,65536.0
libVentra_deque_concurrent_deque_benchmark.json,deque,std::deque + mutex,PushFrontPopBack,operations,49152.0,1,30,30,611204.4057693995,611689.7893352043,1122.7095588988848,0.0018368806708544414,609974.7486895614,612041.0930952539,611298.4510478158,611932.2159087893,611204.4057693995,611689.7893352043,1122.7095588988848,0.0018368806708544414,609974.7486895614,612041.0930952539,611298.4510478158,611932.2159087893,599365.9238344029,599801.5279721578,918.8466778107768,0.0015330312272885274,598447.5472030386,599991.1193175347,599417.8986008172,599929.8260485693,6.217492734470616,6.222430311433964,0.011420792225127058,0.0018368806708544507,6.2049840158036424,6.226003958081604,6.218449412514403,6.224896402066948,160.83706231683382,160.708911726214,0.29586603053250543,0.0018395388865638275,160.61666659377363,161.1608190018361,160.64524444030695,160.81179387667447,160.83706231683382,160.708911726214,0.29586603053250543,0.0018395388865638275,160.61666659377363,161.1608190018361,160.64524444030695,160.81179387667447,49152.0,98304.0
libVentra_deque_concurrent_deque_benchmark.json,deque,std::deque + mutex,PushFrontPopBack,operations,61440.0,1,30,30,754399.7916487444,754449.5817003979,2033.5040925407156,0.0026955257875886773,754080.2184086007,754874.6770154656,754153.5642709844,754655.8333342943,754399.7916487444,754449.5817003979,2033.5040925407156,0.0026955257875886773,754080.2184086007,754874.6770154656,754153.5642709844,754655.8333342943,751609.3753812019,751987.9281045615,1690.3975688201047,0.002249037364605474,751709.2173205372,752376.7647063067,751768.0010893769,752332.8954240462,6.139321221099808,6.139726413577456,0.016548698669764782,0.0026955257875886517,6.1367205274137415,6.143185848107631,6.13731741756986,6.141404893671014,162.88559891994606,162.8737068680923,0.4384692624403716,0.002691884766656797,162.7819882501476,162.95348558591832,162.82919290579747,162.937638784506,162.88559891994606,162.8737068680923,0.4384692624403716,0.002691884766656797,162.7819882501476,162.95348558591832,162.82919290579747,162.937638784506,61440.0,122880.0
